time,gyro_x,gyro_y,gyro_z,gyro_abs,gyro_mag,gyro_x_filtered,gyro_y_filtered,gyro_z_filtered,gyro_mag_filtered,tilt_angle,phase
0.002250333317,0.1324370354,-0.09707519412,0.11864122,0.2025806031,0.2025806030745909,0.13249203633730386,-0.09717082325688098,0.11869820704512139,0.20252239705179775,0.0,Phase 1 - Calm Baseline
0.01223633322,0.1200408116,-0.101400435,0.1364537776,0.2081140987,0.20811409872732356,0.13070763034514796,-0.07484083854761911,0.11012905787821217,0.18408923930947424,0.07688393812864372,Phase 1 - Calm Baseline
0.02222233335,0.1183433086,-0.07412487268,0.125596866,0.1878142917,0.18781429175982056,0.12471256487289807,-0.05147858737456938,0.09861268792692673,0.16385272769326623,0.1515423436834349,Phase 1 - Calm Baseline
0.03220833326,0.1208741888,-0.03418724611,0.09324152023,0.156439504,0.15643950399258255,0.11094023763605411,-0.027168641968359768,0.08270850312262897,0.14151614918859173,0.2205457348905806,Phase 1 - Calm Baseline
0.04219433316,0.1096524298,0.008451296017,0.05614501238,0.1234801287,0.1234801286870128,0.08744519932240707,-0.003523537825723753,0.06316191109711203,0.11883282704612008,0.2788877591766348,Phase 1 - Calm Baseline
0.0521803333,0.0755680725,0.02739248797,0.02672189102,0.08470502605,0.08470502605062233,0.05479329453937637,0.016939228794315545,0.04236857108536426,0.09894493229217446,0.32116738915977167,Phase 1 - Calm Baseline
0.06216733321,0.02141295932,0.04320846871,0.01268010773,0.04986252828,0.04986252828675487,0.016366541708661617,0.03186991458920711,0.023181326216588676,0.08484609134812338,0.3431151880652627,Phase 1 - Calm Baseline
0.07215333334,-0.03606417775,0.04201889038,0.003652062034,0.05549368994,0.055493689935435325,-0.022349375849174895,0.03992753284146542,0.007829080294422787,0.07779876507006954,0.34299198200797026,Phase 1 - Calm Baseline
0.08213933324,-0.07760736346,0.03594955057,0.0009540135507,0.08553468999,0.08553468998746912,-0.05537904956885412,0.041036083552849385,-0.0025730351472358927,0.07662769100050257,0.32234395330174226,Phase 1 - Calm Baseline
0.09212533315,-0.09737787396,0.02959285118,-0.001070255181,0.1017808068,0.1017808067568917,-0.07810142942984775,0.036124519404594435,-0.007917678544623899,0.07832887713787372,0.28574649837336996,Phase 1 - Calm Baseline
0.1021113333,-0.09184995294,0.02532619983,-0.004435691983,0.09538084512,0.09538084512247391,-0.08850598396260553,0.026668740454855955,-0.00871514918406083,0.07956661454008239,0.23967216101293407,Phase 1 - Calm Baseline
0.1120983332,-0.08098904043,0.01706811972,-0.009346688166,0.08329409319,0.08329409318925847,-0.08739697684992115,0.014344582918618053,-0.00576625443228606,0.07808735304401318,0.19093369463394466,Phase 1 - Calm Baseline
0.1220843333,-0.07053879648,0.002066800836,-0.003951390274,0.07067960781,0.07067960780621248,-0.07766393529620126,0.000897323730865679,-6.03652128930694e-05,0.07331770703310683,0.14530177722480517,Phase 1 - Calm Baseline
0.1320703332,-0.05672433972,-0.01035782974,0.00360433571,0.05777479199,0.05777479199013338,-0.06313484552711346,-0.011867685525392128,0.007181164421136622,0.06608418261605645,0.10661071846993526,Phase 1 - Calm Baseline
0.1420563331,-0.04349215701,-0.01717978343,0.01499547437,0.04910780928,0.04910780927373488,-0.04753370883051385,-0.02211956955792884,0.014510725943332277,0.05787488588342913,0.0765392493463492,Phase 1 - Calm Baseline
0.1520423333,-0.03249071538,-0.0279340446,0.02387499996,0.04905071923,0.04905071922723415,-0.033812433760018974,-0.02815561548929976,0.02043079126050957,0.05014164631120918,0.05485627133127975,Phase 1 - Calm Baseline
0.1620283332,-0.0258884728,-0.03450433165,0.02760875225,0.05121528216,0.05121528216588689,-0.02387539727165921,-0.028709317205683312,0.023704659804321578,0.0439397092710914,0.03994141226365614,Phase 1 - Calm Baseline
0.1720153333,-0.01934956945,-0.03111890331,0.026026804,0.04494648493,0.04494648493010236,-0.018575852753049703,-0.02336568427448527,0.023659543169870345,0.03989191306100862,0.029384343846971615,Phase 1 - Calm Baseline
0.1820013332,-0.01712689549,-0.02480108663,0.02076839283,0.03660260357,0.03660260356716913,-0.01782720978106065,-0.01291057390600859,0.02034506065691966,0.038232147649327454,0.02055858504067011,Phase 1 - Calm Baseline
0.1919873334,-0.01586250588,0.00128471991,0.01491609775,0.02181191349,0.021811913490744916,-0.020723270820845803,0.0006329842339005263,0.014496357020104768,0.03871193784664295,0.011118497262191536,Phase 1 - Calm Baseline
0.2019733333,-0.02097098157,0.02562308311,0.006382530555,0.03372033737,0.03372033737015031,-0.025670911150941583,0.014433719500488279,0.007339831746556711,0.04043431298272614,-0.0005654992546028676,Phase 1 - Calm Baseline
0.2119593332,-0.03311480954,0.0324572213,-0.001125648152,0.04638242026,0.04638242025972501,-0.03062802211958669,0.025636629792487795,0.00031729399705921255,0.04192502455753506,-0.015083025472619267,Phase 1 - Calm Baseline
0.2219453333,-0.04023823142,0.03493262827,-0.006114548072,0.05363572955,0.0536357295446261,-0.033516280060091774,0.032154598890411445,-0.005200285427676527,0.04165484801148414,-0.03184493809426538,Phase 1 - Calm Baseline
0.2319323332,-0.03967348486,0.03727767244,-0.01005110797,0.0553591459,0.05535914590115334,-0.03273392761109713,0.03313631608633852,-0.008155913534255254,0.03883852965490359,-0.04921104211222957,Phase 1 - Calm Baseline
0.2419183333,-0.02810178325,0.03323792294,-0.009026323445,0.04445159455,0.044451594551029504,-0.027560829557165337,0.029006203817223367,-0.007972265899055711,0.03403005097756723,-0.06487168525062406,Phase 1 - Calm Baseline
0.2519043332,-0.01667180471,0.01483140793,-0.005923515186,0.02308696094,0.02308696094407442,-0.018278514110756875,0.021146518181681544,-0.004622564161276797,0.029072273486817814,-0.07639695483264143,Phase 1 - Calm Baseline
0.2618903331,-0.005489724688,0.003205378074,0.001902982825,0.006635726741,0.006635726740874855,-0.006001245475576318,0.011353166554648299,0.001396900797545996,0.02631088814310083,-0.08175450550899158,Phase 1 - Calm Baseline
0.2718763333,0.007469147909,-0.002681987127,0.01007411908,0.0128245507,0.012824550700665223,0.007645358962705516,0.0012650740603176956,0.009178228965281086,0.02744671624702873,-0.07969581091865978,Phase 1 - Calm Baseline
0.2818623332,0.0221916344,-0.006704425439,0.01863964461,0.02974650079,0.029746500785764293,0.020864832379131372,-0.007996773431309962,0.01756009677084283,0.032665614405275364,-0.06995132729152988,Phase 1 - Calm Baseline
0.2918493333,0.03485313803,-0.01532056276,0.02174025215,0.0438417545,0.04384175449690524,0.031992668737147116,-0.015864871072837083,0.02528739291937917,0.04051207267935692,-0.05323994460971044,Phase 1 - Calm Baseline
0.3018353332,0.04146097228,-0.01842767373,0.03056570143,0.05470697839,0.05470697839773427,0.03973845369826527,-0.022117628960515976,0.03115806507267169,0.04849823861626608,-0.031130911053529296,Phase 1 - Calm Baseline
0.3118213331,0.04430252686,-0.02065205015,0.03842119873,0.06217241811,0.06217241810826799,0.043331461932980715,-0.026610820730847796,0.03418834876026278,0.054070299994837485,-0.00577810021033105,Phase 1 - Calm Baseline
0.3218073333,0.04092217609,-0.03093291819,0.03525496647,0.06224453859,0.06224453859167907,0.04254193436055494,-0.029111325995411462,0.03381404758082807,0.0555003679968824,0.02037672506679009,Phase 1 - Calm Baseline
0.3317933332,0.03504294902,-0.03294406831,0.03322102502,0.05845473819,0.0584547381844426,0.03760039926355221,-0.02931814784943287,0.030071281775809283,0.05241684256517149,0.04489201961909008,Phase 1 - Calm Baseline
0.3417793333,0.02973660082,-0.02615327202,0.0263838917,0.04758538438,0.047585384383416175,0.02908812484196393,-0.02703605944201092,0.023662021464364025,0.0458550914891358,0.0655584780304266,Phase 1 - Calm Baseline
0.3517663332,0.01955799013,-0.02552272379,0.01601525582,0.03592231656,0.03592231655344423,0.01787120529654758,-0.022376532467730772,0.015845918817149633,0.03784631885714116,0.08058235548709249,Phase 1 - Calm Baseline
0.3617523334,0.007697868627,-0.02064354718,0.004292819183,0.02244641437,0.022446414370882704,0.0050876334915463985,-0.015876101502549794,0.008160265893105582,0.030676512473437185,0.08873872049907008,Phase 1 - Calm Baseline
0.3717383333,-0.006889512762,-0.005015077069,-0.001284767292,0.008617830998,0.008617830997435696,-0.007874732239605425,-0.008481750263027074,0.00203432749420066,0.026054359009532367,0.08952974347254829,Phase 1 - Calm Baseline
0.3817243332,-0.02077709883,-0.001483725617,-0.004589750431,0.0213296762,0.021329676193439836,-0.019482142466586944,-0.0013916257532491376,-0.001577219548759266,0.024513325700646595,0.08329189839776042,Phase 1 - Calm Baseline
0.3917103333,-0.02956644446,0.004992972594,-0.005783266388,0.03053769119,0.030537691193757106,-0.02825751418116793,0.00420761020734858,-0.002413263588108076,0.025341406209841957,0.07122299117137328,Phase 1 - Calm Baseline
0.4016963332,-0.03499023989,0.01146152429,-0.0008881096728,0.03683031585,0.03683031584715135,-0.033030086732845125,0.007418354308402066,-0.0009082864493062263,0.02708089284250477,0.05527831776803215,Phase 1 - Calm Baseline
0.4116833333,-0.03315258026,0.008937442675,0.003851979505,0.03455154419,0.03455154418505189,-0.033155733119284374,0.00784486966622078,0.0020174534825052907,0.028300827064526083,0.037930635174422134,Phase 1 - Calm Baseline
0.4216693332,-0.02973041497,0.006617030594,0.008781224489,0.03169846324,0.031698463238720984,-0.0286585154531656,0.005691246016445462,0.005309524902579871,0.02821721479526831,0.021835299554812164,Phase 1 - Calm Baseline
0.4316553331,-0.02414318547,0.005236060824,0.01166090183,0.02731824242,0.027318242422973406,-0.02028377272761145,0.001718237275332624,0.008153883077675839,0.02690340044907221,0.009422346357807324,Phase 1 - Calm Baseline
0.4416413333,-0.01261915546,-0.006016859785,0.01347052027,0.01941392805,0.01941392805540597,-0.009456887004661222,-0.0029387094930536884,0.010246359200379272,0.025094308279768628,0.002502553041408049,Phase 1 - Calm Baseline
0.4516273332,0.0007195174694,-0.0118316533,0.01316802576,0.01771729742,0.017717297412873,0.0018891329433661807,-0.007055759232261771,0.0118674617537767,0.02376542356386886,0.0019259365444150348,Phase 1 - Calm Baseline
0.4616143333,0.01569447294,-0.01136346906,0.01246521808,0.02303967387,0.023039673863228367,0.011655879577227368,-0.00962830962428744,0.013737788354885382,0.023728582316779923,0.007389761578079289,Phase 1 - Calm Baseline
0.4716003332,0.02528211661,-0.00983487349,0.01238205843,0.02981988477,0.0298198847719081,0.018054303598454224,-0.010080713891464919,0.016701660457829264,0.025426828128531344,0.017477536258146086,Phase 1 - Calm Baseline
0.4815863331,0.02442857251,-0.007729911245,0.01675017364,0.03061168077,0.03061168077224862,0.02006401331659913,-0.008308512535292158,0.02135329377213969,0.028942089993186922,0.02997069154432518,Phase 1 - Calm Baseline
0.4915723333,0.01831137016,-0.003870986402,0.02347451635,0.03002238716,0.030022387159042242,0.017687776934545422,-0.004588408441186121,0.027756007744824524,0.03408018773184935,0.042358992052135905,Phase 1 - Calm Baseline
0.5015583332,0.01191365905,0.003459630534,0.03610002995,0.03817219508,0.03817219508729265,0.011897958452877984,0.0005548528516435197,0.035381213525027426,0.040416176012238535,0.052411164979705806,Phase 1 - Calm Baseline
0.5115443333,0.001627540682,0.003889943007,0.04840309173,0.04858641615,0.048586416149908274,0.004319963352617092,0.006451632345362061,0.04330161510094688,0.04732098308343423,0.058639103007591294,Phase 1 - Calm Baseline
0.5215303332,-0.004436210729,0.00955475308,0.05406630412,0.05508301474,0.05508301474364119,-0.0032104909681082046,0.012334352337985782,0.0505441145737774,0.05405274530063945,0.060544848572686626,Phase 1 - Calm Baseline
0.5315173334,-0.01285994425,0.01682591252,0.05856192857,0.0622735014,0.0622735013957107,-0.009080265907562918,0.017364705742316557,0.056421714298900874,0.05992256568867369,0.05861689260219079,Phase 1 - Calm Baseline
0.5415033333,-0.0149862133,0.02107258886,0.06144266948,0.06666214985,0.06666214985405298,-0.01222752365873058,0.020716080252360956,0.06069173164994728,0.06445941642918353,0.05410955664289206,Phase 1 - Calm Baseline
0.5514893332,-0.01465072855,0.02433108166,0.06069752946,0.0670136961,0.06701369609519342,-0.012307456606332654,0.021748375747549523,0.06350317878713455,0.06749333603985534,0.048678992990068705,Phase 1 - Calm Baseline
0.5614753333,-0.009154496714,0.02286527865,0.06220674142,0.06690519005,0.06690519005221887,-0.009665552094596394,0.02023116577730313,0.0652060789879016,0.06912695574149526,0.04398135249400346,Phase 1 - Calm Baseline
0.5714613332,-0.001467321068,0.02418503538,0.06232629716,0.06687029449,0.06687029448959435,-0.005135554222813452,0.016517857041927937,0.06614976040289232,0.0696330030777353,0.04133543432159045,Phase 1 - Calm Baseline
0.5814473333,0.005556233693,0.01385170408,0.06884784251,0.07044690808,0.07044690807305089,0.0002525645710056108,0.011557994009822352,0.06659095089873782,0.0693637413299868,0.04152686938930541,Phase 1 - Calm Baseline
0.5914343332,0.00472320104,0.001966133248,0.07174257189,0.07192475881,0.07192475880672083,0.0055170637499403095,0.006656395798790736,0.06675842686846167,0.06873949390647337,0.04476610657070495,Phase 1 - Calm Baseline
0.6014210833,0.005366087891,-0.009958969429,0.07184297591,0.07272818683,0.0727281868256492,0.009811984079460908,0.0029967178460831565,0.06699805327878697,0.06829484887998481,0.05074020611231435,Phase 1 - Calm Baseline
0.6114070832,0.007111940999,-0.007546254899,0.06780572981,0.06859404247,0.06859404247338585,0.012377128263110899,0.0011387803695501332,0.06783527836456422,0.06867739299875711,0.058676369212459896,Phase 1 - Calm Baseline
0.6213930831,0.01256795879,0.007176232059,0.06329061091,0.06492421216,0.06492421215596512,0.012502052995468069,0.0008084063211748545,0.06983525057633169,0.07050467557946637,0.06738210137516318,Phase 1 - Calm Baseline
0.6313790833,0.01572475582,0.01012370922,0.06745696813,0.07000142844,0.07000142843729386,0.009650803606875483,0.0011433594603577556,0.07330455336642053,0.07410298921323936,0.07530789275013498,Phase 1 - Calm Baseline
0.6413660832,0.009793895297,0.005669572391,0.0775436908,0.07836509694,0.07836509694418423,0.003735866925719452,0.0012191907195636805,0.07802733363620362,0.07927436796050744,0.08072641500680353,Phase 1 - Calm Baseline
0.6513520833,-0.0004365965724,0.001892900094,0.08423425257,0.08425664955,0.08425664954980971,-0.004638813864318415,0.00048474263449336017,0.08321935814946758,0.08523971192769779,0.08205645205711556,Phase 1 - Calm Baseline
0.6613380832,-0.01453350671,-0.004892567638,0.09006151557,0.0913577398,0.09135773980428463,-0.01417055700277016,-0.001130610197989453,0.08772611952781294,0.09079271980008109,0.07826385828333603,Phase 1 - Calm Baseline
0.6713240833,-0.02896913141,-0.01478125341,0.09288323671,0.09841235536,0.09841235536631758,-0.02315670004041452,-0.0033900489885684746,0.09034327780337659,0.09459470389225011,0.06917370774064233,Phase 1 - Calm Baseline
0.6813100833,-0.03494819626,-0.001449735602,0.09041874856,0.09694858558,0.09694858558173856,-0.02998710198915803,-0.0059631026913179825,0.09011145774943573,0.09550516484266479,0.055558794466902955,Phase 1 - Calm Baseline
0.6912960832,-0.03507092968,0.001881984994,0.0863622427,0.09323062233,0.09323062233145743,-0.033613072947514734,-0.008462332432067106,0.0865026150161267,0.09285020866617757,0.038952544918755994,Phase 1 - Calm Baseline
0.7012830833,-0.03406159207,-0.004020112567,0.0788513273,0.08598770364,0.08598770363468351,-0.03381359360285842,-0.010322256826283165,0.07949613616998898,0.08657275496387865,0.021249848046743194,Phase 1 - Calm Baseline
0.7112690832,-0.0353458412,-0.01308119856,0.07020106167,0.07967832393,0.07967832393754845,-0.031214467813689365,-0.010781961718561996,0.06959207672078456,0.07727413239422365,0.004235111841166111,Phase 1 - Calm Baseline
0.7212550833,-0.02880245447,-0.02742951177,0.06489924341,0.07611748351,0.07611748350167273,-0.027110387773022385,-0.009176686740754923,0.05780054321386121,0.06617600327370475,-0.010861986127516694,Phase 1 - Calm Baseline
0.7312410832,-0.02154001966,-0.01380196586,0.04809721932,0.05447760287,0.05447760287374963,-0.023131977769165358,-0.005397901037246335,0.04558020227941045,0.05496368331797064,-0.023646862627422896,Phase 1 - Calm Baseline
0.7412270831,-0.01472871937,0.00877125375,0.03222983703,0.03650523882,0.036505238824139495,-0.0207847643641347,-0.00011992320506628696,0.03463551485473665,0.045419180056060306,-0.03462211854552727,Phase 1 - Calm Baseline
0.7512130833,-0.01352979988,0.01413262449,0.02037980966,0.02825107435,0.028251074343217907,-0.02095185684228052,0.005457896263970852,0.026522402489343063,0.03886721884662726,-0.04497369052326222,Phase 1 - Calm Baseline
0.7612000832,-0.01972884126,0.0157800559,0.01345425937,0.02862262107,0.028622621069088625,-0.023537265567555025,0.010170249101430186,0.022162745588290934,0.035681001808049534,-0.05611380720729797,Phase 1 - Calm Baseline
0.7711860833,-0.02842068113,0.01307342201,0.01672788709,0.03547494448,0.03547494447410002,-0.0274169524213243,0.01332427885252891,0.021494517134747645,0.03516672367982582,-0.06910232916647113,Phase 1 - Calm Baseline
0.7811720832,-0.03300717473,0.01197406836,0.02596213296,0.04366788574,0.04366788573516494,-0.030735021454500074,0.01476712499132066,0.023464131951701345,0.035955724172573804,-0.0841499692090864,Phase 1 - Calm Baseline
0.7911580831,-0.03490203992,0.007393351756,0.03296549991,0.04857507823,0.04857507823031716,-0.031425276032050115,0.014650880847068006,0.026401484940493793,0.036736733041559826,-0.10034430174912426,Phase 1 - Calm Baseline
0.8011440833,-0.03075949475,0.01131592132,0.03444994614,0.04754992515,0.04754992514867515,-0.027767415802547737,0.013135970592424068,0.028607835140611913,0.03695898394681785,-0.11568966858204356,Phase 1 - Calm Baseline
0.8111300832,-0.02210300788,0.01231949963,0.03064459749,0.03974172094,0.03974172094664531,-0.018822410973053056,0.010251959457968628,0.028879150454728157,0.037127612140644195,-0.12742963473863758,Phase 1 - Calm Baseline
0.8211170833,-0.004492855631,0.01116954722,0.02889277227,0.03130074801,0.031300748014494784,-0.004669380031900041,0.005983017683199545,0.026759145898055413,0.03849897788454752,-0.132562279112985,Phase 1 - Calm Baseline
0.8311030832,0.01220756676,0.006434029434,0.01965200901,0.02401297314,0.02401297314133667,0.013562926777356984,0.00046319792901131876,0.02248683070666387,0.042293546643508984,-0.12842968249095588,Phase 1 - Calm Baseline
0.8410890833,0.03145103529,-0.01291436888,0.01515579317,0.03722427449,0.037224274485788925,0.03382963674737358,-0.005914971215609676,0.016736208972556323,0.04883808165889724,-0.11328337060982686,Phase 1 - Calm Baseline
0.8510750833,0.05017624795,-0.01787462085,0.007852999493,0.05384076087,0.05384076085929871,0.05342565885609848,-0.012577111637613082,0.01029029417989386,0.05714695811445856,-0.0867332151046657,Phase 1 - Calm Baseline
0.8610610832,0.06943809986,-0.02109145373,0.004427908454,0.07270560849,0.07270560848991685,0.06936080400591403,-0.018923916655552,0.0037686812947770702,0.06524266944496779,-0.050018380843204695,Phase 1 - Calm Baseline
0.8710470833,0.08508047462,-0.02993330918,-0.003411876969,0.09025702778,0.09025702778444196,0.07886572812957704,-0.0243536343988855,-0.002536381921504603,0.07109754387975722,-0.006025706034281989,Phase 1 - Calm Baseline
0.8810340832,0.08809491247,-0.004744598642,-0.01600117236,0.0896619336,0.08966193359651049,0.0799702333241198,-0.028036600720538724,-0.00871900298801464,0.07370881677581884,0.041006799722183795,Phase 1 - Calm Baseline
0.8910200833,0.07574743032,-0.00191152771,-0.01946008578,0.07823056997,0.07823056996362938,0.0719848865002871,-0.028601039140410858,-0.015205805181918339,0.07370802965009893,0.08606614080601786,Phase 1 - Calm Baseline
0.9010060832,0.0560134016,-0.03210325167,-0.01649145968,0.06663398659,0.06663398659068288,0.055693038004455186,-0.02419051858701683,-0.0225241951592539,0.07312659946178884,0.12418031377160414,Phase 1 - Calm Baseline
0.9109920831,0.03344893456,-0.0533250235,-0.01271166373,0.06421818862,0.06421818861708349,0.033179525407265396,-0.01331051701038152,-0.030876225687878664,0.07438400304936159,0.15119313346669516,Phase 1 - Calm Baseline
0.9209780833,0.001890475396,-0.03701715916,-0.03159427643,0.04870361663,0.048703616627873814,0.007384856059204514,0.0038026789239852337,-0.03972259758869938,0.0789686678305254,0.16438605397404638,Phase 1 - Calm Baseline
0.9309640832,-0.0221474804,0.02438580804,-0.05442228913,0.06361575336,0.06361575336330955,-0.0184399352155103,0.02435980949465361,-0.04774779126236306,0.08647344577415782,0.1628117911014411,Phase 1 - Calm Baseline
0.9409510833,-0.04053048417,0.08165522665,-0.07466737926,0.1178368097,0.11783680966435815,-0.04120485442391184,0.04372381657482142,-0.05338676819001598,0.09459371412001515,0.1473355396235867,Phase 1 - Calm Baseline
0.9509370832,-0.05297189206,0.1054945663,-0.06661377847,0.1355452704,0.13554527047924475,-0.05828177489477596,0.05746934640843875,-0.05561775733362575,0.10024533339546232,0.12046297128600016,Phase 1 - Calm Baseline
0.9609230831,-0.06648317724,0.06695676595,-0.05071976781,0.1071247694,0.10712476935381772,-0.06767528480551645,0.06344124880629506,-0.05443083792058187,0.10116329097526784,0.08601779981804142,Phase 1 - Calm Baseline
0.9709090833,-0.07200630754,0.04751738161,-0.0375312008,0.09408188409,0.09408188409096273,-0.06820306773493565,0.06241296301849542,-0.050610389408566284,0.09692583921279022,0.04873436536061031,Phase 1 - Calm Baseline
0.9808950832,-0.06737826765,0.02984890342,-0.02872093394,0.07909285703,0.07909285703069126,-0.05976493440294561,0.05708325753683549,-0.04502707058856755,0.08887103687445772,0.013713907855426163,Phase 1 - Calm Baseline
0.9908810833,-0.05173763633,0.03332667425,-0.03630330414,0.07145194274,0.07145194273819495,-0.0436036524983746,0.05035646718778396,-0.03801219254660496,0.07924807730990102,-0.01426920302165437,Phase 1 - Calm Baseline
1.000868083,-0.0281628035,0.05279065669,-0.0395033583,0.07169736572,0.07169736572370866,-0.022338992860875734,0.04411379862788156,-0.029285555934979432,0.07028051264925789,-0.03154731112557657,Phase 1 - Calm Baseline
1.010854083,0.002844156232,0.05248668417,-0.03193455562,0.06150412249,0.06150412248362077,0.0004079626929639857,0.03902122582273561,-0.01844818102954978,0.0635532441846513,-0.036232942447088703,Phase 1 - Calm Baseline
1.020840083,0.03104543313,0.03815701231,-0.01169027202,0.05056123977,0.05056123976482765,0.0208114978465576,0.03506146160716138,-0.0056157840102432155,0.059765608840197645,-0.028574175148339005,Phase 1 - Calm Baseline
1.030826083,0.0503035076,0.03439587727,0.01216562558,0.06214114334,0.06214114334150049,0.03584266432114778,0.032109506993872404,0.008300712812865563,0.05875581659078739,-0.010778325403549071,Phase 1 - Calm Baseline
1.040812083,0.05451956019,0.02639227733,0.03112919629,0.0681025815,0.06810258150493279,0.044089173339745734,0.030127503136619483,0.021845347235798392,0.05974191002879194,0.013676751166476387,Phase 1 - Calm Baseline
1.050798083,0.04620852321,0.02036901377,0.04047740996,0.06471896984,0.06471896983328354,0.04601808010918456,0.029007216747615066,0.0335737428709504,0.061691169045779315,0.0410427885750722,Phase 1 - Calm Baseline
1.060784083,0.033667963,0.02169100754,0.04358478636,0.05919176583,0.05919176583543144,0.04353967599175523,0.02833424458941519,0.04252018946635034,0.06362198580449792,0.06825162697635223,Phase 1 - Calm Baseline
1.070771083,0.02820733748,0.03053669073,0.04432794824,0.06077096645,0.06077096645289097,0.03907914452252657,0.027355847842940935,0.04831526918378353,0.06470094151372265,0.09347791567510967,Phase 1 - Calm Baseline
1.080757083,0.02640863881,0.03560122848,0.04471011087,0.06295917476,0.06295917476500064,0.03460651788314131,0.02527788729781773,0.050976707686422165,0.06421652740051806,0.11614610000037928,Phase 1 - Calm Baseline
1.090743083,0.03095891885,0.03212133422,0.04561192542,0.06380190052,0.06380190051208091,0.031051325908284487,0.02175129962419445,0.050604588409929346,0.061615772740599165,0.13651770342006278,Phase 1 - Calm Baseline
1.100729083,0.03177437931,0.01989076287,0.04946099222,0.06206160954,0.06206160954626642,0.028269935461281336,0.017209128673776268,0.04723375890957732,0.05667950901713253,0.15507655110920462,Phase 1 - Calm Baseline
1.110715083,0.02893327922,0.005688761827,0.04703262448,0.05551184039,0.055511840385844814,0.025436117415188156,0.012771813809815749,0.04095129112269353,0.04974054071360827,0.17202901215387845,Phase 1 - Calm Baseline
1.120701083,0.0242035035,-0.0005962986033,0.03827668726,0.04529094768,0.04529094767498971,0.021575911171982202,0.009730235426331982,0.03217803372440126,0.04176685459776013,0.18706646127525559,Phase 1 - Calm Baseline
1.130688083,0.01845708489,0.002431814559,0.02437582612,0.0306717884,0.03067178840104543,0.01600999988162279,0.00891259361163034,0.02188209405051768,0.03417292175719424,0.19940854298928876,Phase 1 - Calm Baseline
1.140674083,0.009470246732,0.01114061754,0.01018357463,0.01781864542,0.017818645419399644,0.008599332322435775,0.01030998457952353,0.011531217580923243,0.028363577488071143,0.20803707740800698,Phase 1 - Calm Baseline
1.150660083,0.001007148065,0.01829345711,-0.002869785298,0.01854455682,0.018544556827189473,-0.00020643301357173616,0.01313739256632243,0.0027591708664605366,0.02519733316448143,0.2120264499406119,Phase 1 - Calm Baseline
1.160646083,-0.009338432923,0.02079043724,-0.00796308089,0.02414247848,0.024142478483959187,-0.009475957536964624,0.016216951505304934,-0.003109241219717104,0.024654638436695683,0.21084488282587746,Phase 1 - Calm Baseline
1.170632083,-0.02108982764,0.01879369654,-0.00863747485,0.02953963154,0.029539631536410513,-0.018007425975739347,0.018413074261910647,-0.0054589819698359935,0.02589763578617372,0.20457084632414668,Phase 1 - Calm Baseline
1.180618083,-0.02626142092,0.01598832197,-0.00586592406,0.03130012354,0.031300123533805506,-0.024582353762575674,0.01891093358436967,-0.004546615825032069,0.02766915278817659,0.19397520481474842,Phase 1 - Calm Baseline
1.190605083,-0.02632733807,0.01836745068,-0.001295706257,0.03212741554,0.03212741553624774,-0.028189283236434548,0.01731239591835238,-0.0013792256783888733,0.028804886401649826,0.18046540696593344,Phase 1 - Calm Baseline
1.200591083,-0.02728634328,0.01621029153,0.004795475863,0.03209851507,0.03209851507210585,-0.028172193726439324,0.013646786053430698,0.0026266214753165123,0.028637655314491053,0.16592998823893254,Phase 1 - Calm Baseline
1.210577083,-0.0257600192,0.01212312095,0.01099403016,0.03051913088,0.03051913088395027,-0.024325306214150855,0.008364370248090001,0.006090446879039002,0.027178378387369386,0.152499967662465,Phase 1 - Calm Baseline
1.220563083,-0.02254265547,0.0005945642479,0.01195596345,0.02552390809,0.025523908092252207,-0.0169795063271687,0.002279183590731617,0.00808570140014857,0.02504669943964457,0.1422719267766891,Phase 1 - Calm Baseline
1.230549083,-0.01072312985,-0.006640288047,0.01124181598,0.01689548359,0.016895483587493893,-0.007058360799311831,-0.003596791058895106,0.008402337741740989,0.023178680002497343,0.13698357611599699,Phase 1 - Calm Baseline
1.240535083,0.005786604714,-0.009946336038,0.008587177843,0.01435806456,0.014358064563311266,0.003993622329558685,-0.008303243732646029,0.007569284543142674,0.02241356837152484,0.13769517252909513,Phase 1 - Calm Baseline
1.250522083,0.01822855696,-0.01143620536,0.004179460928,0.02192110799,0.021921107990444638,0.01447638873144313,-0.011161729859912744,0.006631682156729776,0.023150614328078273,0.14456807147981932,Phase 1 - Calm Baseline
1.260508083,0.02776560374,-0.01253795531,0.002373038791,0.03055749314,0.030557493148258248,0.022828145680131993,-0.011903301285832904,0.006761829661987676,0.025259995854733326,0.15682842176077097,Phase 1 - Calm Baseline
1.270494083,0.03017093241,-0.01166614331,0.005887850653,0.0328793377,0.03287933769908206,0.027979319693632543,-0.010686792997328927,0.00884097188874215,0.0282633475443841,0.17295166119098618,Phase 1 - Calm Baseline
1.280480083,0.02802975103,-0.009049586952,0.01125784963,0.03153254105,0.03153254105043369,0.029519809353132687,-0.008039577589376496,0.013155736222476499,0.03160239644495668,0.19098923722451647,Phase 1 - Calm Baseline
1.290466083,0.02621936798,-0.007514758036,0.01921107247,0.033361537,0.033361537000831776,0.027650940925891584,-0.0047362342595660975,0.019294418678801134,0.03479065627602839,0.20893287137370276,Phase 1 - Calm Baseline
1.300452083,0.02090556361,0.0007777931169,0.02597683296,0.03335331171,0.03335331171887127,0.02301013596680835,-0.0016051106518992842,0.026238968388696132,0.03739873770722121,0.2250142323053409,Phase 1 - Calm Baseline
1.310438083,0.01600599661,0.007008633111,0.03074590862,0.03536415929,0.03536415929204775,0.016493408187816225,0.0007351755339358105,0.03259190201574609,0.038982436463998564,0.23790367051537525,Phase 1 - Calm Baseline
1.320425083,0.01204294525,0.01208781265,0.0382498987,0.04188320064,0.041883200636009886,0.009153073134571373,0.00213211154059413,0.0368800431353099,0.03909973145429373,0.24682980407551666,Phase 1 - Calm Baseline
1.330411083,0.005274823401,0.00096836593,0.04180837423,0.0421509389,0.04215093890107135,0.002162128429708754,0.002979854117071385,0.03790070420433831,0.037480604529198186,0.25165518248750623,Phase 1 - Calm Baseline
1.340397083,-0.002727709711,-0.00543440599,0.03941579163,0.03988204858,0.03988204857515734,-0.0032343502314167204,0.003983332158096078,0.035061923820376685,0.03427418514346673,0.2529367937394769,Phase 1 - Calm Baseline
1.350383083,-0.008249467239,-0.002188115381,0.03340752795,0.03448049423,0.034480494230476666,-0.005865503054865158,0.005677241942894935,0.028620579618108103,0.03019831657424764,0.2519218776195103,Phase 1 - Calm Baseline
1.360369083,-0.007705916185,0.001305685379,0.02144700661,0.02282673983,0.022826739826102258,-0.004887155284559916,0.007998709326806014,0.0197069463528063,0.02643770251776331,0.25043413062130604,Phase 1 - Calm Baseline
1.370355083,-0.002413262613,0.01592558809,0.006188339554,0.0172552525,0.017255252501405315,-5.602955974182952e-05,0.010215557553944156,0.010080559211093213,0.02427286192729166,0.2506083451772329,Phase 1 - Calm Baseline
1.380342083,0.003834246891,0.02065536194,-0.00257638935,0.02116561381,0.02116561381525084,0.008088389732452265,0.011271390007984623,0.0016710879089041346,0.024591456185173596,0.2544949646250423,Phase 1 - Calm Baseline
1.390328083,0.01551818103,0.01577144302,-0.006861064583,0.02316520159,0.023165201588267167,0.018216401237812332,0.010320696438185624,-0.003938915592016211,0.027516040584893486,0.26360853220354935,Phase 1 - Calm Baseline
1.400314083,0.0275298357,0.004124907777,-0.008945520967,0.02923917002,0.029239170015730374,0.02841532583955361,0.0071150816060285525,-0.005911220553457362,0.03231609855031869,0.2785371854953558,Phase 1 - Calm Baseline
1.410300083,0.04046854004,0.00020100642,-0.007199552376,0.04110446072,0.04110446071857325,0.036608587959795436,0.0020544992779168796,-0.004324037655737513,0.037636584963366006,0.29872743560036685,Phase 1 - Calm Baseline
1.420286083,0.0513371639,-0.004099200014,0.0001707458869,0.05150084457,0.05150084457761964,0.0411084722095811,-0.004019562532219517,-0.00010361352624382808,0.04195960760556743,0.3225489134380891,Phase 1 - Calm Baseline
1.430272083,0.04549533129,-0.01056647394,0.006958400365,0.04722176274,0.047221762740829405,0.04112506135139725,-0.010095289639777497,0.0052466948843810784,0.04411508745893145,0.34766245416987607,Phase 1 - Calm Baseline
1.440259083,0.04016101733,-0.01723236591,0.009533144534,0.04472966121,0.04472966121649956,0.037011310705339646,-0.01520824844827787,0.010046707165503833,0.04360886056313561,0.37160628534108253,Phase 1 - Calm Baseline
1.450245083,0.02757575735,-0.01265982259,0.01817733049,0.03537101703,0.03537101702211907,0.03011587019503495,-0.0185947661112123,0.012875713345120134,0.04063815698383838,0.3923982335281845,Phase 1 - Calm Baseline
1.460231083,0.01558327675,-0.02251138911,0.01797519624,0.03275223403,0.03275223402755035,0.02229959922837196,-0.01981945384670791,0.012953738814230398,0.03586793687324871,0.40898148726290356,Phase 1 - Calm Baseline
1.470217083,0.01023838855,-0.03032355942,0.01632835343,0.03592990373,0.03592990372564383,0.0153234637740389,-0.018916238331557485,0.010371464620752344,0.03016315086435621,0.42133296151099353,Phase 1 - Calm Baseline
1.480203083,0.006599977147,-0.02207495086,0.006007805932,0.02381085647,0.02381085647197327,0.01035551424155537,-0.016495608365706665,0.006063740574032597,0.024406220334484828,0.4302674978792517,Phase 1 - Calm Baseline
1.490189083,0.01044139639,-0.009651623666,-0.004363019951,0.01487321556,0.014873215558715618,0.007763902498009417,-0.01364426469971768,0.0014778542823699447,0.01937639632896763,0.4370394113837676,Phase 1 - Calm Baseline
1.500175083,0.009963092394,0.001863351557,-0.009845669381,0.01413055182,0.014130551816412405,0.007203814735044748,-0.011496724038364244,-0.001970429172885816,0.015628337012701634,0.44290969354176096,Phase 1 - Calm Baseline
1.510162083,0.008358766325,-0.001386343269,-0.009847560897,0.01299097293,0.012990972933371044,0.007864176967977832,-0.010639456476330557,-0.003420272562727344,0.013401368238238974,0.4488092527260968,Phase 1 - Calm Baseline
1.520148083,0.005847138818,-0.008487928659,-0.004075159784,0.01108336107,0.011083361067039497,0.008712633215792801,-0.010728641232447489,-0.0028153135103311223,0.012638351629624735,0.4551398606990472,Phase 1 - Calm Baseline
1.530134083,0.006238250528,-0.01409941353,0.004305595066,0.01600772877,0.01600772877120308,0.008675783064552857,-0.01061047289986711,-0.0007585957349933847,0.013130397212724004,0.46170265118057413,Phase 1 - Calm Baseline
1.540120083,0.007295525633,-0.01990111172,0.01029344648,0.02356340346,0.023563403455152777,0.006811878620608682,-0.008914364282542863,0.0019379443569572583,0.014726310719213105,0.4677216779176435,Phase 1 - Calm Baseline
1.550106083,0.009067210369,-0.01684577391,0.01135296468,0.02224599311,0.022245993111746333,0.002550926318345492,-0.004806455803886102,0.00475297123718494,0.017483502416410498,0.4719885189454052,Phase 1 - Calm Baseline
1.560092083,0.004131041467,-0.003400538815,0.005564849824,0.007719891281,0.007719891281492761,-0.004028485141852129,0.0015008597598672984,0.007723511450055196,0.021611908675243974,0.473154172262933,Phase 1 - Calm Baseline
1.570079083,-0.008357247338,0.01550379861,0.006539288443,0.01878759292,0.018787592920560616,-0.012046901485281416,0.008767236932991716,0.011350841268289197,0.027196540020311324,0.4701434092536808,Phase 1 - Calm Baseline
1.580065083,-0.02403261326,0.02555723116,0.01187972538,0.03703871542,0.0370387154174469,-0.019975567648011207,0.015264036204021926,0.016248849342215568,0.03393427250707468,0.4625708410005512,Phase 1 - Calm Baseline
1.590051083,-0.03527518362,0.02753031813,0.0212921761,0.04955414976,0.0495541497640423,-0.026118289770941182,0.01952063055509538,0.022779398735373473,0.04116172372240622,0.45097276056225544,Phase 1 - Calm Baseline
1.600037083,-0.0357388407,0.0198324509,0.03205800429,0.05194522579,0.051945225789657955,-0.029225601644576292,0.020861493158612358,0.030867183746226608,0.04816118050757629,0.43672845049753994,Phase 1 - Calm Baseline
1.610023125,-0.03086061031,0.01514326595,0.04228736088,0.05449694177,0.05449694177230005,-0.028935551889044696,0.019505905173462113,0.040023096904704986,0.054459538006936745,0.4216781209079428,Phase 1 - Calm Baseline
1.620009125,-0.02351401374,0.01427480765,0.04954793677,0.0566716597,0.05667165970547647,-0.02584061177847075,0.016310291483019136,0.049478134277246455,0.059889540826800515,0.4075962251637651,Phase 1 - Calm Baseline
1.629995125,-0.01901841536,0.01166905649,0.0559373945,0.06022340995,0.06022340994680495,-0.0212035789062629,0.012405989612564741,0.058314399998999525,0.0644308243012603,0.3957262754497654,Phase 1 - Calm Baseline
1.639982125,-0.01192908082,0.01119155157,0.06404778361,0.0661034975,0.06610349749527211,-0.0165071804490342,0.00892684043424329,0.0655551418005836,0.0680095013287966,0.38652549221397803,Phase 1 - Calm Baseline
1.649968125,-0.01080921758,0.008133823983,0.07020914555,0.07150050626,0.071500506264916,-0.013040872676529817,0.006853973522731323,0.07025913792516453,0.07042155394106427,0.37966079951570264,Phase 1 - Calm Baseline
1.659954125,-0.01225051936,0.006890660152,0.07423371077,0.07555263222,0.07555263222816337,-0.011653232653907192,0.006896546200208728,0.07167580281248796,0.0714269432082032,0.37418471365555683,Phase 1 - Calm Baseline
1.669940125,-0.01549687795,0.00424033124,0.07360863686,0.07534165551,0.07534165551412755,-0.012694967500674049,0.009335479311902602,0.06945202766042723,0.07093135587286684,0.3688075835965055,Phase 1 - Calm Baseline
1.679926125,-0.01817947999,0.004471493885,0.06678748131,0.06936177196,0.06936177196413022,-0.01607955183280329,0.013851950705772977,0.06380580115888401,0.0691059956132343,0.36216418176466564,Phase 1 - Calm Baseline
1.689912125,-0.01816228032,0.0209258385,0.05644134432,0.06287594526,0.06287594525730121,-0.021343557238437342,0.019471712888458777,0.05555977007107041,0.06633562347368191,0.3530466101730907,Phase 1 - Calm Baseline
1.699899125,-0.02230056562,0.03265653178,0.04211034253,0.05776716405,0.05776716405419261,-0.02764389772266779,0.02476144923682541,0.04598141401240648,0.0630120960234524,0.34061949130789365,Phase 1 - Calm Baseline
1.709885125,-0.02908888832,0.03397500888,0.03459682316,0.05654559951,0.05654559951803344,-0.033753984781607696,0.028244219131535388,0.036476992121786754,0.05931511255113246,0.3246432686271698,Phase 1 - Calm Baseline
1.719871125,-0.04134581983,0.0244731158,0.02768139355,0.05544970481,0.05544970480755522,-0.03819948105121082,0.028807585234229816,0.028262253284685422,0.05514427213385772,0.30564732760395025,Phase 1 - Calm Baseline
1.729857125,-0.04513636976,0.02216373384,0.0210674461,0.05451935673,0.05451935672784675,-0.03960950133027259,0.025908199062418556,0.022120479188930103,0.05026838804172262,0.2849762531298889,Phase 1 - Calm Baseline
1.739843125,-0.04331822693,0.02257226035,0.01676963642,0.05164490708,0.05164490708023541,-0.03718903655600609,0.01960395156577216,0.01828173559104136,0.04461175828362667,0.2645942444214302,Phase 1 - Calm Baseline
1.749829125,-0.03555093333,0.01625657454,0.01513646077,0.04191965555,0.041919655545464944,-0.031095939987126005,0.010568132353488965,0.01640509344057301,0.03849492853686585,0.24664777684297612,Phase 1 - Calm Baseline
1.759815125,-0.02383142523,0.005131484941,0.01373004634,0.0279782619,0.02797826189546695,-0.022532954851155362,0.00011986750681436032,0.015650804078122933,0.032654932851175766,0.23289408927257507,Phase 1 - Calm Baseline
1.769802125,-0.01230347902,-0.007015195675,0.01342738606,0.01951623075,0.019516230751822985,-0.013497927889560588,-0.009863416247725928,0.014849704482242461,0.028010962656818652,0.22417392961341803,Phase 1 - Calm Baseline
1.779788125,-0.002489996608,-0.02062075213,0.01345082186,0.02474550687,0.024745506869413784,-0.006270625703103765,-0.01729056992875592,0.012779470673537392,0.025338972239821653,0.22010693489172634,Phase 1 - Calm Baseline
1.789774125,0.001472291537,-0.03107115626,0.01691482216,0.0354075642,0.03540756419760736,-0.002794333103077442,-0.02044821904108426,0.008530070136905564,0.025081984169663698,0.219102001308805,Phase 1 - Calm Baseline
1.799760125,0.000849111937,-0.03379956633,0.007324513514,0.03459451074,0.03459451074078653,-0.004126062574630576,-0.018639356456414166,0.001869853498426072,0.027337825614911444,0.218710579685775,Phase 1 - Calm Baseline
1.809746125,-0.004292687401,-0.01346238516,-0.003243933897,0.01449779592,0.014497795916862602,-0.010097760184504713,-0.01254282806753847,-0.006552901714335416,0.03182684334805834,0.21622980951284257,Phase 1 - Calm Baseline
1.819732125,-0.01589661092,0.003443360329,-0.01726813987,0.02372230224,0.023722302242132356,-0.01928158079656099,-0.004029689082044339,-0.015319843200514502,0.037704690285499186,0.20941338161827214,Phase 1 - Calm Baseline
1.829718125,-0.03020467795,0.01574135572,-0.02932058275,0.04494228991,0.04494228991458257,-0.029297839282160176,0.004530529835292449,-0.022665802497386305,0.04343850737760728,0.1971042368151269,Phase 1 - Calm Baseline
1.839705125,-0.04421903193,0.01854326762,-0.03288974985,0.05814560348,0.05814560347996119,-0.03742457674779387,0.011110567561302354,-0.027046632408700866,0.04710996129468187,0.17960303075428455,Phase 1 - Calm Baseline
1.849691125,-0.05050013587,0.01395852864,-0.02994538844,0.060347581,0.06034758100789663,-0.041353331353338796,0.014579053874883504,-0.02760741459895481,0.04716579835615375,0.15865476811571608,Phase 1 - Calm Baseline
1.859677125,-0.04675706103,0.01032278221,-0.02377857268,0.0534621652,0.05346216519573706,-0.0398384740929143,0.014765574339929661,-0.024373023815823697,0.0431934510476379,0.13701594296979228,Phase 1 - Calm Baseline
1.869663125,-0.03373758495,0.005315508693,-0.0151292989,0.03735471799,0.0373547179902267,-0.03299340335183703,0.012154989698288142,-0.018143017848733057,0.03622726673666157,0.11776870786132379,Phase 1 - Calm Baseline
1.879649125,-0.01780282706,0.00650620833,-0.009185123257,0.0210627132,0.02106271320148266,-0.022130991232184455,0.007505794664549632,-0.010213643755056376,0.028381083687481767,0.10358719097321961,Phase 1 - Calm Baseline
1.889635125,-0.003581773955,0.005768408533,-0.002881057793,0.007375915922,0.007375915921084621,-0.00925796657874335,0.001639683675965991,-0.002083151007845632,0.021980290218710646,0.0961958562626409,Phase 1 - Calm Baseline
1.899622125,0.007591252215,0.0007960209623,0.001498510595,0.007778579149,0.007778579148372194,0.003520828645069528,-0.004553625021837024,0.004776797073107359,0.01862571586772121,0.09614293314473313,Phase 1 - Calm Baseline
1.909608125,0.01374631561,-0.009812465869,0.009335168637,0.01929743643,0.019297436429776056,0.014442375913256955,-0.010046731149161669,0.009108205542224147,0.018651862623788342,0.10287015780787241,Phase 1 - Calm Baseline
1.919594125,0.01953149959,-0.01343596261,0.01399969589,0.02753172811,0.027531728106022897,0.022267463333272793,-0.01372621903833809,0.010083857905266405,0.021211742481146035,0.11496037898821548,Phase 1 - Calm Baseline
1.929580125,0.02505740337,-0.01516116224,0.01375150494,0.03235487896,0.03235487895556609,0.02627176915443707,-0.014631851421122475,0.007565548295097531,0.02485578633137253,0.13043472728301142,Phase 1 - Calm Baseline
1.939566125,0.02652400546,-0.02082996815,0.00843743328,0.0347649352,0.03476493519520173,0.026193185908382044,-0.012313966592145276,0.0022998131821008756,0.028225506482465548,0.14703213776192664,Phase 1 - Calm Baseline
1.949552125,0.02457031049,-0.01789436489,-0.0001470004208,0.03039621788,0.03039621788175601,0.02223623534716771,-0.007162630183408381,-0.004113537986056835,0.030504593876571208,0.16247507149803408,Phase 1 - Calm Baseline
1.959538125,0.01783810556,-0.006664080545,-0.01587056927,0.02478876658,0.02478876657750076,0.015127507359603366,-0.0005061688035380485,-0.0095912117609898,0.03148688565178612,0.17475235995942193,Phase 1 - Calm Baseline
1.969525125,0.009854864329,0.01909865066,-0.02300662361,0.03148303572,0.03148303571620635,0.006140455387152652,0.005711055233266869,-0.012228107659492499,0.031364295177700015,0.18242577100417376,Phase 1 - Calm Baseline
1.979511125,0.0005950527266,0.02597573027,-0.02189741656,0.03397925106,0.033979251063103066,-0.0030059450234915463,0.009648488086436742,-0.011008761038701806,0.030455266399443296,0.18491083505324193,Phase 1 - Calm Baseline
1.989497125,-0.01363981143,0.01259168983,-0.01052125916,0.02133757256,0.021337572564206268,-0.010439916346903097,0.010329716483760111,-0.0062221413177006,0.029019064861218136,0.18265262238397495,Phase 1 - Calm Baseline
1.999483125,-0.02451376431,0.007856590673,0.007772526238,0.02688982747,0.026889827477499715,-0.014609407407408188,0.007982026825987757,0.0006621079504076385,0.027170025191398425,0.17707491640897818,Phase 1 - Calm Baseline
2.009469125,-0.02156005241,-0.004006726667,0.01580142416,0.02702914582,0.027029145824280638,-0.014792102222309133,0.00378700078970478,0.007615126872647834,0.0248883521755645,0.17025214655557172,Phase 1 - Calm Baseline
2.019455125,-0.01473676786,-0.007135141641,0.02161510475,0.02711632952,0.027116329518394145,-0.011398445866756644,-0.0007295303993592268,0.012851891369299885,0.022139530864548104,0.16434796160264464,Phase 1 - Calm Baseline
2.029441125,-0.00318728108,-0.005298089236,0.01802648045,0.01905734787,0.019057347865056598,-0.005878629402162719,-0.004291702743033812,0.015424846018974044,0.01903754917741477,0.16099372358609862,Phase 1 - Calm Baseline
2.039428125,0.004746542312,-0.006397974677,0.01348019764,0.01565820782,0.015658207825310057,-0.0002465554943811087,-0.006199421183808599,0.01537573940820007,0.015925849542979875,0.1608297777195102,Phase 1 - Calm Baseline
2.049414125,0.009091677144,-0.005670400336,0.009175870568,0.014107042,0.01410704199830459,0.003577024061905891,-0.006352003140318531,0.013467911517368245,0.01331628559436013,0.1633709010657439,Phase 1 - Calm Baseline
2.059400125,0.008743601851,-0.002676474862,0.00480482541,0.01032959042,0.010329590419581515,0.0043448463167709665,-0.005085733746281984,0.010709123435588035,0.011726690236707674,0.1672255226654953,Phase 1 - Calm Baseline
2.069386125,0.005192467943,-0.00298002176,0.004805034492,0.007676627482,0.0076766274820695745,0.00180000320483093,-0.002964040907615306,0.007922249694068574,0.011487408969364983,0.17057177799972784,Phase 1 - Calm Baseline
2.079372125,-0.003997568507,-0.0004300449509,0.007861811668,0.008830264737,0.008830264737314152,-0.0033379922851734787,-0.0006078205430070166,0.0055431890175783585,0.012583607924223238,0.17172014356068832,Phase 1 - Calm Baseline
2.089358125,-0.01272687875,0.001463728957,0.006840488408,0.01452267974,0.014522679740211316,-0.00967543134223587,0.0014076591512632872,0.003676394835980037,0.01461120507906258,0.16958564174129445,Phase 1 - Calm Baseline
2.099345125,-0.02150199376,0.0007992703468,0.004241776187,0.02193096519,0.021930965185393756,-0.015607342904212609,0.0026081539116873565,0.002293657185020384,0.016901302054270404,0.16394058551633445,Phase 1 - Calm Baseline
2.109331125,-0.02093097195,0.003729175776,0.003096980276,0.02148496278,0.02148496277795065,-0.01976561478472503,0.0026647555128296043,0.0014087053705083526,0.018770855578613237,0.15540951677745288,Phase 1 - Calm Baseline
2.119317125,-0.02068542689,0.003374708816,0.0006487362552,0.02096893903,0.020968939027598277,-0.021302734373994932,0.0014530411785148877,0.00112081698308324,0.019760982139019147,0.1452491228223623,Phase 1 - Calm Baseline
2.129303125,-0.01801055484,0.0004203529097,-0.003022302408,0.01826721363,0.018267213636971112,-0.01997023806228402,-0.0008813774476817808,0.0015241325245576838,0.019735998710812726,0.1350301906846513,Phase 1 - Calm Baseline
2.139289125,-0.01670533977,-0.002350399969,0.001211324707,0.01691331028,0.016913310273013016,-0.016068521060987034,-0.003895612298309685,0.0025603180313036322,0.018827562047935426,0.1263086509181497,Phase 1 - Calm Baseline
2.149275125,-0.01484313048,-0.006131281145,0.002859914443,0.01631227273,0.016312272727815016,-0.010370465642839806,-0.006907588778574374,0.003925593165344411,0.01730831971757172,0.12033339318614186,Phase 1 - Calm Baseline
2.159261125,-0.006900252774,-0.01155747194,0.007711927406,0.01551329979,0.015513299787743287,-0.004040776590365264,-0.009153102948982585,0.005105980145198964,0.015494262902808328,0.11779900645730966,Phase 1 - Calm Baseline
2.169248125,0.001678078901,-0.01350063179,0.007156678475,0.01537208685,0.015372086856431313,0.001520354869552177,-0.010009057673560228,0.005523376917011543,0.01372116337356395,0.11866640667613426,Phase 1 - Calm Baseline
2.179234125,0.009883011691,-0.01080977358,0.004225336947,0.01524396921,0.015243969209198502,0.004977801988771087,-0.009204823543101965,0.0047059914915333085,0.01237135854993998,0.12211373540555749,Phase 1 - Calm Baseline
2.189220125,0.01181700639,-0.007472719997,0.0020299647,0.01412812588,0.014128125879185485,0.00546466172851639,-0.006930497016657341,0.002406613063260782,0.0118810246442157,0.12668944287064376,Phase 1 - Calm Baseline
2.199206125,0.009109903127,-0.003769860836,0.001160442363,0.009927175438,0.009927175438359897,0.0029263321895371228,-0.0037970680135554985,-0.0013456422856522067,0.012655026213450011,0.13067827031318582,Phase 1 - Calm Baseline
2.209192125,-0.001582995523,-0.001490357332,-0.005934049375,0.006319808683,0.006319808682849671,-0.0017819579995489861,-0.0006719164549450212,-0.006239237595049677,0.014876678792837505,0.13259400053003903,Phase 1 - Calm Baseline
2.219178125,-0.01012455299,0.002952327952,-0.01136290282,0.01550285052,0.015502850514671243,-0.007135410187464769,0.001557267597717411,-0.011717780831971085,0.018314146710653123,0.13163128935075077,Phase 1 - Calm Baseline
2.229164125,-0.01751702651,0.007035596296,-0.01794436201,0.02604507557,0.02604507556023332,-0.011445235583971303,0.0022416795649783145,-0.017074799190734655,0.02229410178234483,0.12790412871736162,Phase 1 - Calm Baseline
2.239151125,-0.02012585849,0.005873392336,-0.02419053763,0.03201138904,0.032011389040785695,-0.01342462025824921,0.001191469952260347,-0.0215933659685681,0.025919417623793323,0.12237721112149756,Phase 1 - Calm Baseline
2.249137125,-0.01678051427,0.001300314907,-0.02514097653,0.03025467202,0.030254672017806624,-0.0125811385658222,-0.0012415406198025456,-0.024682520980836037,0.02840818241382618,0.11652589027997312,Phase 1 - Calm Baseline
2.259123125,-0.007403259166,-0.006591963116,-0.02329141274,0.02531308222,0.025313082219016746,-0.009279464729019,-0.004308676646504781,-0.025959149894202338,0.029342675730617204,0.11186040652527898,Phase 1 - Calm Baseline
2.269109125,0.001897113398,-0.01981103793,-0.02524677664,0.03214772144,0.03214772144054411,-0.004468002064539809,-0.007224886333142187,-0.025267590439328396,0.028732215635470168,0.10951591123190899,Phase 1 - Calm Baseline
2.279095125,0.006691868883,-0.01594173163,-0.02198786661,0.0279711672,0.027971167200697204,0.0007713550670243327,-0.009570135471593806,-0.022685069058858066,0.026948810830979532,0.11004673262645338,Phase 1 - Calm Baseline
2.289081125,0.007414121181,-0.008948747069,-0.02261710353,0.02542798929,0.025427989285003002,0.005602249138688031,-0.0114585517620873,-0.01856266489553079,0.024609645540102174,0.11345842960365721,Phase 1 - Calm Baseline
2.299067125,0.006957655307,-0.002390979091,-0.01767214574,0.01914237403,0.019142374028328475,0.009555607734032212,-0.013316185473741367,-0.013586249330034304,0.022410570660236342,0.1193831064966135,Phase 1 - Calm Baseline
2.309054125,0.007346852683,-0.007073618472,-0.01099372003,0.01499580617,0.014995806171431635,0.012386104374034453,-0.0154070628988866,-0.008770080527684347,0.020917506268028154,0.12724928159616208,Phase 1 - Calm Baseline
2.319040125,0.009069385007,-0.0165289063,-0.002273465507,0.01899018518,0.01899018518316488,0.013822322542280916,-0.017466100543876494,-0.005287777884985103,0.02040192253019576,0.13633528155550392,Phase 1 - Calm Baseline
2.329026125,0.01262475364,-0.0250190571,0.0009718306828,0.02804072177,0.02804072177244703,0.01341929765342437,-0.018716439502724207,-0.004130130985579597,0.020832145031237464,0.14571685520319705,Phase 1 - Calm Baseline
2.339012125,0.01337576471,-0.02263898961,0.0002330697607,0.02629618326,0.026296183252562,0.010639954350059875,-0.018249544356691322,-0.005707373563554862,0.022022290555064442,0.15418802387339936,Phase 1 - Calm Baseline
2.348998125,0.009934579022,-0.01660836861,-0.005847879685,0.02021710822,0.020217108226455918,0.00514076960200845,-0.01551005730678917,-0.009584710796828232,0.02378779116080927,0.16029088922699317,Phase 1 - Calm Baseline
2.358984125,0.0007426785305,-0.01448156871,-0.0144083444,0.02044181479,0.020441814793484656,-0.0028882376380700656,-0.010632147559654564,-0.014499400129132306,0.025959393600795244,0.1625236388119118,Phase 1 - Calm Baseline
2.368970125,-0.008383329958,-0.008343463764,-0.02192609757,0.02491279518,0.02491279517466961,-0.012508360155496398,-0.004528926450224781,-0.018686340108717916,0.028293177885960367,0.15970736370544183,Phase 1 - Calm Baseline
2.378957125,-0.0203619618,0.0002822494134,-0.02556291036,0.03268258771,0.03268258770583228,-0.02205996475254771,0.001258697822368986,-0.020406844527595377,0.030457874178800276,0.15140565131227232,Phase 1 - Calm Baseline
2.388943125,-0.03158436716,0.006080752704,-0.02325556427,0.03969091926,0.039690919261979686,-0.029458559270743794,0.0049324318139104,-0.018494120055464195,0.03220985058397911,0.13825569403901744,Phase 1 - Calm Baseline
2.398929125,-0.03734345362,0.01404706761,-0.01585543714,0.04293307028,0.0429330702793254,-0.032696716368453865,0.004974574763276031,-0.012730703437708808,0.03366138201346765,0.12206279797598787,Phase 1 - Calm Baseline
2.408915125,-0.03753018007,0.008342945948,-0.006588798948,0.03900681267,0.039006812671058384,-0.030410749390537405,0.000711243461642197,-0.003945741291441851,0.035398995350040714,0.10559750143249327,Phase 1 - Calm Baseline
2.418901125,-0.02557844296,-0.002495053923,0.005721662659,0.02632906117,0.026329061166704106,-0.022325720737737424,-0.007320644714223002,0.006185219102878598,0.038244983850717555,0.09209911678398912,Phase 1 - Calm Baseline
2.428887125,-0.01159301214,-0.01673630998,0.01952191442,0.02820650891,0.02820650890923297,-0.00942176188429631,-0.017394810304541368,0.015581334898413226,0.04269736583545641,0.08460521607448461,Phase 1 - Calm Baseline
2.438873125,0.005029106978,-0.03059273586,0.02939078957,0.04272032205,0.04272032204869152,0.006233313862599362,-0.02704550879790097,0.02232549777588287,0.04838500977581706,0.0852814219277701,Phase 1 - Calm Baseline
2.448860125,0.02319553122,-0.04341617227,0.03052064963,0.0579181037,0.05791810370681632,0.02193171305459222,-0.0338037710197359,0.02519324836246936,0.05395244555800711,0.09492812769016383,Phase 1 - Calm Baseline
2.458846125,0.03981152549,-0.04126673564,0.02686493099,0.06332160413,0.06332160412781745,0.03494267323822166,-0.0359618973368136,0.023955780578161653,0.05751958623917318,0.11278697867414174,Phase 1 - Calm Baseline
2.468832125,0.05160083249,-0.04012003541,0.01953307167,0.06821879539,0.06821879538533387,0.0431605838456804,-0.0330959577200223,0.019341800904776944,0.05748372012520926,0.13671893888600808,Phase 1 - Calm Baseline
2.478818125,0.05203998461,-0.03156223521,0.00801010523,0.06138808089,0.061388080890805455,0.04561196545170723,-0.026164063382370126,0.012677743309439478,0.05325730415763903,0.16370314703109745,Phase 1 - Calm Baseline
2.488804125,0.04551680014,-0.01194661669,4.688999616e-05,0.04705850554,0.04705850554357024,0.04264178408405304,-0.01713414390020214,0.005348415715861308,0.04561125414640833,0.19053893806767588,Phase 1 - Calm Baseline
2.498790125,0.03231151402,0.006312015466,-0.008142063394,0.03391413678,0.033914136784231955,0.03568169233751364,-0.00824256759160447,-0.0017169829258161314,0.03649590168714581,0.21453389814914867,Phase 1 - Calm Baseline
2.508776125,0.01791697927,0.008358496241,-0.01254251786,0.02341361484,0.023413614839251966,0.026668675483373844,-0.0011593466634304977,-0.008337306254534514,0.028437934607355376,0.23395930602996504,Phase 1 - Calm Baseline
2.518763125,0.01021192223,0.005868440494,-0.01387889218,0.0182029008,0.018202900801994507,0.017347981181333003,0.0035515462481792884,-0.015030879758977751,0.023766287105993364,0.24814126570240344,Phase 1 - Calm Baseline
2.528749125,0.005865418818,0.00259318063,-0.01831961609,0.01940968978,0.019409689780502486,0.008755925733420393,0.006409390593518371,-0.02263143511989119,0.02393560821768433,0.257197364806809,Phase 1 - Calm Baseline
2.538735125,0.00142619526,-0.001197562786,-0.02401185594,0.02408396594,0.024083965936476735,0.0010827957644944923,0.008484830316270531,-0.031710342790433395,0.029127322927553555,0.2616003550096433,Phase 1 - Calm Baseline
2.548721125,-0.003859451972,0.004162424244,-0.03394863009,0.03441991619,0.034419916183786196,-0.006078940502972636,0.01068168262655345,-0.042039739079092156,0.038203570816772066,0.2617594189141203,Phase 1 - Calm Baseline
2.558707125,-0.008798017167,0.01353941485,-0.04678187147,0.04949004303,0.04949004302672232,-0.013255756915190632,0.013198235169073605,-0.052337200057859225,0.04901631595889457,0.2578165408241076,Phase 1 - Calm Baseline
2.568693125,-0.01358852349,0.01070910692,-0.06099430099,0.06340061274,0.06340061273300905,-0.020589683864982822,0.015370884993957341,-0.06044830065824292,0.05901578585826309,0.24972246080335764,Phase 1 - Calm Baseline
2.578679125,-0.02216816321,0.01059405785,-0.0728552267,0.07688657606,0.07688657606723515,-0.027497321064788242,0.0158960157354891,-0.06396703770816278,0.06602189047515457,0.2375541850560595,Phase 1 - Calm Baseline
2.588666125,-0.02889906615,0.02155243792,-0.07329666615,0.08168270853,0.08168270853333699,-0.03263477597186275,0.013339207794510541,-0.06110027557716754,0.06892374633492376,0.2219385119315069,Phase 1 - Calm Baseline
2.598652125,-0.03581529483,0.02327363938,-0.06062641367,0.07416171296,0.07416171295376121,-0.03423730347543698,0.006820197104526504,-0.051430690655250834,0.06801452201076892,0.2043962428841569,Phase 1 - Calm Baseline
2.608638333,-0.03985117376,0.00544867292,-0.03948193043,0.05636157306,0.05636157305397192,-0.030783203964805397,-0.003360810917730563,-0.036229706755482316,0.06474087645112594,0.18738331317565352,Phase 1 - Calm Baseline
2.618624333,-0.03722662479,-0.01230582315,-0.01267561875,0.04120589991,0.04120589990947741,-0.02178319016821785,-0.015516601282562211,-0.018155955421444703,0.06090763007140626,0.17393358349831428,Phase 1 - Calm Baseline
2.628610333,-0.02171074226,-0.04044787213,0.01112215035,0.04723440397,0.04723440396292712,-0.008361511374181034,-0.027012165374193882,-0.00045806957269269223,0.057731418447029885,0.16689820291740284,Phase 1 - Calm Baseline
2.638596333,0.005297704134,-0.05190026388,0.02163151465,0.05647676943,0.056476769436275276,0.006734868778665116,-0.03519112973441257,0.01396910179188233,0.055296993011723757,0.168021206673377,Phase 1 - Calm Baseline
2.648582333,0.03314612433,-0.04139659181,0.02417477407,0.05828175592,0.058281755918289914,0.019880659993841143,-0.038300324921972745,0.023278698459866107,0.05273057716473298,0.17722366944714946,Phase 1 - Calm Baseline
2.658569333,0.0498393476,-0.03211920336,0.02252467908,0.06342684732,0.0634268473229724,0.02787009348577103,-0.03592849375565737,0.026898394191604325,0.04893774311312315,0.19247397839660385,Phase 1 - Calm Baseline
2.668555333,0.04509142041,-0.02015570179,0.02338577993,0.05464781068,0.05464781068051276,0.029196132712667484,-0.02883564106361267,0.02535835344599264,0.043433450276976045,0.21038771052393562,Phase 1 - Calm Baseline
2.678541333,0.02917930111,-0.01374893449,0.02031542175,0.0381206135,0.038120613501867094,0.0246560790855397,-0.01846049339020057,0.019966744981634383,0.036784938149279856,0.22738198439535273,Phase 1 - Calm Baseline
2.688527333,0.004705773667,-0.01312074438,0.01661817916,0.02169013871,0.021690138715190148,0.016942973092337107,-0.006507145358199632,0.012531770328772432,0.030428269973868875,0.24087090098736819,Phase 1 - Calm Baseline
2.698513333,-0.008937867358,-0.002652656753,0.0104276631,0.01398778819,0.013987788191331037,0.009418766033268732,0.005213406960365866,0.005150151982102767,0.0259814355388806,0.25000076017041306,Phase 1 - Calm Baseline
2.708499333,-0.01100045815,0.0108053023,-0.0003418060951,0.01542340652,0.015423406520964628,0.004695570766157381,0.014832394667334815,-5.652100074464807e-05,0.024469604763391342,0.2556269091082567,Phase 1 - Calm Baseline
2.718485333,0.001129972748,0.02813608944,-0.01002798881,0.02989108441,0.029891084405895805,0.003720291946921254,0.02063608486836241,-0.0013681680443341066,0.025903886765944698,0.25962285096164234,Phase 1 - Calm Baseline
2.728472333,0.01350195333,0.03726061061,-0.009318256751,0.04071223103,0.04071223103237036,0.005734861770484848,0.02153426813266337,0.0019914747579198133,0.029387363089018223,0.2639165408551754,Phase 1 - Calm Baseline
2.738458333,0.02002430148,0.02188192308,0.0008803186938,0.02967433518,0.02967433518115647,0.008982069130736103,0.017554770892980368,0.009438475401965766,0.03355701843326409,0.26971507860428934,Phase 1 - Calm Baseline
2.748444333,0.02147870325,0.008583698422,0.02029792592,0.03077369605,0.03077369604963326,0.011664494786728973,0.009992524891235482,0.019033826412326597,0.03702137983994295,0.27720995288224315,Phase 1 - Calm Baseline
2.758430333,0.01454543043,-0.006067415699,0.03726971895,0.04046498523,0.04046498523749182,0.0126347917569091,0.0010404776639275002,0.02802973081386962,0.03865108253263645,0.2857497901121237,Phase 1 - Calm Baseline
2.768416333,0.006152773742,-0.01652405411,0.04307130724,0.04654071869,0.04654071869140967,0.011550259201177018,-0.006917700724644882,0.03377663552797875,0.037830983866530166,0.2942569470739107,Phase 1 - Calm Baseline
2.778402333,0.0001848959364,-0.01165339909,0.04167048261,0.04326967781,0.04326967781031449,0.008568173719846047,-0.011985366453495412,0.03460481427319269,0.03473940155455632,0.30160073478397353,Phase 1 - Calm Baseline
2.788388333,-0.001472347882,-0.008117891848,0.03426166996,0.0352410273,0.03524102729475151,0.0038979046629558805,-0.013128983337060168,0.03032480025032898,0.03049071821611612,0.3067553535354758,Phase 1 - Calm Baseline
2.798375333,-0.00136848446,-0.0119842682,0.01951760799,0.02294411593,0.022944115926705578,-0.0024531047360881572,-0.010239853873171861,0.022202550893770493,0.026913549141566274,0.3087572293425064,Phase 1 - Calm Baseline
2.808361333,-0.003989256453,-0.01130654477,0.01001747884,0.01562376407,0.015623764078917225,-0.010589589473272364,-0.004051172639689295,0.012493931005720946,0.025928907617157666,0.3066143538586297,Phase 1 - Calm Baseline
2.818347333,-0.01398463175,-0.0006501725875,-0.000177368056,0.01400086101,0.01400086100937845,-0.020403930889815645,0.003984425770929311,0.0037568596769624314,0.02876406745795083,0.2993361450338864,Phase 1 - Calm Baseline
2.828333333,-0.02579704672,0.01410570927,-0.006018983666,0.03001144478,0.030011444781203083,-0.0312848008927792,0.01193603554640289,-0.0018273293610051242,0.03539589855343625,0.28613749509469355,Phase 1 - Calm Baseline
2.838319333,-0.04617848247,0.02592428587,-0.006461068522,0.05335041001,0.05335041000355628,-0.042097285726878216,0.017856404383978786,-0.002961365158292253,0.04454643345513203,0.2667328573410126,Phase 1 - Calm Baseline
2.848305333,-0.05826703459,0.02895645425,-0.001399210189,0.06508057584,0.06508057584101112,-0.051489032883749605,0.020380818828943405,0.0005097831871345597,0.054245185579730966,0.2415482368009523,Phase 1 - Calm Baseline
2.858291333,-0.06485622376,0.02255528048,0.005632068031,0.0688969566,0.06889695659638727,-0.0583577268019369,0.0192042223353666,0.007604636327432266,0.06261487650605542,0.21171186461030822,Phase 1 - Calm Baseline
2.868278333,-0.0634579882,0.018021781,0.01418360323,0.06747499876,0.06747499875797973,-0.06220649584588434,0.015196362820195541,0.016446121515834775,0.06842895638767564,0.17880616905047217,Phase 1 - Calm Baseline
2.878264333,-0.05977110937,0.00820909813,0.026395794,0.06585372236,0.06585372235734975,-0.06319730328072348,0.010089846688001003,0.024690488760585085,0.07122035694901725,0.14451927282032306,Phase 1 - Calm Baseline
2.888250333,-0.0585860014,-0.003715526545,0.03526724875,0.06848287035,0.06848287035413876,-0.0619180296259364,0.0058559551386532585,0.030086600789529346,0.07105611697241074,0.11031490037957246,Phase 1 - Calm Baseline
2.898236333,-0.05693937093,-0.002637478989,0.03786862269,0.06843303911,0.06843303910947642,-0.0590402073108533,0.00399413943604895,0.031065922722861676,0.068249955718978,0.07729978092096366,Phase 1 - Calm Baseline
2.908222333,-0.0557057187,-0.001159423264,0.0338740088,0.06520674682,0.06520674681634647,-0.05505362107817003,0.0050035201024313716,0.027202347753120956,0.06320149755664947,0.04624841654408708,Phase 1 - Calm Baseline
2.918208333,-0.04894128814,0.006564809475,0.02198645473,0.05405322007,0.05405322006911238,-0.05015581626838004,0.00824791911808542,0.019370778061296706,0.05637420572646823,0.017738679451826316,Phase 1 - Calm Baseline
2.928194333,-0.04232420772,0.0202508457,0.007635422982,0.04753667,0.047536670001220846,-0.04427076073852427,0.012263106402673073,0.009514329161523056,0.048334812708964905,-0.0076863203844506935,Phase 1 - Calm Baseline
2.938180333,-0.03613661975,0.02217178419,-0.008899877779,0.04332033155,0.04332033155003736,-0.03715240257318131,0.015358549438268683,7.656860318535857e-05,0.039809131440423196,-0.029391331885808163,Phase 1 - Calm Baseline
2.948167333,-0.03133623675,0.01943304203,-0.01086080447,0.03843904174,0.038439041740493084,-0.02856165197410325,0.016232656819441933,-0.006697059750194064,0.031740224239242415,-0.04660403919731923,Phase 1 - Calm Baseline
2.958153333,-0.02384503186,0.01525267772,-0.01100967452,0.03037174106,0.03037174106090951,-0.018500014915281148,0.01433939003195099,-0.009326246483177517,0.025277313255694062,-0.058478988465971514,Phase 1 - Calm Baseline
2.968139333,-0.01215352677,0.00701781176,-0.006852774881,0.01561788777,0.015617887770680308,-0.007417250176686583,0.009916226876368282,-0.007362675705885521,0.021564779437190876,-0.06430499321290296,Phase 1 - Calm Baseline
2.978125333,0.004422788043,7.894542068e-05,-0.000793550862,0.004494108301,0.004494108301246317,0.0037387145161564684,0.003772995426001254,-0.001367456285792704,0.021293891443000656,-0.06376899056642776,Phase 1 - Calm Baseline
2.988111333,0.017339468,-0.001663238974,0.004689558409,0.01803927583,0.018039275830228862,0.013709507011749843,-0.002978546571519282,0.0072786211210630015,0.02422368674859448,-0.057189091129628986,Phase 1 - Calm Baseline
2.998097333,0.02689675428,-0.002886695322,0.01276080124,0.0299099724,0.029909972399979584,0.021292319974884382,-0.009125709326650284,0.01663457483414323,0.029036583950484668,-0.04558749438527178,Phase 1 - Calm Baseline
3.008083333,0.0293389149,-0.01336474158,0.02417467348,0.04029644008,0.04029644007693779,0.025706501942191765,-0.013495950856354657,0.02452585343116385,0.0337407928814467,-0.0305538233993782,Phase 2 - Tilt / Movement
3.018070333,0.0266959928,-0.02286636829,0.03659752011,0.05074372187,0.05074372186343276,0.026779545553301868,-0.015145849521638862,0.02898103156768206,0.03646869469835945,-0.013948716170958811,Phase 2 - Tilt / Movement
3.028056333,0.02161193267,-0.01817132533,0.03581029549,0.04560317928,0.04560317928678248,0.024880467980992665,-0.013632350047469797,0.028744141101485536,0.0362620658133177,0.0024184183845264535,Phase 2 - Tilt / Movement
3.038042333,0.0168046616,-0.01106521208,0.02934813313,0.03558298032,0.035582980314781056,0.020673089272511012,-0.009232155134519944,0.023691134875370612,0.03343443413781038,0.017038631195868056,Phase 2 - Tilt / Movement
3.048028333,0.01308498532,-0.002647066489,0.01627385058,0.02104903832,0.0210490383277234,0.014850574043965354,-0.002936655169520501,0.01494024619652134,0.029318155769854984,0.028789513743572945,Phase 2 - Tilt / Movement
3.058014333,0.008046817034,0.006100884639,0.002425145591,0.01038524862,0.010385248619778222,0.007995673708262575,0.003813223606165846,0.00456551116269154,0.025534993544184672,0.03691366879330209,Phase 2 - Tilt / Movement
3.068000333,0.003142086789,0.0127461683,-0.01026833989,0.01666662293,0.016666622927818894,0.0006122863859388376,0.009543375881580524,-0.005000332750664829,0.023203934000446364,0.04096456544807265,Phase 2 - Tilt / Movement
3.077986333,-0.001529896632,0.0191880893,-0.01916782558,0.02716484662,0.027164846624906272,-0.006735838908385663,0.013159490195185851,-0.011668280632291972,0.022527602754636698,0.040801102983446295,Phase 2 - Tilt / Movement
3.087973333,-0.01236824691,0.01686788723,-0.02116778679,0.02975860126,0.029758601257747652,-0.013307600399191774,0.0142184285325422,-0.014264053528602246,0.02292465870428783,0.03665505440918377,Phase 2 - Tilt / Movement
3.097959333,-0.01856968366,0.01027629804,-0.01339854579,0.02509893388,0.02509893388026881,-0.0182072839151737,0.012964151135222375,-0.012774506481319437,0.023504212791958478,0.02922769491812619,Phase 2 - Tilt / Movement
3.107945333,-0.02423636615,0.006628722418,-0.004439809825,0.02551574644,0.025515746438893927,-0.02058090058842303,0.010127215648235988,-0.00819281360355129,0.023529073290904735,0.019719605513023156,Phase 2 - Tilt / Movement
3.117931333,-0.02263846993,0.00490965182,0.003115311963,0.02337327899,0.023373278982461027,-0.019908154550085894,0.006605427670282153,-0.002053477056904498,0.022659272341317597,0.009724934732491237,Phase 2 - Tilt / Movement
3.127917333,-0.01939267293,0.003027547617,0.007475588471,0.02100300528,0.02100300528331375,-0.01625506141668379,0.003188166514020649,0.004120868711028464,0.020974260020526984,0.0009677906226327056,Phase 2 - Tilt / Movement
3.137903333,-0.01308923494,0.0006000762805,0.01237074472,0.01802008568,0.018020085676387427,-0.010374740215900876,0.00041432130604949444,0.009235548713138534,0.01885593151752382,-0.005062055029574085,Phase 2 - Tilt / Movement
3.147889333,-0.003778074868,-0.004985109437,0.01356946491,0.01494173831,0.014941738310879393,-0.0036050702694529397,-0.0014476770037808132,0.012784629390705082,0.016808646906557468,-0.0074730187014352455,Phase 2 - Tilt / Movement
3.157875333,0.005662830546,-7.290882058e-05,0.01040776074,0.01184881636,0.011848816359025672,0.0024255021886967756,-0.0023399455564607156,0.014762264560347989,0.015282017626909358,-0.006222116839722971,Phase 2 - Tilt / Movement
3.167862333,0.01064184308,0.003275166266,0.0102461474,0.01513139368,0.015131393681740457,0.0062089204532159515,-0.002301306334261924,0.015424477660346951,0.014561383681728211,-0.0021632434211210864,Phase 2 - Tilt / Movement
3.177848333,0.0103350468,0.000613336917,0.01494742557,0.01818281897,0.01818281897018818,0.006753307587137614,-0.0013520528539948872,0.01506083174041512,0.014767500265456443,0.0031333127463342757,Phase 2 - Tilt / Movement
3.187834333,0.006215066649,-0.004371193703,0.01640072465,0.01807534666,0.018075346660182665,0.003823543016723704,0.0005235882257359329,0.013916555508050798,0.015938406626731308,0.007747465319923525,Phase 2 - Tilt / Movement
3.197820333,-0.0050216089,-0.0007407728117,0.01706944406,0.01780817848,0.017808178481264793,-0.0020497162391238813,0.003254346119216852,0.012281480485248355,0.018097736758470585,0.009843267965308702,Phase 2 - Tilt / Movement
3.207806333,-0.01098651625,0.006907453761,0.01357014664,0.01877672326,0.018776723265867514,-0.009764150829125422,0.00651679377228193,0.010621362125250697,0.021227108878421483,0.008051932679853456,Phase 2 - Tilt / Movement
3.217792333,-0.01825374924,0.006831553765,0.008604150265,0.02130494989,0.021304949893008098,-0.017932201177577788,0.009678823598549073,0.009591326338941018,0.025155651580533532,0.0017169706141170135,Phase 2 - Tilt / Movement
3.227778333,-0.02478508092,0.0110922372,0.006538857706,0.02793017405,0.02793017404906972,-0.02514703065823218,0.011915711773699636,0.009860229334729574,0.029465938335841935,-0.009018692287806693,Phase 2 - Tilt / Movement
3.237765333,-0.03046081215,0.01837811247,0.006105029024,0.03609553261,0.036095532606978384,-0.030185493069853853,0.012467581781720163,0.011812407591621546,0.033518297097842424,-0.023261176411548498,Phase 2 - Tilt / Movement
3.247751333,-0.03437010199,0.01578115858,0.01059269346,0.03927536164,0.039275361636369896,-0.03216604943023153,0.010957525164080781,0.015287979660320306,0.036613049624422245,-0.039510220071674276,Phase 2 - Tilt / Movement
3.257737333,-0.03144142404,0.01386980712,0.01930043101,0.03941372011,0.03941372010329477,-0.03067635461120268,0.007636252535542699,0.0195246078698419,0.03820829288772079,-0.055899688334960417,Phase 2 - Tilt / Movement
3.267723333,-0.02688319609,0.0004425765947,0.0261330083,0.03749448264,0.03749448264562982,-0.025851970491862556,0.003398225198806452,0.02337441541734312,0.03807991622870489,-0.07048283861536439,Phase 2 - Tilt / Movement
3.277709333,-0.01932141557,-0.003877869807,0.03384179622,0.03916148804,0.039161488036905424,-0.018379320800044268,-0.0004934252878257757,0.025729791454228594,0.036369437436681466,-0.08154808018318796,Phase 2 - Tilt / Movement
3.287695333,-0.01276782807,-0.00897036586,0.03227891028,0.03585265605,0.035852656054351444,-0.009412203024515576,-0.0028696331590944532,0.025967990086735265,0.03352891082219005,-0.08791026879577911,Phase 2 - Tilt / Movement
3.297681333,-0.00110984128,-0.007677667774,0.02512645908,0.02629671607,0.026296716069000414,-0.00039433342348708597,-0.003091646783219807,0.024187676805932222,0.030176198508267364,-0.08912735129910519,Phase 2 - Tilt / Movement
3.307667333,0.01358736679,-0.004698235542,0.01623844728,0.02168817935,0.021688179350960887,0.007222320695144819,-0.00126307782077098,0.021103790545397773,0.026876373343478484,-0.08558566540172068,Phase 2 - Tilt / Movement
3.317654333,0.01715120859,0.006586110219,0.01194303297,0.02191293774,0.021912937740910347,0.012324408623055479,0.0018716989819005392,0.01765857231522437,0.023929289726734748,-0.07840471038586266,Phase 2 - Tilt / Movement
3.327640333,0.01614756323,0.01109405048,0.00973573979,0.02187707439,0.021877074383432202,0.014420119040253539,0.005290276082196819,0.014571067800309385,0.021292310990938267,-0.06916534388970948,Phase 2 - Tilt / Movement
3.337626333,0.01143723074,0.01405655034,0.01200288907,0.02173628764,0.021736287642734223,0.013716889756194126,0.00813192931306816,0.012063942730748716,0.01870002001927262,-0.05952761941669838,Phase 2 - Tilt / Movement
3.347612333,0.007488511037,0.01008151472,0.01299441606,0.01807123641,0.01807123640875835,0.01097392662593056,0.009983585574764038,0.009876143582355482,0.015912150456774896,-0.05087577418137528,Phase 2 - Tilt / Movement
3.357598333,0.004808305763,0.005985572468,0.01043725014,0.01295697004,0.012956970037979892,0.0072534179977877065,0.010878740455543606,0.007497073038092039,0.012955756026528573,-0.044072984902276326,Phase 2 - Tilt / Movement
3.367584333,0.00633879099,0.009102484211,0.006063580513,0.0126413013,0.012641301304218755,0.003728536049592388,0.011062510338827547,0.004455440448200229,0.010265951465967824,-0.039342941215810924,Phase 2 - Tilt / Movement
3.377570333,0.007983293384,0.01127109677,-0.0007575739874,0.01383273342,0.013832733424746814,0.0016119630314209224,0.010703305317466206,0.0005157552873572332,0.008698820920868865,-0.036226792707856,Phase 2 - Tilt / Movement
3.387556333,0.004307902418,0.004551248159,-0.005185584072,0.008134012861,0.008134012860549903,0.002123561615607916,0.00970501031101717,-0.004260370968768063,0.00940862264578968,-0.03356979179854057,Phase 2 - Tilt / Movement
3.397543333,0.0003523090854,0.006662336644,-0.008102544583,0.0104958125,0.010495812496855267,0.0063472437078168535,0.00767017791790856,-0.009536529995998458,0.013573632354944435,-0.02955773035417999,Phase 2 - Tilt / Movement
3.407529333,0.007020981051,0.00476494059,-0.01292990334,0.01546548526,0.015465485253508012,0.014927715790310936,0.004014710531417139,-0.014742424977875352,0.02200963721886711,-0.021883086033945776,Phase 2 - Tilt / Movement
3.417515333,0.02438559011,0.002211235464,-0.01810335927,0.03045124273,0.030451242735705816,0.027753533070907693,-0.0017800459502848602,-0.019124563789339116,0.03481144308420281,-0.008084576966255511,Phase 2 - Tilt / Movement
3.427501333,0.04576208815,-0.002322585788,-0.0223125387,0.05096481629,0.05096481629349789,0.04385378168918316,-0.009853071853180701,-0.021845483350906747,0.051195012979997276,0.013989038180590703,Phase 2 - Tilt / Movement
3.437487333,0.06643460691,-0.01509883441,-0.02429845743,0.07233219774,0.07233219773589313,0.061601237215642306,-0.019741831980690946,-0.0221544656660463,0.069623718681567,0.04574573098178484,Phase 2 - Tilt / Movement
3.447473333,0.07872365415,-0.03921168298,-0.02073709667,0.09036037286,0.09036037285864727,0.07910501951438204,-0.030407522165251107,-0.01959823072208692,0.08815627831040673,0.08758702130290817,Phase 2 - Tilt / Movement
3.457459333,0.09449595958,-0.04034645483,-0.01339209732,0.103617909,0.1036179089970579,0.09459820793367169,-0.04052966102246705,-0.014208434510164873,0.10486436299793796,0.13886801330821874,Phase 2 - Tilt / Movement
3.467446333,0.1098800227,-0.06180758774,-0.011456348,0.1265900675,0.12659006754199723,0.10671583216664868,-0.048901721416329674,-0.006620404691964997,0.11818957179888016,0.19805377288191828,Phase 2 - Tilt / Movement
3.477432333,0.1185520738,-0.04750215262,-0.004971284419,0.1278114329,0.12781143287902305,0.1146629030513318,-0.05468126283083512,0.0019018354639247803,0.12717060039401654,0.26297367055635923,Phase 2 - Tilt / Movement
3.487418333,0.1155676171,-0.04247815162,0.007988371886,0.1233859051,0.12338590508081933,0.11827605536802212,-0.05737345640142793,0.009591518588696403,0.13150028340423486,0.3312006917651421,Phase 2 - Tilt / Movement
3.497404333,0.1168113202,-0.0606520921,0.02104904689,0.133291497,0.13329149702044474,0.11796247869614357,-0.056685801565051215,0.014537906889013612,0.13143333783700797,0.4003716484047739,Phase 2 - Tilt / Movement
3.507390333,0.1147158593,-0.0602414906,0.02603935078,0.1321620723,0.13216207229644658,0.11454919170277003,-0.05253935805326553,0.015255479079356423,0.1276620583674041,0.4684764319851196,Phase 2 - Tilt / Movement
3.517376333,0.1101637185,-0.05676553398,0.01866505668,0.1253265936,0.12532659359708692,0.10912319172775395,-0.045326255661331576,0.011245618335205024,0.12124397894412987,0.534052491556357,Phase 2 - Tilt / Movement
3.527362333,0.1067166775,-0.03672903031,0.00331770815,0.1129091587,0.11290915866979295,0.10290028035828869,-0.0361549957550744,0.0032475927092720756,0.11350727226564913,0.596296055881982,Phase 2 - Tilt / Movement
3.537348333,0.09862918407,-0.02329071611,-0.01441787928,0.10236234,0.102362339999451,0.09707784070258359,-0.026759268007948905,-0.006978224221915799,0.1058115171255224,0.6550937123595632,Phase 2 - Tilt / Movement
3.547335333,0.08918562531,-0.01246299408,-0.02081971616,0.09242760716,0.09242760715477163,0.09259801380201574,-0.01901674052228244,-0.01721746069462056,0.09917345892675755,0.7109497116770918,Phase 2 - Tilt / Movement
3.557321333,0.08333839476,-0.005385910161,-0.02665550075,0.0876630583,0.087663058295209,0.08980812736521628,-0.014312789535381955,-0.025426543109261863,0.09391647856404868,0.7647204143287004,Phase 2 - Tilt / Movement
3.567307333,0.07838297635,-0.01614928804,-0.03110436723,0.08586135421,0.08586135420817821,0.08812703162584412,-0.013059556749512593,-0.030177005327644002,0.0895431978657694,0.8172120681143077,Phase 2 - Tilt / Movement
3.577293333,0.07739280909,-0.005629535764,-0.03220345452,0.08401429078,0.08401429077711155,0.08592726462287271,-0.01455610949493829,-0.03086524876480779,0.08496141947573632,0.8685934931192776,Phase 2 - Tilt / Movement
3.587279333,0.08307681978,-0.02196840569,-0.03029527701,0.09111625894,0.09111625893566778,0.08084003694311355,-0.017197881617538914,-0.027750106738313556,0.07905570359345676,0.9178902705192585,Phase 2 - Tilt / Movement
3.597265333,0.08469575644,-0.02108370326,-0.02662677318,0.09125173287,0.09125173287164855,0.0705398300050549,-0.018940365358896382,-0.02186663804344216,0.07141446864320437,0.962785044058995,Phase 2 - Tilt / Movement
3.607251333,0.07147710025,-0.01675307937,-0.01519939769,0.07497108255,0.07497108254963941,0.05378892845479583,-0.017889932969783577,-0.014801400825559528,0.06283129031210133,0.999941095261507,Phase 2 - Tilt / Movement
3.617237333,0.04253839329,-0.02128444985,-0.003100124188,0.04766711108,0.04766711108398436,0.031270277653472504,-0.012889005239285812,-0.008297050081577696,0.0551513392692173,1.025862998255744,Phase 2 - Tilt / Movement
3.627224333,0.004392483272,-0.01417317055,0.004415627569,0.01548129321,0.015481293213498025,0.005735470251296602,-0.003975894796702879,-0.0037298517480531986,0.05033578895189179,1.0380390915363398,Phase 2 - Tilt / Movement
3.637210333,-0.02909304015,-0.001238729106,0.009249531664,0.03055312212,0.030553122114947633,-0.018688678305835767,0.007417588901320674,-0.0016358717464083658,0.04920936031658481,1.0359218160571908,Phase 2 - Tilt / Movement
3.647196333,-0.04987631366,0.01682692952,-0.001657416346,0.05266440212,0.05266440211685439,-0.03775698454077084,0.018706135877477673,-0.001533631509761388,0.0507551837277698,1.0213623136154983,Phase 2 - Tilt / Movement
3.657182333,-0.05829749256,0.04259620979,-0.01074758358,0.07299688542,0.07299688541346154,-0.048390456971141,0.026916431504640275,-0.0021988737767563386,0.05253450324216311,0.9983057908719682,Phase 2 - Tilt / Movement
3.667168333,-0.05292506889,0.04692304507,-0.01172587182,0.07169610272,0.07169610272247416,-0.04950888753221686,0.029793510445133307,-0.002298606845577851,0.05198981994965865,0.9718873092562528,Phase 2 - Tilt / Movement
3.677154333,-0.04392758012,0.03860945627,-0.00887362659,0.05915288376,0.05915288376337046,-0.04220333939598899,0.02677557260356338,-0.0010511047745854023,0.04777336045778486,0.9472388247925025,Phase 2 - Tilt / Movement
3.687140333,-0.02938405052,0.02047977597,0.00284381886,0.03592952761,0.03592952761242198,-0.02931933327388017,0.019324665433477273,0.001447977245133655,0.040316893812189995,0.9283661241412728,Phase 2 - Tilt / Movement
3.697126333,-0.01176537853,0.001568401698,0.008776542731,0.01476183315,0.01476183315681163,-0.014662906212922528,0.010402063147805405,0.004378993996222129,0.0314435261267992,0.9173721307726905,Phase 2 - Tilt / Movement
3.707113333,0.004669063725,-0.01174026728,0.0132544376,0.01831158507,0.018311585075198793,-0.0020502292193202787,0.0033196731019102077,0.006696166292815328,0.023423424551946393,0.914178903700874,Phase 2 - Tilt / Movement
3.717099333,0.01555846259,-0.009535169229,0.01133296732,0.02148072063,0.0214807206272575,0.005600591377151476,0.0004909497846373572,0.007678572477355826,0.01809468625461316,0.9167829337276177,Phase 2 - Tilt / Movement
3.727085333,0.01276705973,-0.002740751952,0.01004475169,0.01647442175,0.016474421747834957,0.006933307316490975,0.0026046611160148105,0.007276375180130461,0.016413060540345158,0.9219569543662788,Phase 2 - Tilt / Movement
3.737071333,0.004015645944,0.006852752995,0.006186096929,0.01006744412,0.01006744412316395,0.0023955050250458842,0.00849721606508715,0.006143186750062361,0.01838014767529602,0.9262140708656336,Phase 2 - Tilt / Movement
3.747057333,-0.005866700318,0.01935341768,0.003890803782,0.02059396277,0.020593962770379656,-0.006002926536531769,0.01568343725246701,0.005389116585973856,0.0231639610140863,0.926770417693344,Phase 2 - Tilt / Movement
3.757043333,-0.01886931807,0.02958421782,0.001787172863,0.03513504084,0.03513504084657192,-0.015317107878688722,0.02129646961276951,0.006169159604367352,0.029370712881693354,0.9222595787091343,Phase 2 - Tilt / Movement
3.767029333,-0.02541122213,0.03653815761,0.004800918512,0.04476400329,0.04476400328648306,-0.022485935000596296,0.02310941322924401,0.009251000606306282,0.03548547174044775,0.913033316479309,Phase 2 - Tilt / Movement
3.777015333,-0.03146804869,0.0292304419,0.01110249106,0.04436126835,0.044361268351602236,-0.025144815305616366,0.020299881306046562,0.01470536742558531,0.040343351030896514,0.9009955650633267,Phase 2 - Tilt / Movement
3.787002333,-0.03062199615,0.01163834706,0.02089817077,0.03885731993,0.038857319928575974,-0.0222709301458636,0.01367981602114309,0.021825391596292355,0.043384172575495004,0.8890181224656499,Phase 2 - Tilt / Movement
3.796988333,-0.02325276472,-0.0007956856862,0.03140513599,0.03908461013,0.03908461013474861,-0.014521764505025266,0.005308576699975031,0.029303895528292306,0.04458538633065006,0.8800808984616277,Phase 2 - Tilt / Movement
3.806974333,-0.006828788202,-0.009315724485,0.04011201113,0.04174192746,0.04174192745767075,-0.004140001478895911,-0.002312828464378082,0.0356012108182033,0.0442222125911835,0.8763305311341162,Phase 2 - Tilt / Movement
3.816960333,0.01086205803,-0.01322710887,0.04212535918,0.04546962282,0.04546962282392422,0.005637004852938307,-0.007096811456398999,0.03936235095491721,0.042701784131710475,0.8783471407417188,Phase 2 - Tilt / Movement
3.826946333,0.025099013,-0.01281895302,0.04053435847,0.04936922348,0.049369223476550615,0.011559797636148828,-0.007953283607174396,0.03973262559632364,0.04057959931923054,0.8848551147661984,Phase 2 - Tilt / Movement
3.836932333,0.02472297475,-0.004405227955,0.03584985808,0.04377035341,0.04377035341621989,0.011428990925950337,-0.004959138920802728,0.036488792268798066,0.03864113330546425,0.8930200475810899,Phase 2 - Tilt / Movement
3.846918333,0.01039543934,0.002694280352,0.02919149026,0.03110413814,0.03110413813765731,0.004817096681331916,0.0008619162780464889,0.030004640551084292,0.037824249963316396,0.8992560431579827,Phase 2 - Tilt / Movement
3.856904333,-0.009628601372,0.01459328458,0.02287900075,0.02879448896,0.028794488961123216,-0.006856149140523779,0.008006167367956264,0.02113036325642896,0.03888103436815216,0.9002610655962782,Phase 2 - Tilt / Movement
3.866891333,-0.0313539505,0.01952625811,0.01198947616,0.03883416674,0.0388341667391744,-0.02089473621902809,0.014996522629166164,0.011049105377126976,0.0419415229221638,0.8939098668008436,Phase 2 - Tilt / Movement
3.876877333,-0.03977086768,0.01969350502,0.0005120511632,0.04438263458,0.04438263458140547,-0.03423265488827858,0.0207322103266183,0.0011183629681000794,0.04628010283895277,0.8797274926738691,Phase 2 - Tilt / Movement
3.886863333,-0.04383930564,0.02157736942,-0.008840913884,0.04965510395,0.04965510395104204,-0.044260680415326416,0.02458613850252622,-0.007322076820429489,0.050457127786572624,0.8588606400028715,Phase 2 - Tilt / Movement
3.896849333,-0.05049135163,0.02552390844,-0.01370251458,0.05821172904,0.058211729035417936,-0.04931996976441173,0.02630805833637566,-0.01316642224696761,0.05278294468408366,0.8336776410752033,Phase 2 - Tilt / Movement
3.906835333,-0.05020616949,0.02482227236,-0.01907314174,0.05916577892,0.05916577892504043,-0.04886826522369368,0.025883847622664075,-0.015738551508267237,0.05192653970174948,0.8071765142973377,Phase 2 - Tilt / Movement
3.916821333,-0.04669265822,0.02531016245,-0.01695219986,0.05575110523,0.055751105235578136,-0.043449006101003614,0.02346274952147282,-0.014915193727463447,0.04745429777037959,0.7823549400473349,Phase 2 - Tilt / Movement
3.926807333,-0.03729268536,0.0200113263,-0.01119025797,0.04377692811,0.04377692811379275,-0.03454023867427927,0.019362399926216488,-0.011134248589183738,0.04008409437899174,0.7616322964993458,Phase 2 - Tilt / Movement
3.936793333,-0.02442535385,0.01478753425,-0.003246580949,0.02873689907,0.028736899062895473,-0.024272149459666124,0.014096932004481238,-0.005270962164093995,0.03151569278728342,0.7463957264300888,Phase 2 - Tilt / Movement
3.946780333,-0.01258558035,0.008913135156,0.003934882581,0.01591615883,0.015916158832510012,-0.014991430344639047,0.008372745580642412,0.0015813262468310652,0.023868085296676146,0.7367506712093298,Phase 2 - Tilt / Movement
3.956766333,-0.002592866775,0.005100819748,0.008917124011,0.01059511306,0.010595113064146055,-0.008715278603723245,0.003026890131732931,0.008338779116578807,0.018942578895726,0.731557057560663,Phase 2 - Tilt / Movement
3.966752333,0.001598144881,-0.001438093372,0.01346094254,0.01363154994,0.01363154993654201,-0.006603907504848556,-0.0010972631195119312,0.01408207276956392,0.0176217538366361,0.7287629282208291,Phase 2 - Tilt / Movement
3.976738333,-0.003882107791,-0.0081511233,0.01691479422,0.01917346697,0.01917346696499335,-0.008633466703821714,-0.0033340015207464417,0.018119510562218808,0.019641449566570966,0.7259922034515507,Phase 2 - Tilt / Movement
3.986724333,-0.01407208666,-0.005364445038,0.01981689781,0.02488996449,0.024889964490618616,-0.013625744893358936,-0.00340070562928791,0.020000889356106485,0.02378344285497296,0.7212126866998557,Phase 2 - Tilt / Movement
3.996710333,-0.02493778244,-0.005053654313,0.02123503201,0.03314149965,0.03314149965535357,-0.019666750403460893,-0.0015340938606069915,0.019537288317522737,0.02836094602253868,0.7132767921214932,Phase 2 - Tilt / Movement
4.006696333,-0.03046193346,0.001389012206,0.01790438034,0.03536135716,0.03536135716271737,-0.02477389552270399,0.0015358464177868268,0.016843130380503554,0.031795531791201745,0.7021516588348055,Phase 2 - Tilt / Movement
4.016682333,-0.03473683819,0.007210682146,0.01405850984,0.03816128357,0.03816128356554929,-0.02756004135762213,0.004801734849773758,0.012368185970084154,0.0330996177165951,0.688768430023213,Phase 2 - Tilt / Movement
4.026669333,-0.03241027147,0.01419029385,0.00831822399,0.03634532964,0.03634532964022001,-0.027654356880720734,0.00732291488746902,0.0068702746454516374,0.03213332965893569,0.6745597423669496,Phase 2 - Tilt / Movement
4.036655333,-0.02680191956,0.01301717199,0.0008587099146,0.02980817072,0.029808170716019853,-0.025740688985052666,0.008558530382212496,0.0012970249154392157,0.02956909842280585,0.6608729538024759,Phase 2 - Tilt / Movement
4.046641333,-0.01908050664,0.008044037968,-0.006946131587,0.02184081098,0.02184081098525485,-0.02320585421618214,0.008523143589666788,-0.003420164326784027,0.026571263231184826,0.64845878321416,Phase 2 - Tilt / Movement
4.056627333,-0.01273232885,0.004903106485,-0.009337916039,0.01653327938,0.01653327938127233,-0.021526087609434044,0.007673777779449873,-0.006609384930107549,0.024296348448524345,0.6372503166295119,Phase 2 - Tilt / Movement
4.066613333,-0.01560427621,-0.0004703006707,-0.01041403133,0.01876610421,0.01876610421214415,-0.021629417879100422,0.0065921691426440426,-0.00804612204729321,0.023416999496661914,0.6264928335267507,Phase 2 - Tilt / Movement
4.076599333,-0.02072074264,0.002446393482,-0.007176958956,0.02206451351,0.022064513511020244,-0.023493255809666096,0.005650959746210103,-0.00800002313556536,0.023887146095341632,0.6151725872197105,Phase 2 - Tilt / Movement
4.086585333,-0.02560935728,0.007968351245,-0.006831167731,0.0276766807,0.027676680697428978,-0.026131660762082617,0.004856012850914008,-0.007119653526771845,0.02505542668005323,0.6025643490515895,Phase 2 - Tilt / Movement
4.096571333,-0.03083847277,0.006620525848,-0.005183203612,0.03196417315,0.03196417314703318,-0.027953359034513375,0.003931200107006032,-0.0062067273636450685,0.02606235031127662,0.5886801742442244,Phase 2 - Tilt / Movement
4.106557333,-0.03394766897,0.006206084974,-0.002577402163,0.03460639711,0.03460639711254331,-0.027337393763072454,0.0025438790238625406,-0.0059610661244595626,0.026324349808528887,0.5744510659598626,Phase 2 - Tilt / Movement
4.116544333,-0.0299622491,-0.001478466438,-0.00442297291,0.0303230098,0.030323009802810427,-0.02321728172258771,0.0004961199779188604,-0.0067712489756764065,0.02586379520080413,0.5615755551548388,Phase 2 - Tilt / Movement
4.126530333,-0.01936393231,-0.006455115508,-0.006755901966,0.02150052563,0.021500525623855963,-0.01546607941304206,-0.002215870967835795,-0.008614962197554305,0.025302053457880006,0.5520974533910745,Phase 2 - Tilt / Movement
4.136516333,-0.003948490135,-0.004522992298,-0.01438958663,0.01559192859,0.015591928586811651,-0.004939605488416069,-0.005429678449531,-0.011109403012424825,0.02550009558816096,0.5478481895289798,Phase 2 - Tilt / Movement
4.146502333,0.01226270944,-0.003246219829,-0.01645000651,0.02077293191,0.020772931910712562,0.00682775640446868,-0.008823752383658855,-0.013689483542266562,0.027049025140766684,0.5499766977754796,Phase 2 - Tilt / Movement
4.156488333,0.02252999321,-0.008942455053,-0.01814244501,0.03027732497,0.03027732497032136,0.018125258518862583,-0.011878141023832601,-0.015815932255318924,0.029923249118806106,0.5587035521997427,Phase 2 - Tilt / Movement
4.166474333,0.03071741946,-0.01548701338,-0.01567210816,0.03780241283,0.037802412831625234,0.02753836324815388,-0.013888910684631257,-0.017096884996150183,0.033492645826959294,0.5733552520279511,Phase 2 - Tilt / Movement
4.176460333,0.03361281008,-0.01691580005,-0.01423746347,0.04023270633,0.040232706332849574,0.03421377367068896,-0.014133467400381084,-0.017276280950827116,0.036835506814418204,0.5926095193122012,Phase 2 - Tilt / Movement
4.186446333,0.03523155674,-0.01360762119,-0.01419632602,0.04034805593,0.04034805592888591,0.03787596000855323,-0.012154191430473967,-0.01614738848167123,0.03912617905750689,0.6148211438151954,Phase 2 - Tilt / Movement
4.196433333,0.03640601039,-0.01409790851,-0.01175101195,0.04077051506,0.0407705150656962,0.03868498526296988,-0.0080303195677495,-0.013504575855399568,0.03990248136433365,0.6383142351822655,Phase 2 - Tilt / Movement
4.206419333,0.03882715851,-0.006388430484,-0.01276382245,0.04136756514,0.04136756513918471,0.03707574121557075,-0.0025116302709515285,-0.009213636114315133,0.03915331747613665,0.6615760493286151,Phase 2 - Tilt / Movement
4.216405333,0.0358694531,0.00470070634,-0.007622058038,0.03697039457,0.03697039456812242,0.033667031645794626,0.0030695504728813546,-0.003388922485748918,0.037257460706904236,0.6834023382076285,Phase 2 - Tilt / Movement
4.226391333,0.03054997697,0.008081855252,-0.001121140434,0.03162079116,0.03162079115162301,0.029222967045790017,0.0071298971336130725,0.0034285908262065047,0.03481893299322606,0.7029821225153747,Phase 2 - Tilt / Movement
4.236377333,0.02195568942,0.01671768725,0.01010461524,0.02938769494,0.02938769494269247,0.02458783878397782,0.00833162404191966,0.010234208453135782,0.03245402177102906,0.7199645510573122,Phase 2 - Tilt / Movement
4.246363333,0.01650622673,0.01463221945,0.01769094728,0.02827590817,0.028275908165059246,0.020557950568781236,0.006067628901448012,0.015746917943816708,0.030618890163564366,0.7344681105136432,Phase 2 - Tilt / Movement
4.256349333,0.01707987301,0.006601191591,0.02497842163,0.03097126635,0.030971266354233362,0.017749550656620018,0.0007166295761294371,0.018781182604686596,0.029568685219995935,0.7470153873613572,Phase 2 - Tilt / Movement
4.266335333,0.01657325402,-0.02274503373,0.02031743154,0.03471033466,0.034710334665238686,0.01656303373206641,-0.006492856139565726,0.018655795153099678,0.029468584857917382,0.758419807080942,Phase 2 - Tilt / Movement
4.276322333,0.02412518114,-0.01183938794,0.01764228567,0.03214725051,0.03214725051219025,0.017279486113770334,-0.013965226021179113,0.015473872878342865,0.03057279082647146,0.7696908803319809,Phase 2 - Tilt / Movement
4.286308333,0.02384170331,-0.01389891654,0.01284977421,0.03044213191,0.03044213190556686,0.02020827712792766,-0.02030541090554647,0.0101831797798144,0.03333764959973073,0.7820036483185172,Phase 2 - Tilt / Movement
4.296294333,0.02420762181,-0.0375405997,0.004638715647,0.04490905547,0.044909055460846094,0.025734158759699092,-0.024747177777241034,0.004419000845315744,0.038393078978630424,0.7967351106845171,Phase 2 - Tilt / Movement
4.306280333,0.0264932625,-0.0300586056,0.002440962009,0.04014188615,0.04014188615448505,0.03417001656186246,-0.027417361854586316,0.0001709235609595124,0.04639085007638063,0.8154607171304381,Phase 2 - Tilt / Movement
4.316266333,0.03962663934,-0.04798807204,-0.005280341022,0.06245804675,0.06245804675786205,0.04549310128005809,-0.02941593115117785,-0.0006837198699218344,0.057778838578700205,0.8398389189185497,Phase 2 - Tilt / Movement
4.326252333,0.06417680532,-0.02248963527,-0.003313471563,0.06808395648,0.0680839564762332,0.05917489183951948,-0.03254123817206247,0.0030846276409068653,0.07253858822300083,0.8713704610932228,Phase 2 - Tilt / Movement
4.336238333,0.08367513865,-0.02174901031,0.003614741843,0.0865310039,0.0865310039012188,0.07423991081504076,-0.03854224621369903,0.011578712034957257,0.08992634148028555,0.911125828075972,Phase 2 - Tilt / Movement
4.346224333,0.09154378623,-0.0318592228,0.01761104167,0.09851610865,0.0985161086495323,0.08944612954888939,-0.04812164969901626,0.0235328237062714,0.10828509908302815,0.9595411249665161,Phase 2 - Tilt / Movement
4.356210333,0.09430282563,-0.05165876076,0.03864362091,0.114258391,0.1142583910358311,0.10333764377031182,-0.06023268875428403,0.03646283019130263,0.1250551800098614,1.0162806380746923,Phase 2 - Tilt / Movement
4.366197333,0.1002043262,-0.08150731027,0.05305593088,0.1396398239,0.13963982389773125,0.11408250865450732,-0.07214394812012219,0.047224900476341904,0.13715996364322047,1.080074460671485,Phase 2 - Tilt / Movement
4.376183333,0.111919567,-0.09220656008,0.06008108333,0.15696425,0.1569642499850222,0.11933223742434976,-0.08029642119173738,0.05281435149814356,0.14185845902287797,1.1484375941800669,Phase 2 - Tilt / Movement
4.386169333,0.1204443127,-0.08932352066,0.05632653087,0.1601817776,0.1601817776300472,0.1164734613669221,-0.08151800034371989,0.0511214904381057,0.137874427793568,1.2174847262453299,Phase 2 - Tilt / Movement
4.396155333,0.1145704463,-0.07573421299,0.03892969713,0.1427500596,0.1427500595489522,0.10342449844737657,-0.07403801052621235,0.04140339580668103,0.12628933560508995,1.2819810069098523,Phase 2 - Tilt / Movement
4.406141333,0.1022446752,-0.06570731103,0.02703286894,0.1245078324,0.12450783241496846,0.07973463354399724,-0.0579817320067642,0.02439906394659099,0.11060497825195068,1.335967123540262,Phase 2 - Tilt / Movement
4.416127333,0.06574046612,-0.036406409,0.003978682682,0.07525334157,0.07525334157254543,0.04745430441961917,-0.03533406177542227,0.002175450957125617,0.09565544880750974,1.3739414086803556,Phase 2 - Tilt / Movement
4.426113333,0.01214804407,-0.003906843718,-0.02003207244,0.02375125952,0.023751259520390613,0.011221163433167666,-0.009496713637929614,-0.02217867108296902,0.08560811762821319,1.3923155091634556,Phase 2 - Tilt / Movement
4.436099333,-0.03681097552,0.01491265185,-0.04412622005,0.05936799137,0.05936799137442979,-0.022702841094198654,0.015413162085998485,-0.04496945135500002,0.0819947935387628,1.390619205901806,Phase 2 - Tilt / Movement
4.446085333,-0.07149757445,0.03393864259,-0.06336796284,0.101386554,0.10138655397821092,-0.04818753676027503,0.0353528470067085,-0.0624339436223205,0.0830532626252386,1.371927390777456,Phase 2 - Tilt / Movement
4.456072333,-0.08097416908,0.05272617936,-0.07352551818,0.121420212,0.12142021195722247,-0.06106948612871974,0.04710043224616249,-0.07137894986294507,0.08497688957434543,1.342256758282724,Phase 2 - Tilt / Movement
4.466058333,-0.06555043906,0.05726292729,-0.07829634845,0.1170735712,0.11707357124211432,-0.060275162415077535,0.04890723562006878,-0.06985156172531852,0.08428655329671507,1.3091310950312114,Phase 2 - Tilt / Movement
4.476044333,-0.04020593315,0.0542290546,-0.06769803166,0.09560507787,0.09560507786676611,-0.04780529556614823,0.040981781331367845,-0.057711511409124325,0.07974201727473003,1.2798000225941992,Phase 2 - Tilt / Movement
4.486030333,-0.01432159264,0.03313133121,-0.0462314859,0.05865273576,0.05865273575899696,-0.027726157498378014,0.02561668788430569,-0.03691707583789534,0.07264494204390091,1.2597804987583088,Phase 2 - Tilt / Movement
4.496016333,0.006434552837,0.0005685957149,-0.01334677357,0.01482778257,0.014827782572859568,-0.004749858037758617,0.0067556739277059566,-0.011328723504621099,0.06551741633739115,1.2520781809357608,Phase 2 - Tilt / Movement
4.506002333,0.02252299525,-0.02190693654,0.02012339421,0.03731152875,0.03731152875627279,0.016947622081285016,-0.011007708068682618,0.014053938407333905,0.060186742741720534,1.2571560409041007,Phase 2 - Tilt / Movement
4.515988333,0.03212235868,-0.03847872093,0.04770548642,0.06919733612,0.06919733612028858,0.03429085024493803,-0.02370162502405962,0.034285906420882424,0.056679289192582236,1.273402581866745,Phase 2 - Tilt / Movement
4.525974333,0.03476700187,-0.04073532671,0.05920177326,0.07983082874,0.07983082874634005,0.04525690659046127,-0.029029406080995454,0.04574448364066432,0.05367411084016968,1.2977477814287777,Phase 2 - Tilt / Movement
4.535960333,0.04066297412,-0.0281516239,0.05577268824,0.07454249893,0.07454249892515728,0.04851951993038253,-0.026786619480159524,0.04702845738708994,0.05002556631383272,1.3261634878970738,Phase 2 - Tilt / Movement
4.545947333,0.04231392965,-0.00869259797,0.04074865207,0.05938419442,0.05938419442423306,0.04319185033660387,-0.018505473978807245,0.03916469594960903,0.046120556439724354,1.3539912139543262,Phase 2 - Tilt / Movement
4.555933333,0.03613885865,0.008564952761,0.0172691606,0.04095850861,0.04095850861727553,0.028934967476697007,-0.006546662230662239,0.025071107071311875,0.044107950084644465,1.37621344740581,Phase 2 - Tilt / Movement
4.565919333,0.01578759961,0.01599043049,-0.003652707208,0.02276586125,0.022765861254267737,0.006395721088290327,0.006873481546990143,0.00852037437856629,0.04685590170177979,1.3879091241559227,Phase 2 - Tilt / Movement
4.575905333,-0.01161978953,0.01689830236,-0.01473332196,0.02525159218,0.02525159217452431,-0.02232577039803769,0.020225737753331342,-0.006965305700801482,0.056233144237343366,1.384940240398836,Phase 2 - Tilt / Movement
4.585891333,-0.0482009761,0.02385522611,-0.02205654979,0.05812828312,0.05812828311924193,-0.05353949708008954,0.032583862959961234,-0.018871112764338036,0.07168364409573867,1.364825219660845,Phase 2 - Tilt / Movement
4.595877333,-0.08359305561,0.03304978833,-0.0207172446,0.09224582201,0.09224582201211383,-0.08238188704241632,0.04312745348503399,-0.025895269354445728,0.08993085737712289,1.3275294755686387,Phase 2 - Tilt / Movement
4.605863083,-0.1126890704,0.0423764959,-0.01964060403,0.1219850291,0.12198502907751477,-0.10376999077967773,0.050678637613451906,-0.027697775105065353,0.10603480700336382,1.275865194434443,Phase 2 - Tilt / Movement
4.615849083,-0.1288845539,0.05358441174,-0.01836681366,0.1407830148,0.14078301481196168,-0.11364018580587924,0.05365357738184286,-0.02449880008331534,0.11529763873923918,1.2152573136606863,Phase 2 - Tilt / Movement
4.625835083,-0.1212210506,0.06244570389,-0.02318780497,0.1383173284,0.13831732842349176,-0.11006218922781888,0.05054616166368322,-0.016850024658466394,0.11511278408480961,1.1528493744271424,Phase 2 - Tilt / Movement
4.635822083,-0.09814102948,0.05716359243,-0.01580205932,0.1146692768,0.11466927681663551,-0.09382394627310628,0.04074535987750707,-0.005704259237523455,0.1059142544264448,1.0961047400907684,Phase 2 - Tilt / Movement
4.645808083,-0.06679838151,0.03510718793,0.001403564587,0.07547521719,0.07547521719251776,-0.06827905706273495,0.025245579503566293,0.00738696245020608,0.09080289601061814,1.0513190152638168,Phase 2 - Tilt / Movement
4.655794083,-0.03468704596,0.005895506591,0.02281031944,0.04193159702,0.041931597016456684,-0.038542826864981804,0.006795413466507116,0.020269460661891146,0.0740629474533985,1.022347992957288,Phase 2 - Tilt / Movement
4.665780083,-0.007418477442,-0.01981987059,0.03712349012,0.04273189203,0.042731892029859234,-0.01033165657915462,-0.010690058233563157,0.030555775397131942,0.059383947183190504,1.009954437067706,Phase 2 - Tilt / Movement
4.675766083,0.01802616194,-0.03051805496,0.04172063991,0.05474400413,0.054744004122173694,0.011238657303016883,-0.023229205097148434,0.03625112617297662,0.04876647732373651,1.011802259999157,Phase 2 - Tilt / Movement
4.685752083,0.03155902773,-0.03578514606,0.04204461724,0.06359480127,0.06359480127067423,0.022673206145154622,-0.027934191980894606,0.03634301682852932,0.042582027968570565,1.0230920423428023,Phase 2 - Tilt / Movement
4.695738083,0.03293721378,-0.03647543862,0.03594970703,0.06089087871,0.060890878706532404,0.022784804098259538,-0.023833631679988237,0.03110564795069028,0.04040482871262764,1.0376849212731114,Phase 2 - Tilt / Movement
4.705724083,0.02071924135,-0.01866688207,0.02134372294,0.03511828523,0.03511828522684898,0.01290728895716164,-0.01213735824036203,0.022018248678039705,0.041735061944645234,1.0494839878345537,Phase 2 - Tilt / Movement
4.715711083,-0.003401274327,0.0130971726,0.006342136301,0.01494413899,0.014944138985641228,-0.003474347161774228,0.004130682883381464,0.011331653197643163,0.04600560859429287,1.0537713227533752,Phase 2 - Tilt / Movement
4.725697083,-0.02942902967,0.02909355611,-0.005004641134,0.04168392049,0.04168392048888376,-0.02166502436983278,0.0210354338064765,0.0014304566480170613,0.052066229090431335,1.0481678561059138,Phase 2 - Tilt / Movement
4.735683083,-0.05151249468,0.04236302152,-0.007874197327,0.06715776712,0.06715776711598999,-0.03706060835395864,0.034848582579322974,-0.005785363314219943,0.057914919237872564,1.0329561048358835,Phase 2 - Tilt / Movement
4.745669083,-0.06080940366,0.04398062453,-0.01242672931,0.07606906407,0.07606906407257599,-0.04641498073597879,0.04297442022966325,-0.009300378047754887,0.0612011923287682,1.0106639398275865,Phase 2 - Tilt / Movement
4.755655083,-0.05462341383,0.05543514714,-0.009831478819,0.07844380697,0.07844380697445356,-0.048633321212840946,0.0444400475906423,-0.009087932636070625,0.060250312664947375,0.985061078270868,Phase 2 - Tilt / Movement
4.765641083,-0.04302303866,0.0357167311,-0.00758429803,0.05642861253,0.056428612534931456,-0.04481054107616424,0.03992463174684415,-0.005955608716354431,0.054889457969686216,0.9599172113257542,Phase 2 - Tilt / Movement
4.775627083,-0.02696897089,0.03503975645,0.004350392148,0.04443012306,0.04443012305612448,-0.0375470422728292,0.031399790911423524,-0.0012124785137803838,0.046547780698403554,0.9379448829705235,Phase 2 - Tilt / Movement
4.785613083,-0.02150212973,0.01182428841,0.007514878642,0.02566376396,0.025663763954895585,-0.0298778649861382,0.021493385139606268,0.0037429552951568136,0.03762136347761121,0.9202444621440453,Phase 2 - Tilt / Movement
4.795599083,-0.01997986808,0.007402908057,0.007351627108,0.02253984466,0.022539844660726456,-0.024269814915418426,0.012753540388370968,0.007786932594795616,0.030499223614514695,0.9063423616700067,Phase 2 - Tilt / Movement
4.805585083,-0.02073439956,0.008365321904,0.01090824511,0.0248773742,0.024877374199282147,-0.022015882940047835,0.0070282881823774315,0.01027853990619258,0.026734166011907316,0.8946893999364809,Phase 2 - Tilt / Movement
4.815572083,-0.02106250077,0.001540972386,0.01136710774,0.02398363344,0.023983633439356784,-0.02310194104290824,0.005112063666984958,0.011097696427832763,0.026652900549006934,0.8833694075499876,Phase 2 - Tilt / Movement
4.825558083,-0.02577572316,0.001741668209,0.01308920421,0.02896115639,0.028961156389589893,-0.026433544743739105,0.0066729113010061455,0.010574460015035588,0.02942566918189795,0.8707867535465461,Phase 2 - Tilt / Movement
4.835544083,-0.03260459751,0.007261069957,0.009909123182,0.03484212447,0.0348421244752038,-0.030276160374519374,0.010406141965013528,0.009355430049058597,0.033452855272476094,0.8561517144655141,Phase 2 - Tilt / Movement
4.845530083,-0.03711023554,0.01438161545,0.006360777654,0.04030458953,0.04030458952960052,-0.03279533842876528,0.014404890080153013,0.008205789612107953,0.03691040551967608,0.8396967072705565,Phase 2 - Tilt / Movement
4.855516083,-0.03778588027,0.02680153213,0.002914381446,0.04641754508,0.04641754508272693,-0.03258488748553575,0.016748481213631324,0.00775295338477491,0.03831755422449073,0.8225812244402907,Phase 2 - Tilt / Movement
4.865502083,-0.03232948482,0.03110365756,0.004385330249,0.04507620463,0.04507620462870793,-0.02905232695124039,0.016186506899984056,0.008241318632490528,0.03697562305729127,0.80653653420036,Phase 2 - Tilt / Movement
4.875488083,-0.02507316694,0.01717345975,0.008732941002,0.0316204946,0.03162049459971162,-0.02255311570397971,0.012631608792760849,0.009414861809300948,0.033113102058724406,0.7933617114337482,Phase 2 - Tilt / Movement
4.885474083,-0.01171250455,-0.0003649464343,0.01083832327,0.01596199236,0.015961992358058015,-0.014240574186458382,0.007162036055745434,0.010610001329711433,0.027655656424918445,0.7844242027137575,Phase 2 - Tilt / Movement
4.895460083,-0.002470803447,-0.007430312689,0.01696492545,0.01868483642,0.018684836414967064,-0.005692860627607312,0.0014879024988626954,0.011038709658520544,0.021751658776187545,0.7803100391305164,Phase 2 - Tilt / Movement
4.905447083,0.005259592086,-0.01212882251,0.0143441353,0.0195070721,0.019507072099495162,0.0015464770357816798,-0.0028148020733887247,0.010140623570884922,0.016352529789350572,0.7807122411299435,Phase 2 - Tilt / Movement
4.915433083,0.008355250582,-0.00368340523,0.009892928414,0.0134628273,0.013462827302648254,0.006357394252902928,-0.004870413642837481,0.007838912900082467,0.012055720247216661,0.7845617135891401,Phase 2 - Tilt / Movement
4.925419083,0.008837090805,-0.001889818814,0.002652116586,0.009418031187,0.009418031186575047,0.008254723501508724,-0.004627893728800985,0.004577556772772046,0.009159433642639806,0.7903302666209626,Phase 2 - Tilt / Movement
4.935405083,0.007394989021,0.003247951623,-0.00130267744,0.008181199232,0.008181199232309639,0.007402828581022289,-0.002611293616130202,0.0011365092353851788,0.0077540590920999524,0.796397895233758,Phase 2 - Tilt / Movement
4.945391083,0.005654655863,0.002473929431,-0.003748161718,0.00722109244,0.007221092439708065,0.004481723680961812,0.00044493665709573427,-0.0016631198034268966,0.007753811760190143,0.8013861522562093,Phase 2 - Tilt / Movement
4.955377083,4.044640809e-05,0.001280833501,-0.005562307313,0.005708014805,0.005708014804944411,0.00046735554096883177,0.003837882082349981,-0.003221243484725319,0.00887918800379809,0.8043903242213909,Phase 2 - Tilt / Movement
4.965363083,-0.006930340547,0.002724372782,-0.002066613873,0.007728047622,0.007728047622315143,-0.0036301078216410296,0.006943427303687803,-0.0032982684076117274,0.010646320620644984,0.8050738810564347,Phase 2 - Tilt / Movement
4.975349083,-0.01298184134,0.00541070383,0.0002359552309,0.01406625733,0.014066257333914332,-0.007024105605113419,0.009171802650306943,-0.002022496381329008,0.012431818619233082,0.8036142969649371,Phase 2 - Tilt / Movement
4.985335083,-0.01093535684,0.01679896563,-0.001647879602,0.02011225454,0.02011225453893083,-0.009319401162408293,0.009995267761763328,0.00017763890560043642,0.013649668360666908,0.8005271321967283,Phase 2 - Tilt / Movement
4.995322083,-0.006486812141,0.01308172569,-0.001657733344,0.01469552172,0.014695521719926802,-0.010492713284313018,0.009111447110440561,0.0026492830866957193,0.013980254248583618,0.7964472671629849,Phase 2 - Tilt / Movement
5.005308083,-0.003898969851,0.01284917817,0.005900748074,0.01466704378,0.01466704378449271,-0.010682725576943372,0.006629666576067219,0.004596012240289633,0.013515725944159134,0.7919777937606628,Phase 2 - Tilt / Movement
5.015294083,-0.006733372808,-0.003106353339,0.006848567165,0.010094088,0.010094088004953513,-0.00993587671293966,0.0030911648656895083,0.005220177183591068,0.012732679850005027,0.7876676189547341,Phase 2 - Tilt / Movement
5.025280083,-0.01084907167,-0.008159646764,0.008828995749,0.01619362088,0.016193620884469056,-0.00810965139413063,-0.0007478500984656867,0.0039404751060719955,0.012320890808621025,0.7840935436200143,Phase 2 - Tilt / Movement
5.035266083,-0.01038248464,-0.003771822201,0.0017228832,0.01117993545,0.01117993544420694,-0.005016494441506025,-0.004231135262827169,0.0006005722923613097,0.012946675716503122,0.7819267944762239,Phase 2 - Tilt / Movement
5.045252083,-0.004432115238,-0.005292858928,-0.005308938213,0.008708778678,0.00870877867809676,-0.0006974019052471463,-0.006992859337009472,-0.004443161380834538,0.01499706941448205,0.7818805255602017,Phase 2 - Tilt / Movement
5.055238083,0.002845771611,-0.006554931402,-0.00900700409,0.01149746339,0.011497463390860435,0.0043820076810411265,-0.008937636343070534,-0.010395712768588992,0.018353839618945617,0.7845229597094754,Phase 2 - Tilt / Movement
5.065224083,0.01059642434,-0.01079468615,-0.01692967676,0.02270293842,0.02270293842365852,0.009352794628872738,-0.010111126320781084,-0.016215824559015046,0.02231559826282037,0.790040532245247,Phase 2 - Tilt / Movement
5.075210083,0.0157206133,-0.01294279099,-0.02323896997,0.03089827254,0.030898272547272343,0.013175597463579079,-0.010593388441081996,-0.02086045885638075,0.02578471190625288,0.7980737558384927,Phase 2 - Tilt / Movement
5.085196083,0.01913274825,-0.006502573378,-0.02593420818,0.03287747968,0.03287747967922315,0.01497101346027147,-0.010448317598260032,-0.023528123766515037,0.027683347588894014,0.8077142272672468,Phase 2 - Tilt / Movement
5.095183083,0.01654122584,-0.008596350439,-0.02675659209,0.03261019187,0.032610191864363966,0.014303990158118259,-0.009699044431277,-0.023843256999363356,0.02739460369751785,0.8176785045509518,Phase 2 - Tilt / Movement
5.105169083,0.01149250288,-0.008141059428,-0.02187309228,0.02601512323,0.026015123235272816,0.011313553286408477,-0.008332194749976525,-0.021918940131478035,0.0250043848466131,0.8265954658506094,Phase 2 - Tilt / Movement
5.115155083,0.004943789914,-0.01052165963,-0.01743280329,0.02095349638,0.020953496382016407,0.006655657263757416,-0.006366854131643997,-0.018268853879140838,0.021240009415156948,0.833324408694844,Phase 2 - Tilt / Movement
5.125141083,0.0003744438291,-0.006572456099,-0.009396698326,0.01147324395,0.011473243952095003,0.0013117451686531026,-0.003972274068078588,-0.013603283471607606,0.01715103865863242,0.8371920560055913,Phase 2 - Tilt / Movement
5.135127083,-0.002947316971,-0.003810758004,-0.006200105883,0.007851742918,0.00785174291816829,-0.003642393231687436,-0.0015406765998031097,-0.00860248330556622,0.013684537409141792,0.8381136594071451,Phase 2 - Tilt / Movement
5.145113083,-0.00527005177,0.002639631741,-0.005495110527,0.00805837087,0.008058370870748073,-0.007242243135522672,0.0003799111292053155,-0.0037755369209403282,0.011350752858425683,0.8365881564215261,Phase 2 - Tilt / Movement
5.155099083,-0.01055083424,0.004320086446,-0.000826056581,0.01143090633,0.011430906330465783,-0.00881617775097769,0.001303896480714231,0.0005427335736904772,0.010136623422297023,0.8335825484026992,Phase 2 - Tilt / Movement
5.165085083,-0.0143064186,0.008246436715,0.002012142213,0.01663508485,0.01663508484914527,-0.008170323165201145,0.0010846521124263,0.004101436951080072,0.009695905096458669,0.8303114372655986,Phase 2 - Tilt / Movement
5.175071083,-0.01069330797,0.003332105465,0.00554748904,0.01249897583,0.012498975830845842,-0.0057439770047589215,9.444718536068519e-05,0.00665080516794674,0.009683696307321256,0.8279192146424186,Phase 2 - Tilt / Movement
5.185057083,-0.004477340262,-0.003986899275,0.009448068216,0.01118963515,0.011189635144405343,-0.002618710435689568,-0.0008308225345073187,0.007942182457001864,0.010023361645802968,0.8271151853258468,Phase 2 - Tilt / Movement
5.195044083,0.00184819987,-0.007204796653,0.00873247534,0.01147087892,0.011470878917251988,-0.0002715238291733191,-0.0007068293335731789,0.007817610131450596,0.010960816491422356,0.827876779781283,Phase 2 - Tilt / Movement
5.205030083,0.008871482685,-0.003303052392,0.009369436651,0.01331914799,0.013319147994209458,-8.817221423707419e-05,0.0011653514734339817,0.0063369932417386005,0.012902102214713105,0.8293622288539465,Phase 2 - Tilt / Movement
5.215016083,0.004554498941,0.001373458654,0.005772038829,0.007479724695,0.007479724695555399,-0.002809968829059241,0.004877766830063095,0.0038662175420601315,0.016122694945799074,0.8301214850968075,Phase 2 - Tilt / Movement
5.225002083,-0.003852605354,0.0126728788,-4.513282329e-05,0.01324562049,0.01324562048621721,-0.008169011371039056,0.00986926996922269,0.0010626594043623675,0.02047834038125837,0.8285689924324746,Phase 2 - Tilt / Movement
5.234988083,-0.01595054753,0.02178488486,-0.00317940698,0.02718657396,0.02718657395875249,-0.014908473921986642,0.015149328750201297,-0.0012586258254506679,0.02528536641274296,0.8235553857198917,Phase 2 - Tilt / Movement
5.244974083,-0.02817787603,0.01880256832,-0.00318969693,0.03402504135,0.03402504135920436,-0.02120411828525855,0.019636373074717425,-0.0023305454247848976,0.029498279047677694,0.8148127239451586,Phase 2 - Tilt / Movement
5.254960083,-0.0322964564,0.02097464353,-0.001971300691,0.03856011921,0.03856011921171937,-0.025305278256290135,0.022422347974805152,-0.001629386894452009,0.03213128610615162,0.8030957669775911,Phase 2 - Tilt / Movement
5.264946083,-0.0310735628,0.02156794071,0.001591781853,0.03785863364,0.037858633639147085,-0.02611233285585188,0.022889453862228223,0.000993791270314458,0.03269179247186409,0.7899746786506857,Phase 2 - Tilt / Movement
5.274932083,-0.02475787699,0.02023635991,0.002412301721,0.03206683544,0.0320668354386922,-0.023453574173834726,0.0207499037784377,0.005246033846858012,0.03138635270694593,0.7773833218041366,Phase 2 - Tilt / Movement
5.284918083,-0.01344381366,0.0217684228,0.006765153259,0.02646446023,0.02646446023523096,-0.01798417108375508,0.016104436727695962,0.010376674830000092,0.02900045760851694,0.7671172518157389,Phase 2 - Tilt / Movement
5.294905083,-0.004913709126,0.0124060791,0.01164885797,0.01771302424,0.01771302424815212,-0.01081296067244794,0.009521060060079833,0.01524083309924396,0.026527596039010563,0.7604667151517784,Phase 2 - Tilt / Movement
5.304891083,-0.0001027830876,0.002448040992,0.02300585061,0.02313595971,0.023135959702403664,-0.0030791570766662587,0.0020402516044714337,0.018504987160651423,0.024749723542109112,0.7580808384273539,Phase 2 - Tilt / Movement
5.314877083,0.002886082511,-0.005337710492,0.02361624874,0.0243833515,0.024383351494539438,0.004308372418399277,-0.004984924558368812,0.019008526631697657,0.023986336614534313,0.7600208398165476,Phase 2 - Tilt / Movement
5.324863083,0.008190907538,-0.01339196041,0.02214118093,0.02714161865,0.027141618649116492,0.010690543031789953,-0.010210882044399953,0.016173452459639637,0.024104604951991234,0.7659000470927089,Phase 2 - Tilt / Movement
5.334849083,0.01039227657,-0.01950471476,0.01398125384,0.02615164945,0.026151649453043064,0.015522987570096614,-0.012688204506108495,0.01027383450096411,0.02470839665191371,0.7749875071033288,Phase 2 - Tilt / Movement
5.344835083,0.0170197282,-0.01780092902,0.002952578012,0.02480447417,0.024804474170880934,0.018256594170483635,-0.012162122211912475,0.0024174713609656758,0.025348315378018158,0.7862394465835012,Phase 2 - Tilt / Movement
5.354821083,0.02008342743,-0.007409273647,-0.01090651192,0.02402484954,0.024024849543198123,0.01836991698628131,-0.009142179580223217,-0.005782149095401716,0.02565599464652713,0.798305829444987,Phase 2 - Tilt / Movement
5.364807083,0.01956960931,0.002614167985,-0.01868149266,0.027180906,0.027180905996774123,0.015576440484240844,-0.004677284400691926,-0.012728793516432668,0.02540957308000446,0.8096054797635948,Phase 2 - Tilt / Movement
5.374793083,0.01537672989,0.005139643326,-0.02335214615,0.02842855053,0.028428550533565293,0.010105525237279861,5.5398143146824825e-05,-0.017352604051203105,0.024576542406155973,0.818540870848273,Phase 2 - Tilt / Movement
5.384779083,0.007641592063,0.001880099066,-0.02113131061,0.02254907958,0.022549079578811575,0.002891570684431894,0.004110659004468055,-0.019393839237450465,0.02333349038652313,0.8238474019434631,Phase 2 - Tilt / Movement
5.394766083,-0.004241432529,0.004384002648,-0.01770036109,0.01872196602,0.018721966024755954,-0.004470992720696268,0.00691211723711127,-0.019351042323220845,0.02201713812815572,0.8249840282650086,Phase 2 - Tilt / Movement
5.404752083,-0.01182940509,0.00803823024,-0.01182717364,0.01855882557,0.018558825568588094,-0.010058670362036446,0.008194312548839332,-0.01813845044848141,0.021006232535570626,0.8224157639568593,Phase 2 - Tilt / Movement
5.414738083,-0.02104980126,0.007090677042,-0.0109802885,0.02477778379,0.024777783789973543,-0.01216405642226167,0.007901108665070334,-0.016629933899417217,0.020613769706295342,0.8176466847011565,Phase 2 - Tilt / Movement
5.424724083,-0.01854301803,0.007792208809,-0.01371764764,0.02434616792,0.024346167923497936,-0.009867703939640808,0.006144478187294557,-0.015313908974205427,0.02105060544373317,0.812932236704623,Phase 2 - Tilt / Movement
5.434710083,-0.005326015409,0.004721317906,-0.01758029684,0.01896639449,0.018966394488382225,-0.0033937143513458508,0.0032217251608372146,-0.014211227731402229,0.022412904865364517,0.8107267891107384,Phase 2 - Tilt / Movement
5.444696083,0.008232787251,0.0001983111724,-0.01753034443,0.01936830114,0.019368301140672065,0.005928317031670914,-0.0003653426701530943,-0.01304386700032342,0.02461184045548616,0.8130402328732921,Phase 2 - Tilt / Movement
5.454682083,0.02115790732,-0.002124764258,-0.01214489993,0.02448816571,0.024488165705570882,0.01608299150331269,-0.003943750011316152,-0.011494671623855241,0.02727478277134502,0.8209255303259837,Phase 2 - Tilt / Movement
5.464668083,0.02924311534,-0.008260581642,-0.00989996735,0.03195944864,0.03195944864017145,0.024969044869372927,-0.006781495082786057,-0.009379700429515756,0.029751587677866,0.8342579578250565,Phase 2 - Tilt / Movement
5.474654083,0.03289537504,-0.01084011979,-0.004013316706,0.03486718525,0.03486718524725596,0.030929433222211,-0.008268119948060954,-0.006662838385718343,0.03130468805756585,0.851837623111368,Phase 2 - Tilt / Movement
5.484640083,0.03400819749,-0.01402238384,-0.0002069456968,0.0367862416,0.03678624160738033,0.03305676071113078,-0.008109214035559567,-0.0033681803044381424,0.031406347380487434,0.871731004571965,Phase 2 - Tilt / Movement
5.494626083,0.02985579893,-0.006585773081,0.0007424713112,0.03058255059,0.030582550588055413,0.031256975170989,-0.00643739690645896,0.0004976637123804766,0.029973203591892726,0.8917180885215535,Phase 2 - Tilt / Movement
5.504613083,0.02846034989,0.001691008452,0.001705900533,0.02856153221,0.028561532208102005,0.026144718124230703,-0.003752706147950202,0.004927099092579056,0.027405003332827676,0.909729593842074,Phase 2 - Tilt / Movement
5.514599083,0.0169730708,0.00340129016,0.007237818092,0.01876272682,0.01876272682387099,0.018856778644548957,-0.000712149085942359,0.00979864552714699,0.024411187800878347,0.9241918743895139,Phase 2 - Tilt / Movement
5.524585083,0.009493268095,0.001019681804,0.01316372026,0.01626177792,0.016261777922124264,0.010837086727805997,0.0020845991988971686,0.01476122408804723,0.021727327198416312,0.9342749810088805,Phase 2 - Tilt / Movement
5.534571083,0.003825528547,0.0006170119159,0.01955876872,0.01993892691,0.019938926907201525,0.003625378568859522,0.004169146559394962,0.019219655627930318,0.019889112205746753,0.9400007217907695,Phase 2 - Tilt / Movement
5.544557083,0.002191938926,0.001317371149,0.02363120764,0.02376918252,0.023769182516955138,-0.001324010617247339,0.005143054341841313,0.022455028042437875,0.019197236516958656,0.9422474422689265,Phase 2 - Tilt / Movement
5.554543083,-0.002071515657,0.004957113881,0.02576733008,0.02632146376,0.026321463762451966,-0.0028025847698954945,0.0046199851245690374,0.023832950115790636,0.01985935269130853,0.9426552649623975,Phase 2 - Tilt / Movement
5.564529083,-0.001669724472,0.005191206466,0.02567106485,0.02624385976,0.026243859756482874,-4.352686562817709e-05,0.0022953758021435383,0.023016309770234337,0.022134663585207586,0.9434294056651796,Phase 2 - Tilt / Movement
5.574515083,-0.0001024543308,0.002161061857,0.02182039991,0.0219273924,0.02192739240019223,0.007015449491835509,-0.0018607260908087683,0.020104421447975234,0.026279131305652736,0.9470122682760377,Phase 2 - Tilt / Movement
5.584501083,0.01018747967,-0.004911657423,0.01747851819,0.0208184466,0.020818446598767526,0.017477612837810207,-0.007407378436508548,0.01564539558432671,0.03223791489235453,0.9556075404617259,Phase 2 - Tilt / Movement
5.594487083,0.02507162094,-0.009629713371,0.007886876352,0.02799143395,0.027991433953236472,0.02941360735288648,-0.01337115891498736,0.01050434315865617,0.039266057189074666,0.970610428979543,Phase 2 - Tilt / Movement
5.604474083,0.03989779204,-0.0175594911,0.003958373331,0.04377028966,0.04377028965846169,0.04013125223447044,-0.018397737878428886,0.005618402113232139,0.04580925240676056,0.9920961728032304,Phase 2 - Tilt / Movement
5.614459875,0.05408392102,-0.02643554099,-0.000406014733,0.06020027564,0.060200275649659456,0.04681950616019942,-0.0211177684916853,0.001718040991204255,0.0498902327980014,1.0185586557626272,Phase 2 - Tilt / Movement
5.624445875,0.05870398134,-0.02999069542,-0.004347469658,0.06606436051,0.06606436050829152,0.047413002959734794,-0.020641760646407863,-0.0008898281136452239,0.04992822144867119,1.0471048373498533,Phase 2 - Tilt / Movement
5.634431875,0.05305381864,-0.02682872489,-0.004912858829,0.05965420634,0.05965420633436506,0.041377605323464385,-0.016992201347194813,-0.0024047930971300797,0.045578470236951184,1.0740942117703625,Phase 2 - Tilt / Movement
5.644417875,0.03672123328,-0.008224735968,-0.001748059876,0.0376716202,0.03767162020244913,0.030082563430937036,-0.011226550048912608,-0.0034450848060485167,0.03807895102671696,1.0961257317076343,Phase 2 - Tilt / Movement
5.654403875,0.01619012654,0.00157463178,-0.001242591999,0.01631391116,0.016313911165008136,0.01653868985872546,-0.005116151815727745,-0.004799409704045136,0.02984019953671719,1.111051388681012,Phase 2 - Tilt / Movement
5.664389875,-0.005533235148,0.006538123824,-0.005096090026,0.009966638746,0.009966638746042502,0.004514196207447549,-0.000503512237849985,-0.007099917664971222,0.02347238460383768,1.1186625027163748,Phase 2 - Tilt / Movement
5.674375875,-0.01883732155,0.004848081619,-0.007312372793,0.02078026406,0.02078026406055483,-0.0027007955621304648,0.0013437009505288633,-0.010544212870871919,0.02078184153538132,1.1207696265678468,Phase 2 - Tilt / Movement
5.684361875,-0.0175435096,0.004143353086,-0.01152240112,0.0213941074,0.021394107400186976,-0.0034274852464550986,9.742144165340681e-05,-0.014769871676656159,0.022210097373673153,1.120604811445396,Phase 2 - Tilt / Movement
5.694347875,-0.003222093452,-0.007014493458,-0.01813636161,0.01971072341,0.019710723404645192,0.0018356562673290026,-0.003642519882847299,-0.018927032829797012,0.02682495023155931,1.1217377746051007,Phase 2 - Tilt / Movement
5.704333875,0.01617378183,-0.01236030925,-0.0249838233,0.0322266953,0.03222669530258566,0.01066960845867596,-0.008658175218355234,-0.021947072376216636,0.032707549750862375,1.1269036037005187,Phase 2 - Tilt / Movement
5.714320875,0.03320150077,-0.01651031338,-0.02976739407,0.04755026657,0.04755026657133258,0.019707927034944204,-0.013547649898145534,-0.022946344693056436,0.03758498937319888,1.1371833224926193,Phase 2 - Tilt / Movement
5.724306875,0.03726741672,-0.01638684608,-0.02801530994,0.0494190921,0.04941909210483343,0.02589541264107453,-0.017099476261879888,-0.02162181817492321,0.039586073145546026,1.1518177769512217,Phase 2 - Tilt / Movement
5.734292875,0.03525699675,-0.01751735806,-0.02158856951,0.04489966578,0.04489966577514647,0.02749982191142169,-0.018508377266404544,-0.018448499738784145,0.037887162061661546,1.1686813197651482,Phase 2 - Tilt / Movement
5.744278875,0.02446823381,-0.02034515887,-0.01141472347,0.03380703872,0.03380703872158778,0.024511305735302677,-0.017454330071499217,-0.014543822132788065,0.032962698942301284,1.185148900282984,Phase 2 - Tilt / Movement
5.754264875,0.01447072811,-0.01599301957,-0.003345878329,0.02182598334,0.02182598334078946,0.018377155165808987,-0.014111506997218047,-0.011219431616985437,0.026320425977977444,1.199006688120797,Phase 2 - Tilt / Movement
5.764250875,0.005831130315,-0.01048997045,-0.002961612772,0.01236174385,0.012361743849621652,0.011290337234735683,-0.00910240029724253,-0.009413988746252093,0.01985731143142968,1.2090822500176948,Phase 2 - Tilt / Movement
5.774236875,-0.0008938838728,-0.0007787542418,-0.004856717773,0.004999319361,0.004999319361047811,0.005361868514869964,-0.0033637868598817232,-0.009279359462076643,0.015135583837093248,1.2154344269902926,Phase 2 - Tilt / Movement
5.784222875,-0.003676410764,0.003379509784,-0.01145972405,0.0125004943,0.012500494301744838,0.0019633510787522516,0.0020786567262014665,-0.01011798695809853,0.012890773906135479,1.2191183600299131,Phase 2 - Tilt / Movement
5.794208875,-0.001539756544,0.008125528693,-0.01314337458,0.0155287914,0.01552879139230569,0.0014087385666624503,0.006363709198138733,-0.01069181595361401,0.012956133824422357,1.2216713902436713,Phase 2 - Tilt / Movement
5.804194875,0.002785366261,0.01098752301,-0.01722961664,0.02062386038,0.0206238603725045,0.00302443309679455,0.008991067759022059,-0.009756628402775263,0.014566794319064451,1.2245279724955356,Phase 2 - Tilt / Movement
5.814180875,0.01055114344,0.01298835594,-0.01367509551,0.02161092907,0.021610929066636874,0.005550506857017356,0.00990577721771939,-0.006593346868211415,0.016815038256467754,1.2285694228202926,Phase 2 - Tilt / Movement
5.824167875,0.01592640579,0.006868301891,-0.00224579405,0.01748906982,0.017489069819995436,0.007719097944403226,0.00944886612540194,-0.0013158111342874575,0.018994312588639355,1.2339544518675274,Phase 2 - Tilt / Movement
5.834153875,0.01535036415,0.004469059408,0.006853695028,0.0173948069,0.017394806899378633,0.00878415977396633,0.008186958452473983,0.005171263030669442,0.020702025108669118,1.2402640181109976,Phase 2 - Tilt / Movement
5.844139875,0.01170347445,0.005972306244,0.01508588716,0.02000559291,0.020005592904939785,0.008773052249347808,0.006693219139908829,0.011529269932287053,0.021758508790661494,1.2468750973118978,Phase 2 - Tilt / Movement
5.854125875,0.004255145788,0.007017330267,0.02127720416,0.02280501275,0.022805012752015942,0.008333757986376483,0.005386716865573245,0.016483503655170175,0.022101116667134917,1.253357326548079,Phase 2 - Tilt / Movement
5.864111875,-0.002295357641,0.00418314198,0.02433217503,0.02479560617,0.02479560616753482,0.00824025357569277,0.0044812885325128775,0.019254567027453734,0.021763360282462778,1.259687133897414,Phase 2 - Tilt / Movement
5.874097875,-0.001229826827,0.002238501795,0.02252095938,0.0226653254,0.022665325404816875,0.008808188631721585,0.004006335898471241,0.01976958261790628,0.020922157759910198,1.2661526653348836,Phase 2 - Tilt / Movement
5.884083875,0.006746600848,0.001015526708,0.01671919413,0.0180576679,0.018057667896312694,0.00955671367428006,0.0038521167472499516,0.018582810723259707,0.019921159124739247,1.272994806816832,Phase 2 - Tilt / Movement
5.894069875,0.0141022522,0.006362355314,0.01023466326,0.01854997074,0.018549970735814724,0.009348906959633113,0.0038506872304571753,0.01653941325145163,0.019210478710559788,1.2799916358231074,Phase 2 - Tilt / Movement
5.904055875,0.01926339045,0.01016172487,0.007832502015,0.02314491201,0.023144912006264073,0.006977287173719018,0.003917483243927799,0.014332835582336948,0.019222495656701515,1.2862505481009157,Phase 2 - Tilt / Movement
5.914041875,0.01215541363,0.008787000552,0.007691620849,0.01685605204,0.016856052043761893,0.0018878382339034886,0.004197189970698985,0.012177402605546037,0.020226627683880373,1.2903750140497572,Phase 2 - Tilt / Movement
5.924027875,-0.001990597695,0.004022920504,0.01292318478,0.0136804632,0.01368046320205813,-0.005365833602566374,0.005073255331581883,0.00977680200778509,0.02218125869950617,1.2909683868271777,Phase 2 - Tilt / Movement
5.934013875,-0.01868355647,-0.001599811716,0.01269468479,0.02264486038,0.022644860384020634,-0.013203484713188348,0.006946778813339418,0.006613641749206976,0.024637504047749812,1.2872444667276968,Phase 2 - Tilt / Movement
5.943999875,-0.02923534438,0.0009111333638,0.009826825932,0.03085615065,0.03085615064977572,-0.01959302256059433,0.00987348785428613,0.0023973680518312264,0.026817696749980705,1.279450463325236,Phase 2 - Tilt / Movement
5.953986875,-0.03008702025,0.01306979544,-6.095855497e-05,0.03280323241,0.0328032324064684,-0.022803301771790782,0.013310791693773394,-0.002591201031592364,0.027925326944167654,1.2689091096104774,Phase 2 - Tilt / Movement
5.963972875,-0.02324461006,0.02232001349,-0.009151711129,0.03349998083,0.03349998083020194,-0.02195318763185352,0.016194449868353715,-0.007458920343620007,0.027557458814234548,1.2576936205080465,Phase 2 - Tilt / Movement
5.973958875,-0.01406096667,0.02337382361,-0.01495687012,0.03110875082,0.031108750820834852,-0.017142622746375374,0.017330064869378135,-0.01098356789123026,0.02598835175785876,1.2480975261611655,Phase 2 - Tilt / Movement
5.983944875,-0.00620289566,0.01583218016,-0.01588113979,0.02326680992,0.023266809927814894,-0.009213234570823535,0.015858583163580218,-0.012070423549188795,0.024153795290901635,1.2421460499034533,Phase 2 - Tilt / Movement
5.993930875,0.003491809592,0.01194396429,-0.0136930868,0.01850274691,0.018502746912280692,0.0006441495072803021,0.011549831276166992,-0.010172431170295797,0.02330783896650229,1.2412829748033463,Phase 2 - Tilt / Movement
6.003916875,0.01328850724,0.006119580474,-0.006911413744,0.01618027595,0.016180275949007995,0.011219918305050487,0.0048563183747318,-0.005521540860484288,0.024476127168710653,1.2462653716789514,Phase 2 - Tilt / Movement
6.013902875,0.02001724951,-0.002870186232,-0.001161116757,0.02025528176,0.020255281757490903,0.021446893553748916,-0.003196752910206402,0.0008809056704518158,0.027944148728980375,1.2571989723692718,Phase 2 - Tilt / Movement
6.023888875,0.02898422629,-0.009688090533,0.007410884835,0.03144623484,0.031446234843668715,0.030397888638680766,-0.011205786974461979,0.0074910224183819376,0.033031066248278104,1.2736189651409935,Phase 2 - Tilt / Movement
6.033874875,0.03225698322,-0.01761898398,0.01620703936,0.04016976086,0.04016976086261216,0.03720121977127253,-0.017642673867636842,0.012606600739863463,0.03828469154733213,1.2945459213245896,Phase 2 - Tilt / Movement
6.043860875,0.03878066689,-0.02440599911,0.01882099919,0.04953607703,0.049536077029781474,0.040991841261464525,-0.021164040263700213,0.014823893383839435,0.042041339798743804,1.3185035724550032,Phase 2 - Tilt / Movement
6.053846875,0.04433229566,-0.02648619376,0.01913312078,0.05507219996,0.055072199966589186,0.041000733264262366,-0.020942173586063914,0.013448242225641224,0.04312143697624742,1.3435481801495623,Phase 2 - Tilt / Movement
6.063833875,0.0437640436,-0.0206515789,0.01204217877,0.04986775805,0.04986775804880609,0.03679916451504621,-0.016926962931601185,0.008724484301278047,0.041347707444769496,1.3673957438513276,Phase 2 - Tilt / Movement
6.073819875,0.03185492009,-0.01149563119,0.002032421529,0.03392662977,0.033926629771734315,0.028581743418654427,-0.009918770144872163,0.0017911666314497383,0.03761129206923823,1.3876881220625836,Phase 2 - Tilt / Movement
6.083805875,0.01640238799,0.0007046288811,-0.009171820246,0.01880577359,0.018805773588435864,0.017303009015428555,-0.0013834809598820275,-0.005648449947335909,0.03341048890811688,1.402403082471535,Phase 2 - Tilt / Movement
6.093791875,0.003648508806,0.01360098645,-0.0180926118,0.02292686308,0.022926863079497865,0.0045646619078254175,0.006944150605850562,-0.011836640103727415,0.030102112585406862,1.4102472883883719,Phase 2 - Tilt / Movement
6.103777875,-0.008988982998,0.01776249334,-0.02003292367,0.02824227356,0.028242273558619954,-0.007692427326521022,0.013513599177518126,-0.015468835388431258,0.028303138759314707,1.410940854188867,Phase 2 - Tilt / Movement
6.113763875,-0.01628497988,0.01370676607,-0.01662780531,0.02701036681,0.02701036681011519,-0.017561466833151816,0.017281072228040654,-0.01601105342816956,0.02775066542974472,1.4053046251568133,Phase 2 - Tilt / Movement
6.123749875,-0.02462505922,0.01404189877,-0.01224366296,0.03087840257,0.030878402570947712,-0.02352186087324187,0.017810694916002234,-0.013732937066418437,0.02760295065730102,1.3951399461713512,Phase 2 - Tilt / Movement
6.133735875,-0.0283103399,0.01910004206,-0.009010585956,0.03531964908,0.03531964908118094,-0.024753039852140193,0.01523176883965161,-0.009500752776282206,0.026954136108980856,1.3829179176031212,Phase 2 - Tilt / Movement
6.143721875,-0.02907549031,0.01499291044,-0.002015952487,0.03277553302,0.03277553301868036,-0.02139477873996697,0.010189316619902342,-0.004460621354294233,0.025310004468663213,1.3713044000696617,Phase 2 - Tilt / Movement
6.153707875,-0.02254302427,0.003757833503,0.003202511696,0.02307737717,0.023077377169797592,-0.01466882879097318,0.003806338003273018,0.00026443019071858596,0.022810214180402265,1.3625757517246864,Phase 2 - Tilt / Movement
6.163693875,-0.007701041643,-0.002413508017,0.003909456544,0.0089674363,0.00896743630056929,-0.006715114299258986,-0.002441891898310211,0.0037861099386008778,0.020083895994024076,1.3580466298855964,Phase 2 - Tilt / Movement
6.173679875,0.009129603393,-0.005911836401,0.002314755926,0.01112014221,0.011120142208740762,-4.641137091380079e-05,-0.007003304338403855,0.005538716331200188,0.017843699674238225,1.3577006574491148,Phase 2 - Tilt / Movement
6.183666875,0.01721210591,-0.01101743523,0.003553715069,0.02074293518,0.02074293517552277,0.0032779383595682903,-0.008635436700690375,0.005272946924719967,0.016517235616435654,1.3602137274375776,Phase 2 - Tilt / Movement
6.193652875,0.009952329099,-0.01812860742,0.006140709855,0.02157321439,0.021573214387442946,0.0024301598779041056,-0.006819003274452529,0.003042570869299751,0.01615283652241677,1.3634350379134592,Phase 2 - Tilt / Movement
6.203638875,-0.001449152827,-0.01102659851,0.00368670281,0.0117165565,0.011716556500354455,-0.0018373505377249427,-0.0020714420602765673,-0.0007560585587627025,0.016559808206976827,1.3651929776565694,Phase 2 - Tilt / Movement
6.213624875,-0.009965144098,0.005224543624,-0.001879836665,0.01140761758,0.011407617580374159,-0.007444175645049149,0.004034953245892293,-0.005341604741999176,0.017491370353517215,1.3641260889491298,Phase 2 - Tilt / Movement
6.223610875,-0.01906630956,0.01635495946,-0.01158798113,0.02766387836,0.027663878358705003,-0.011696806331776501,0.009292746947188802,-0.009624762265714404,0.01880422403146941,1.3602386285516523,Phase 2 - Tilt / Movement
6.233596875,-0.01788812876,0.02025675774,-0.01590709575,0.03135852483,0.0313585248356975,-0.01215004448351591,0.011620858404290021,-0.01247009923718494,0.020646473451406192,1.3550049234222075,Phase 2 - Tilt / Movement
6.243582875,-0.01152273081,0.01878732443,-0.02022902295,0.02991571918,0.029915719180214018,-0.007311315952570599,0.009842480076088692,-0.013069283100315889,0.023592005384975297,1.351025809851252,Phase 2 - Tilt / Movement
6.253568875,0.0006031733938,0.008877968416,-0.01537940651,0.01776818184,0.017768181841097647,0.0029921204943820145,0.004134151161885914,-0.011248738824004838,0.028483098776948695,1.351378533934897,Phase 2 - Tilt / Movement
6.263554875,0.01776655763,-0.007019185461,-0.00645693345,0.02016461069,0.020164610686391988,0.017616086153128502,-0.004034161289156893,-0.0075393341582391925,0.03589915116381425,1.358862435048408,Phase 2 - Tilt / Movement
6.273540875,0.03438148648,-0.01799060963,0.001832421869,0.03884721891,0.03884721891383553,0.034396238386213945,-0.01242505559426859,-0.0029501617514610117,0.04554097284464326,1.3753303579706846,Phase 2 - Tilt / Movement
6.283526875,0.05368225276,-0.02482630312,0.006920685526,0.05954851364,0.05954851363505587,0.05061684578789629,-0.01879726084088459,0.0014468107588098225,0.05598699121636033,1.4012390665022143,Phase 2 - Tilt / Movement
6.293512875,0.06305710971,-0.02889561653,0.008388087153,0.06986784487,0.06986784486238365,0.06353336394318845,-0.02160718310289277,0.004907187634947428,0.06503363795457905,1.4354832606012828,Phase 2 - Tilt / Movement
6.303498875,0.07140772045,-0.02441111952,0.006506031845,0.07574492555,0.07574492554919587,0.07086342706861437,-0.020410939620520763,0.007192065029515059,0.07043235473280453,1.475519552679518,Phase 2 - Tilt / Movement
6.313484875,0.07350789011,-0.01621950045,0.006472741719,0.07555381187,0.07555381187360614,0.07121018094721954,-0.015857177948859134,0.008478126148826235,0.07065576527033596,1.5177520118853822,Phase 2 - Tilt / Movement
6.323471875,0.07355517894,0.0004062424414,0.004654982127,0.07370344796,0.07370344795475516,0.06440676631952541,-0.009300845470853969,0.009087280726488864,0.0654171279402152,1.5581414078108136,Phase 2 - Tilt / Movement
6.333457875,0.06179412082,0.003996715881,0.004120485857,0.06206017652,0.06206017651802105,0.05171905940403044,-0.0022163290524372507,0.009199553151466141,0.055813277124038475,1.5929507818402067,Phase 2 - Tilt / Movement
6.343443875,0.03878611326,0.008052713238,0.005722128786,0.0400243867,0.040024386693047254,0.03575100753673078,0.004308219738979316,0.008710553320556163,0.044038457876850234,1.619562378662866,Phase 2 - Tilt / Movement
6.353429875,0.01153611671,0.0095616607,0.01357951853,0.0202215397,0.020221539693981737,0.019905451080381095,0.009758344868565845,0.007330602015177045,0.0327097990988728,1.6370728075438026,Phase 2 - Tilt / Movement
6.363415875,-0.005566814449,0.005097615533,0.01234692242,0.01447140631,0.01447140630613959,0.007453889748364199,0.014019530725092441,0.0048945328037700514,0.02403042325760578,1.6464880584544022,Phase 2 - Tilt / Movement
6.373401875,-0.01226466335,0.01091555785,0.00755669456,0.0180741529,0.018074152896848678,0.0005449782946471631,0.01701291870647937,0.0016951008595472758,0.019159805372918195,1.6503647073786587,Phase 2 - Tilt / Movement
6.383387875,-0.005945355166,0.01801847108,0.0001754600089,0.01897480788,0.01897480788638985,-0.00040219003557997226,0.018414506111775936,-0.0014095854776937896,0.018065971175609413,1.6519939060687312,Phase 2 - Tilt / Movement
6.393373875,0.006707056891,0.01862993278,-0.01064922474,0.02248254868,0.022482548678685366,0.0033712415128028216,0.017660715903974947,-0.003249904805554765,0.01984943764429767,1.6544316359990914,Phase 2 - Tilt / Movement
6.403359875,0.02182908542,0.02109698206,-0.01115710009,0.03234304415,0.03234304414757363,0.009674189665374073,0.014241392944020555,-0.0028721548832178986,0.023306877987883733,1.6597519947394235,Phase 2 - Tilt / Movement
6.413345875,0.0285160169,0.01311655343,-0.007723486051,0.03232428546,0.03232428546005498,0.016372578346666545,0.008100574744390522,-6.858961949753612e-05,0.027459070185782856,1.668791747670698,Phase 2 - Tilt / Movement
6.423331875,0.03226112947,0.006875266321,0.002243776806,0.03306182536,0.033061825358257566,0.02221096096940597,-8.848180608905374e-05,0.004388665016506953,0.03182674137460986,1.6814179928955892,Phase 2 - Tilt / Movement
6.433317875,0.02518351376,-0.01464893389,0.01202263776,0.03151736741,0.031517367404684644,0.027065499677368165,-0.00894504494719545,0.008963759679339626,0.03635641664375664,1.6971032458202142,Phase 2 - Tilt / Movement
6.443303875,0.01702865027,-0.01954210736,0.02270932868,0.03446131888,0.03446131888340909,0.031538536543753846,-0.016724487417609495,0.011950211298145759,0.0410752239732502,1.7154569112973406,Phase 2 - Tilt / Movement
6.453290875,0.02349347435,-0.02621252649,0.0219916068,0.04150506778,0.041505067782969175,0.036166645365589375,-0.02183652406787229,0.01217427845678662,0.045701311302615205,1.7364163114254378,Phase 2 - Tilt / Movement
6.463276875,0.03491936624,-0.02650420181,0.00964867603,0.04488799173,0.044887991727413645,0.04074691224606576,-0.023311693697274535,0.009470641861896405,0.049451310499234805,1.7600079249973701,Phase 2 - Tilt / Movement
6.473262875,0.04602341354,-0.02072247863,0.003213412827,0.05057570302,0.05057570302468756,0.04421039769965858,-0.021058439229711078,0.00470635762840857,0.05117841293237529,1.7859006777588344,Phase 2 - Tilt / Movement
6.483248875,0.05491365865,-0.0167985782,-0.005407648161,0.05767967401,0.05767967401523176,0.04512425267370527,-0.015882495610407145,-0.0006183335860065267,0.04983130315165014,1.813045690558356,Phase 2 - Tilt / Movement
6.493234875,0.0551725179,-0.01273033395,-0.01150548831,0.05777927305,0.05777927305838911,0.04254020208337682,-0.009324406448913365,-0.004956657302631286,0.04508566577050346,1.8397128974251225,Phase 2 - Tilt / Movement
6.503220875,0.04509637505,-0.004973558709,-0.01112710964,0.046714365,0.04671436500502509,0.036738904775273515,-0.0033734098651729797,-0.007217333258953853,0.03787023319462923,1.8639812421855562,Phase 2 - Tilt / Movement
6.513206875,0.0303821452,0.002626836766,-0.005842599086,0.03105013659,0.031050136592756246,0.029489362668621486,-7.076982191597548e-05,-0.0070009291436526995,0.030472567362549705,1.8845160311642684,Phase 2 - Tilt / Movement
6.523192875,0.02269931696,0.007040915079,-0.003597334493,0.02403693598,0.024036935974761024,0.0236853065120312,-0.0010165578486138775,-0.004530271623615993,0.02606467640477544,1.9013164751158829,Phase 2 - Tilt / Movement
6.533178875,0.01644994318,0.001666389406,0.00282274792,0.01677335358,0.016773353573377087,0.022493425550995837,-0.00688705806493092,-0.00037038319472122824,0.027763021224850876,1.9161155365782954,Phase 2 - Tilt / Movement
6.543164875,0.0169313848,-0.01421989128,0.008706239983,0.02376290626,0.023762906259594575,0.028307585186317482,-0.017166420454583536,0.004901262925047826,0.03755082514655628,1.9322369294801405,Phase 2 - Tilt / Movement
6.553150875,0.02901148237,-0.03399013355,0.0154099483,0.04727009409,0.04727009408347237,0.04183748227263446,-0.030264138265346893,0.010929760276490947,0.05545913895283386,1.9538922280963802,Phase 2 - Tilt / Movement
6.563136875,0.05205135792,-0.05652537197,0.01647520065,0.07858685497,0.07858685497028475,0.06163941400483156,-0.044000825473330375,0.017626891774709285,0.0793246577574847,1.9850830238745831,Phase 2 - Tilt / Movement
6.573122875,0.08723011613,-0.05556929857,0.02106435969,0.1055497388,0.10554973876218163,0.08431196753683659,-0.05621980456846132,0.024997056903055887,0.10522287007488368,2.0284248281047383,Phase 2 - Tilt / Movement
6.583108875,0.1159271374,-0.05980250239,0.02706974372,0.1332224137,0.13322241366576015,0.10536824880396833,-0.0652243745500934,0.032823095227347936,0.12841764203907827,2.084276482376226,Phase 2 - Tilt / Movement
6.593095875,0.1312781274,-0.07411752641,0.03532847017,0.1548400958,0.15484009577412516,0.12050523717956513,-0.06993282661374929,0.040385198900076434,0.14452917650240438,2.1504888584394957,Phase 2 - Tilt / Movement
6.603081875,0.1384047568,-0.07116375864,0.04452203959,0.161871459,0.1618714590590103,0.12680220141466383,-0.06987097228357898,0.04639410648429965,0.1506113117457122,2.2228263832355597,Phase 2 - Tilt / Movement
6.613067583,0.1297066063,-0.0638134405,0.05274001881,0.1538748468,0.15387484684115657,0.1234269152370535,-0.0651298173129413,0.049227555795740494,0.1458572655996557,2.295997595684425,Phase 2 - Tilt / Movement
6.623053583,0.1090137064,-0.0546720773,0.05144570023,0.1323619443,0.13236194427220235,0.11165288388440939,-0.05629891719508983,0.047417640004478644,0.13172563476184979,2.3648370639494503,Phase 2 - Tilt / Movement
6.633039583,0.08706819266,-0.04654304683,0.04677718133,0.1092484786,0.10924847859113715,0.09425725963983188,-0.044366948522360825,0.040217845171648836,0.11144729556323797,2.4253317405237156,Phase 2 - Tilt / Movement
6.643025583,0.06677123904,-0.03251858056,0.03663529828,0.08281305166,0.0828130516563579,0.07458724094718548,-0.030618426634749146,0.028036625286564774,0.08908217483107955,2.4752227585061033,Phase 2 - Tilt / Movement
6.653011583,0.05093368143,-0.01928826421,0.01624480262,0.05683459028,0.05683459028100979,0.05567039771656822,-0.016522882268986645,0.012555389843556126,0.06842597229283755,2.514074930874536,Phase 2 - Tilt / Movement
6.662997583,0.03762833774,0.001452116296,-0.007403477561,0.03837723183,0.03837723182837511,0.039653578570680796,-0.0035627077150397588,-0.0035710895086336052,0.05209456286468876,2.5429333570173482,Phase 2 - Tilt / Movement
6.672983583,0.03006762639,0.01268080249,-0.02646798268,0.04201688965,0.042016889647709464,0.027655208763830107,0.007015136752749228,-0.017388960633260314,0.04107690370077268,2.5637772587785164,Phase 2 - Tilt / Movement
6.682969583,0.02273012698,0.01678355969,-0.0346397981,0.0447019257,0.04470192569457697,0.019933437749654472,0.014428371565015462,-0.026466525994357604,0.03490451949616641,2.578979665503326,Phase 2 - Tilt / Movement
6.692955583,0.01685652509,0.01493372768,-0.03173934668,0.03891715288,0.03891715287894818,0.01618489515201194,0.018424382098482843,-0.02953988394497842,0.03229737889443146,2.5909006698338097,Phase 2 - Tilt / Movement
6.702941583,0.01591617242,0.007701963652,-0.02745052427,0.03265235169,0.03265235169628302,0.015811123533190783,0.019143481064213052,-0.026756467565905478,0.0318976300576324,2.601642371470588,Phase 2 - Tilt / Movement
6.712927583,0.01525171287,0.02142390236,-0.02185602486,0.03419479728,0.03419479727210962,0.018088106373531018,0.016932150043201193,-0.019500567724641125,0.0327451257592356,2.6129285396381468,Phase 2 - Tilt / Movement
6.722913583,0.02260570228,0.02533497661,-0.008325865492,0.0349599607,0.03495996069208489,0.02227431712330453,0.012304516047150504,-0.009929851586311437,0.034412621986223094,2.62606368418415,Phase 2 - Tilt / Movement
6.732899583,0.03004178032,0.006592181511,0.003837057622,0.03099497432,0.030994974319454725,0.0277267848773116,0.006038258776017244,-0.0003643690831248378,0.03691565443599033,2.641956240932714,Phase 2 - Tilt / Movement
6.742886583,0.03675361723,-0.004288172349,0.0152727589,0.04003091263,0.040030912630136355,0.03404836501172003,-0.0008402121840455563,0.0073497438596824075,0.04055011900105304,2.6612190205028496,Phase 2 - Tilt / Movement
6.752872583,0.04438543692,-0.01385770924,0.0210265182,0.05103153519,0.051031535187319337,0.04121225492622109,-0.00734689913249261,0.012348730538730802,0.04577980152234642,2.6843377652567417,Phase 2 - Tilt / Movement
6.762858583,0.0499494113,-0.02516846545,0.01783360541,0.05870632695,0.05870632695241623,0.049576488563166675,-0.012970198321661113,0.014948256239019315,0.05320731942193109,2.711898761855307,Phase 2 - Tilt / Movement
6.772844583,0.05946967751,-0.02184377611,0.01351981703,0.06478100455,0.06478100454926493,0.059738032612817606,-0.017922758914500975,0.01640508759473262,0.06352341197873071,2.744759572679957,Phase 2 - Tilt / Movement
6.782830583,0.07082273811,-0.01322658546,0.004380381666,0.0721802642,0.07218026419921279,0.07224598723946607,-0.02297081320717235,0.01829247155652118,0.0772845822929154,2.784105624427566,Phase 2 - Tilt / Movement
6.792816583,0.08211667091,-0.007398257963,0.01122790109,0.08321026153,0.0832102615373558,0.08724959496949243,-0.02886627623994056,0.021756181364062717,0.09450805450819437,2.831322124154541,Phase 2 - Tilt / Movement
6.802802583,0.09915126115,-0.03369792923,0.02915673889,0.1087043626,0.10870436258368486,0.10418731009370927,-0.03574749302935331,0.027031961783404505,0.11427990691513916,2.887676328118644,Phase 2 - Tilt / Movement
6.812788583,0.1168884486,-0.06052182242,0.03781787306,0.1369525171,0.1369525170558582,0.1216380044802903,-0.042975111352574334,0.033471822697844066,0.1346495968784509,2.953868293553319,Phase 2 - Tilt / Movement
6.822774583,0.137525171,-0.0470460169,0.04927710444,0.153475514,0.15347551396468753,0.13743944415986323,-0.04951338346874095,0.03999765223337837,0.1529428415991106,3.029572957248377,Phase 2 - Tilt / Movement
6.832760583,0.1525089145,-0.06509266049,0.05212402344,0.1738186908,0.173818690799374,0.14910278008158884,-0.05449637138026218,0.04564163185255614,0.16638372023161296,3.113134684269478,Phase 2 - Tilt / Movement
6.842746583,0.1613547504,-0.06324160099,0.04640526325,0.1794109919,0.1794109919423179,0.15443006636150408,-0.05754471620773413,0.04983434061179745,0.1727765179883407,3.2015570515712595,Phase 2 - Tilt / Movement
6.852732583,0.1579653472,-0.03736739233,0.04751154035,0.1691352104,0.16913521038503593,0.1521392554625244,-0.05867203977296416,0.052314034960515114,0.17101276892248418,3.29084808715208,Phase 2 - Tilt / Movement
6.862718583,0.1477683038,-0.05165285617,0.04477714747,0.1628142564,0.16281425642122968,0.1422790688795421,-0.05792372121311743,0.05279247287181067,0.161281269215689,3.376662991776065,Phase 2 - Tilt / Movement
6.872704583,0.1265343726,-0.0692640692,0.04144659638,0.1500875714,0.15008757138052653,0.12628712332178704,-0.055094270687118196,0.05066816853823004,0.14500308219154676,3.4550821746110896,Phase 2 - Tilt / Movement
6.882690583,0.102895245,-0.03977494687,0.05054360256,0.121343041,0.12134304101127755,0.10667378145113343,-0.04979289632243489,0.04505377831056756,0.1245830309182342,3.5233154741850106,Phase 2 - Tilt / Movement
6.892676583,0.08390344679,-0.0474794656,0.04625112191,0.1069263967,0.10692639671679592,0.08644873040996301,-0.04179136769262591,0.035200865549227404,0.10303238174861297,3.5801518928792153,Phase 2 - Tilt / Movement
6.902663583,0.06486579031,-0.04590347409,0.03031943738,0.0850527364,0.08505273639990622,0.06848506134125595,-0.03141204887926421,0.021133483054330528,0.08347912379340648,3.6260679630881953,Phase 2 - Tilt / Movement
6.912649583,0.05208048597,-0.01828063279,0.0114072673,0.05636208213,0.05636208212378105,0.05499519149639752,-0.019771288995885303,0.004110633717045635,0.06859147698055075,3.662981275646023,Phase 2 - Tilt / Movement
6.922635583,0.04418515414,-0.01031660475,-0.0144186914,0.04760944068,0.047609440677576914,0.04721134054370177,-0.008728652083360548,-0.013401691780345894,0.060002385195517344,3.6938086483835635,Phase 2 - Tilt / Movement
6.932621583,0.04366370663,0.002560312394,-0.03504061326,0.05604390292,0.05604390291425521,0.04529514673458473,-0.0004707448210215372,-0.028306324212302014,0.057948781122407984,3.721861053392788,Phase 2 - Tilt / Movement
6.942607583,0.04602897167,0.01194534637,-0.04776457697,0.06740038833,0.06740038832247176,0.04846797563979352,0.003148096985087248,-0.03778875598420612,0.06136814569889974,3.7502729538397697,Phase 2 - Tilt / Movement
6.952593583,0.05663474277,0.01127529517,-0.05232178047,0.0779242907,0.07792429070158782,0.05533516766629916,0.0012578559011969584,-0.0402103349156064,0.06846254391147553,3.781557081659023,Phase 2 - Tilt / Movement
6.962579583,0.07086297125,-0.001468578586,-0.03998794779,0.08138030097,0.08138030096956726,0.06435185898460707,-0.005640399602824809,-0.03562404945690262,0.0774312713393499,3.8173852363116136,Phase 2 - Tilt / Movement
6.972565583,0.08593326062,-0.01851493865,-0.02386703342,0.09108766941,0.09108766940848527,0.0743169606274204,-0.01573774034733183,-0.0257010071064113,0.08699920422333898,3.858643661049148,Phase 2 - Tilt / Movement
6.982551583,0.09109791368,-0.03618570045,-0.007480538916,0.09830662875,0.09830662875096294,0.0846917973085689,-0.026429632163091923,-0.013094692390049626,0.09654701050491804,3.9057208911459327,Phase 2 - Tilt / Movement
6.992537583,0.09175837785,-0.03203462809,0.01174109243,0.09789622339,0.09789622338975999,0.09551950141935187,-0.03505247836417916,-0.0004995807015524137,0.10586924399322356,3.9588636980416547,Phase 2 - Tilt / Movement
7.002523583,0.09222713113,-0.05107292905,0.02386489511,0.108091725,0.10809172501550639,0.10688470115378247,-0.0395457336267217,0.010220423763552665,0.1147275189231077,4.018355402646655,Phase 2 - Tilt / Movement
7.012509583,0.1026856303,-0.04188235849,0.02045365237,0.1127688899,0.1127688898502861,0.11815992949418337,-0.03884737142199798,0.01847330440191377,0.12244964776153797,4.0843240317201115,Phase 2 - Tilt / Movement
7.022495583,0.1246417239,-0.02387560904,0.01331472583,0.1276044121,0.12760441202295017,0.12750682590078977,-0.03296224728977663,0.024749634658162684,0.12783481323116208,4.156192193431565,Phase 2 - Tilt / Movement
7.032481583,0.1348868906,-0.02635048516,0.02074254863,0.1389930741,0.13899307409929337,0.1320139778437256,-0.02274919877486703,0.0299155921538158,0.12949575691317552,4.232023691191509,Phase 2 - Tilt / Movement
7.042467583,0.1335846931,-0.01759635843,0.02607864887,0.1372391999,0.13723919989384584,0.12849497183696518,-0.00956985377491638,0.03440283406297651,0.12652163330271762,4.308137875593741,Phase 2 - Tilt / Movement
7.052453583,0.1255669892,0.02176436223,0.03247663006,0.1315123102,0.13151231022260107,0.11463226452581216,0.005080556526188934,0.03774552049748784,0.11911572867381195,4.3792795372185624,Phase 2 - Tilt / Movement
7.062439583,0.1050220281,0.02846482396,0.04093981907,0.1162580809,0.11625808090105097,0.09004652939317022,0.01991580768992039,0.038681361345037,0.10880828949835539,4.439421951973339,Phase 2 - Tilt / Movement
7.072426583,0.07101879269,0.02662324905,0.04223571345,0.08681199108,0.0868119910827648,0.056922652834007076,0.034048458797049354,0.035753755192083,0.09801026359890237,4.483059295826658,Phase 2 - Tilt / Movement
7.082412583,0.02214489132,0.0395992808,0.04164960235,0.06158886773,0.06158886772270607,0.019911739055132032,0.04685639922704742,0.02815934374420243,0.0890042832679584,4.506628261840712,Phase 2 - Tilt / Movement
7.092398583,-0.02434431389,0.04851767421,0.02800036781,0.06107889101,0.06107889101005216,-0.014797437416819279,0.0576097997712045,0.016482795350085577,0.08287210949939197,4.509679700275761,Phase 2 - Tilt / Movement
7.102384583,-0.05882914737,0.06182991713,0.008739063516,0.08579148247,0.08579148246603813,-0.04103163651584126,0.0652088229880644,0.002964193120615974,0.07907789993960665,4.495296590250789,Phase 2 - Tilt / Movement
7.112370583,-0.06996648759,0.07617077231,-0.01414228324,0.1043901342,0.10439013418529489,-0.054292743533383724,0.06831471442189227,-0.008907003763343043,0.07612143227148581,4.469614748870995,Phase 2 - Tilt / Movement
7.122356583,-0.062754713,0.07646974176,-0.0275818482,0.1026963181,0.1026963181359551,-0.05291740929895824,0.06585362362136098,-0.015400749261497485,0.0728988378435877,4.440532651439895,Phase 2 - Tilt / Movement
7.132342583,-0.03889624774,0.06242635474,-0.02844604477,0.07886155792,0.07886155791913206,-0.03834304476169993,0.057600379390544416,-0.013799410816863871,0.06977929163230495,4.416013409176441,Phase 2 - Tilt / Movement
7.142328583,-0.004732352216,0.04578123242,-0.01396005601,0.04809573331,0.04809573331588443,-0.014468173980915643,0.04448925634311862,-0.0033981357294551573,0.06852849641956991,4.402493640606766,Phase 2 - Tilt / Movement
7.152314583,0.02515577152,0.02317578532,0.01212534122,0.03628985762,0.036289857614305976,0.013554490278809865,0.02848671413520834,0.014149067668598908,0.0710458156678843,4.403820606093784,Phase 2 - Tilt / Movement
7.162300583,0.04557628557,0.01126777939,0.0396216251,0.06143316559,0.061433165589157526,0.040583073270464266,0.012130428178887962,0.03526163012335219,0.07778240643195393,4.420896512774109,Phase 2 - Tilt / Movement
7.172286583,0.05975548923,-0.001408867305,0.06510195136,0.08837967793,0.08837967793039048,0.06238648998631212,-0.0020314582731205495,0.05545221944248255,0.08695625379028982,4.4519421718241325,Phase 2 - Tilt / Movement
7.182272583,0.07101468742,-0.01829016767,0.08030638099,0.1087507742,0.10875077420629267,0.07605581916217438,-0.01192781067734226,0.07053999712698986,0.09509700553055823,4.4931357969404395,Phase 2 - Tilt / Movement
7.192258583,0.08030112833,-0.02033094689,0.08476690948,0.1185202411,0.1185202411206864,0.08010989208729018,-0.016315322255664802,0.07764313573205113,0.09856872964446921,4.5393996944187744,Phase 2 - Tilt / Movement
7.202244583,0.08337982744,-0.01569566876,0.0753749311,0.1134897787,0.11348977874715223,0.07455893258789763,-0.014952860231180967,0.0756761699742125,0.09521271911844129,4.585235365838507,Phase 2 - Tilt / Movement
7.212230583,0.07321294397,-0.0061847209,0.05985722691,0.09476958136,0.0947695813577357,0.06100402516246948,-0.008553412562282812,0.06530649027522034,0.08531398723711954,4.6256052723633605,Phase 2 - Tilt / Movement
7.222216583,0.04871534556,0.005467364099,0.04773434252,0.06842254321,0.06842254320790718,0.04258602404069681,0.0014573019143921733,0.04854560285273397,0.07149044402532173,4.656828438684679,Phase 2 - Tilt / Movement
7.232202583,0.01794917695,0.01105707325,0.02936199307,0.0361463478,0.03614634779726722,0.023513780328560937,0.013246640832264619,0.028242911062329526,0.05759070564968191,4.677326477226137,Phase 2 - Tilt / Movement
7.242188583,-0.004749337211,0.02143832855,0.01212157495,0.02508168085,0.02508168084937694,0.008104585695781099,0.024823234427134154,0.007651772153077269,0.04712557030915616,4.6879601408102936,Phase 2 - Tilt / Movement
7.252174583,-0.01473166421,0.03316369653,-0.007595404051,0.03707482786,0.03707482785702553,-0.00038983607398443296,0.03422332304430629,-0.009950001999334242,0.041989570592237395,4.6917555097539685,Phase 2 - Tilt / Movement
7.262161583,-0.01073766127,0.03942596912,-0.02551669255,0.04817474452,0.048174744517139656,-0.0006935826576421407,0.03972928623362231,-0.021703287615943236,0.04206169674286231,4.693034045832592,Phase 2 - Tilt / Movement
7.272147583,0.006223477889,0.0446478948,-0.0349714458,0.05705408143,0.057054081435503605,0.006244334194182857,0.04019005455147003,-0.0257263061857693,0.045735772976406255,4.696210342906168,Phase 2 - Tilt / Movement
7.282133583,0.02558653988,0.04481988773,-0.03096649237,0.0601865185,0.06018651849759963,0.017758712882933392,0.03539921570328793,-0.021671036700328713,0.050907722691940355,4.7046654325931625,Phase 2 - Tilt / Movement
7.292119583,0.03986987099,0.03430013359,-0.0200227648,0.05627625509,0.0562762550929538,0.030493087821256818,0.026371831337133833,-0.011027213660602636,0.05582204375007204,4.720057553027886,Phase 2 - Tilt / Movement
7.302105583,0.04886236414,0.0189768821,0.001645278884,0.0524438712,0.05244387119762799,0.04150505663458441,0.015309419850554212,0.0030614950709489932,0.05945016796303338,4.742242975884864,Phase 2 - Tilt / Movement
7.312091583,0.05547099933,-0.0002109273337,0.02429732867,0.06055936292,0.060559362921904704,0.04905343106671998,0.005112476263328018,0.01654196569198019,0.06145952517629351,4.769738101407894,Phase 2 - Tilt / Movement
7.322077583,0.05440656468,-0.01455971599,0.03923149779,0.06863796347,0.06863796346654859,0.05286624417974676,-0.0014992098072289747,0.02559222531230771,0.06204455393145285,4.800483410777221,Phase 2 - Tilt / Movement
7.332063583,0.04987972602,-0.01744019054,0.04161369428,0.06725954851,0.06725954850823097,0.05390006237108207,-0.0029601805482961955,0.027781039414796423,0.061798295885803635,4.8326152338989,Phase 2 - Tilt / Movement
7.342049583,0.04751788452,-0.008368294686,0.0306152571,0.05714255571,0.05714255570506881,0.05375465605776827,0.0005007163977641608,0.022800705695721755,0.061565154575034184,4.865001211960219,Phase 2 - Tilt / Movement
7.352035583,0.04761695489,0.008886059746,0.01125754043,0.04972995745,0.04972995744356575,0.053998481638543656,0.006896181560314308,0.012471272381502307,0.06215402151371976,4.89741534559172,Phase 2 - Tilt / Movement
7.362021583,0.05146582797,0.0252724383,-0.009414125234,0.0581038152,0.05810381519475616,0.05566614302095697,0.013242630981716087,1.3755844675890682e-05,0.06399432653328219,4.930376313260195,Phase 2 - Tilt / Movement
7.372007583,0.06107744202,0.03320652619,-0.02466738038,0.07376724856,0.07376724856008408,0.059092069131436144,0.01674190432726613,-0.011102314404553303,0.06700527215399725,4.964794443370828,Phase 2 - Tilt / Movement
7.381993583,0.0698986277,0.0273054447,-0.02971919812,0.08071329631,0.08071329631172162,0.06408124527463796,0.01584926137358143,-0.018259237159895306,0.0708304858255763,5.001619947649091,Phase 2 - Tilt / Movement
7.391979583,0.07664627582,0.01165191643,-0.02152624913,0.08045991645,0.08045991645020548,0.07025497197303714,0.010735727789250665,-0.020302290011168997,0.07525845544520463,5.041638910916508,Phase 2 - Tilt / Movement
7.401965583,0.07720192522,-0.008594977669,-0.008712897077,0.07816601227,0.07816601227054809,0.07732938782102122,0.0029591175087004574,-0.017471414747889474,0.08047380994372251,5.085447874016818,Phase 2 - Tilt / Movement
7.411951583,0.07913404703,-0.01828595437,-0.0007204845315,0.08122248842,0.08122248841625147,0.085156538832942,-0.00542680545175655,-0.010812612545656748,0.08694737230301214,5.133519844984927,Phase 2 - Tilt / Movement
7.421937583,0.08639968187,-0.01708179712,0.003835425479,0.08815556312,0.08815556311822305,0.09355835296511997,-0.012817101745283482,-0.001484450845890964,0.09508008918626644,5.186234563037689,Phase 2 - Tilt / Movement
7.431923583,0.0994015038,-0.02228987403,0.005480727181,0.1020173309,0.10201733094140052,0.10216743102221068,-0.01858725745409462,0.009639668829051188,0.10488469966630379,5.243815720165135,Phase 2 - Tilt / Movement
7.441909583,0.122358039,-0.01321972441,0.01823988184,0.1244144048,0.12441440475659976,0.1104897546290025,-0.023053510666767228,0.021942958794502553,0.11592465619004695,5.306240575890496,Phase 2 - Tilt / Movement
7.451895583,0.1313659251,-0.02980748937,0.03236022964,0.138537638,0.13853763807094086,0.11818310370737234,-0.027029813043597736,0.03477771374440553,0.12750264889243237,5.373247160457309,Phase 2 - Tilt / Movement
7.461881583,0.129503265,-0.03319993243,0.04457612336,0.1409267964,0.14092679636187977,0.1252627072615954,-0.03127072132981986,0.047185627234387836,0.13885174335848685,5.444479959213242,Phase 2 - Tilt / Movement
7.471868583,0.1157246009,-0.02309270203,0.04954557866,0.1279852355,0.12798523549716542,0.13189418315497423,-0.03598698827854861,0.05779839764821649,0.1490508221674976,5.5196427198447955,Phase 2 - Tilt / Movement
7.481854583,0.1174814925,-0.01396045648,0.07078588754,0.1378674628,0.13786746280389386,0.13776173399109057,-0.04052495242527471,0.06497900042200719,0.1566953493503481,5.598373648824157,Phase 2 - Tilt / Movement
7.491840583,0.128123492,-0.07063145936,0.07516092807,0.164479778,0.16447977797267696,0.1414673288426317,-0.04339648317557058,0.0671912993403533,0.15976537190470938,5.679843242520446,Phase 2 - Tilt / Movement
7.501826583,0.1485306025,-0.05277170986,0.06957290322,0.1722979457,0.17229794573070367,0.14056555953679778,-0.042830451298850165,0.06346455369390805,0.15613892063073312,5.7621149485364365,Phase 2 - Tilt / Movement
7.511812583,0.1508510113,-0.03900822997,0.05205569044,0.1642786186,0.16427861858078258,0.13246551151693994,-0.037604972747509444,0.05370771358262653,0.14466721759736556,5.84181143421187,Phase 2 - Tilt / Movement
7.521798583,0.1366346478,-0.02777038515,0.03044962138,0.1427144027,0.14271440261233181,0.11581453179177068,-0.027613204503785557,0.038711404236733075,0.12617508351952142,5.914427199651289,Phase 2 - Tilt / Movement
7.531784583,0.1035400704,-0.01005583722,0.01932213455,0.1058064786,0.10580647864946832,0.09160921088229827,-0.01390063686437916,0.019924445173199534,0.10369709387625685,5.975354883381451,Phase 2 - Tilt / Movement
7.541770583,0.06424573064,-0.00151970936,0.004208419006,0.06440135257,0.06440135256760038,0.06340662399870456,0.0016433468975612345,-0.0007575435829447858,0.0816787567751999,6.021289826726848,Phase 2 - Tilt / Movement
7.551756583,0.02562137321,0.01632613316,-0.01393995807,0.03342633423,0.03342633423092511,0.03648634029326017,0.016678727315794447,-0.021066506216181374,0.06445052435716384,6.051455339030136,Phase 2 - Tilt / Movement
7.561742583,0.00218715379,0.02946989983,-0.03365081176,0.04478432505,0.04478432504569316,0.016309879009529335,0.028799608745240738,-0.03841560179660485,0.054738134764583245,6.068147516863021,Phase 2 - Tilt / Movement
7.571728583,-0.006714994553,0.03830759972,-0.05288762227,0.06564803072,0.06564803072087359,0.00688951635423534,0.035926934609707424,-0.050153211068717056,0.052997978437933385,6.076372699614106,Phase 2 - Tilt / Movement
7.581714583,0.0002586855553,0.03862403706,-0.06216080859,0.07318366814,0.07318366813430023,0.009641216053387464,0.036707419389135285,-0.05411099225506541,0.05781186543726985,6.082690125756978,Phase 2 - Tilt / Movement
7.591700583,0.0176001247,0.03657739609,-0.05772877485,0.07057111123,0.07057111122734493,0.0230471655083644,0.03085894231201617,-0.04930779037855918,0.06684186030730736,6.093629897061049,Phase 2 - Tilt / Movement
7.601686583,0.04646831006,0.02474357933,-0.04718755558,0.07069804778,0.0706980477772045,0.04315604006474342,0.019375053359857487,-0.03651660310249414,0.07761450501077011,6.114157516394226,Phase 2 - Tilt / Movement
7.611672333,0.07478436828,0.00713475747,-0.02436106838,0.07897511099,0.07897511098953534,0.06471189783226766,0.004498195829293888,-0.018408723339801047,0.08782456531740723,6.146603679506069,Phase 2 - Tilt / Movement
7.621658333,0.09297664464,-0.008018786088,0.003068063641,0.09337221424,0.0933722142467617,0.08254530949337821,-0.010606772938047284,0.0008786446557612355,0.0953912731329303,6.190319051539087,Phase 2 - Tilt / Movement
7.631644333,0.09775142372,-0.02711524814,0.02702426352,0.1049804188,0.10498041883979675,0.0928090939812325,-0.022479299335757274,0.016707217797190314,0.09864987964424358,6.242072408394248,Phase 2 - Tilt / Movement
7.641630333,0.09974740446,-0.03949538246,0.03614719585,0.1132079931,0.11320799309230228,0.09374621423754148,-0.02818713804864356,0.02517297034400311,0.09679845068602279,6.297030095740276,Phase 2 - Tilt / Movement
7.651616333,0.09140318632,-0.03225637972,0.03454051167,0.1028983161,0.10289831606258125,0.08588650878924871,-0.02613371189414573,0.02420971219599632,0.0903504101854786,6.3500073849566,Phase 2 - Tilt / Movement
7.661602333,0.07110202312,-0.0250338316,0.02202533931,0.07853219714,0.07853219714266757,0.071728517361864,-0.01657682453844543,0.014194470446767358,0.08117299290763459,6.396685899292795,Phase 2 - Tilt / Movement
7.671588333,0.05133656785,-0.004638544749,0.001098751323,0.05155741024,0.051557410238256954,0.05502234834152626,-0.0016539808413468323,-0.0021311763825785186,0.07187939079087007,6.434534861672563,Phase 2 - Tilt / Movement
7.681574333,0.03271511942,0.01953114383,-0.02673313767,0.04654465885,0.046544658852076475,0.03981719707697811,0.015125981348290329,-0.020399589521083793,0.06480895912050912,6.46325470288506,Phase 2 - Tilt / Movement
7.691560333,0.02235702053,0.03712505102,-0.04704826325,0.06396596638,0.06396596638101971,0.029501720679704607,0.02979295362730067,-0.03580678855793715,0.06120737303673258,6.4846736583896085,Phase 2 - Tilt / Movement
7.701546333,0.02132576331,0.04787463322,-0.05431322381,0.07547645307,0.07547645306543506,0.026075492027589114,0.038960430338391354,-0.044398554323802374,0.061103417264656124,6.502161416772857,Phase 2 - Tilt / Movement
7.711532333,0.02583768964,0.04648473114,-0.05206232145,0.07442379828,0.07442379827618434,0.029811352212556028,0.04068877895233828,-0.04405681383458186,0.0638098613486048,6.51973775387223,Phase 2 - Tilt / Movement
7.721519333,0.03946566209,0.0380388163,-0.03803957626,0.06671955779,0.06671955779040778,0.03934588557974996,0.03493109633653053,-0.034911707711499845,0.06850114453344275,6.541112596590501,Phase 2 - Tilt / Movement
7.731505333,0.05297508091,0.03394180909,-0.01555557363,0.06481035004,0.06481035004288593,0.05212731246666975,0.023480246893893292,-0.019127492617858916,0.07439707016457027,6.568869400461499,Phase 2 - Tilt / Movement
7.741491333,0.07048835605,0.000903013628,0.0003724505659,0.07049512389,0.07049512388575514,0.06508307989596382,0.009450773913511939,-0.00021323443719781414,0.0805595198841125,6.603989044958354,Phase 2 - Tilt / Movement
7.751477333,0.08001288027,-0.0136743309,0.0218748115,0.08406875586,0.08406875586580655,0.07533762926893142,-0.003595402300246784,0.017890734547209207,0.08568126802520583,6.64574864645251,Phase 2 - Tilt / Movement
7.761463333,0.08180149645,-0.02026687935,0.03991988674,0.09325142667,0.09325142667745757,0.08081322651421245,-0.012643657517868478,0.03171765385183129,0.0882199802737216,6.692008294111315,Phase 2 - Tilt / Movement
7.771449333,0.08322975039,-0.02248502523,0.0456555374,0.09755611619,0.09755611618375468,0.0806019375440631,-0.015996273889303053,0.03899941519156062,0.08691530875529735,6.7397739436427,Phase 2 - Tilt / Movement
7.781435333,0.07957588136,-0.01234979462,0.04205218703,0.09084726058,0.09084726058271145,0.0750870392891896,-0.013556954469029813,0.03907361969735437,0.0814153336883236,6.785901457975137,Phase 2 - Tilt / Movement
7.791421333,0.07134724408,-0.002674796619,0.03371143341,0.07895596569,0.07895596568544376,0.06583699773081103,-0.006613179613947974,0.032883154156597295,0.07263597326537378,6.8278050504084025,Phase 2 - Tilt / Movement
7.801407333,0.05536269397,0.002894848585,0.02054399252,0.05912244633,0.059122446334770075,0.05526467204738256,0.002697699645499983,0.02259299411576493,0.06260209130752634,6.864037903092982,Phase 2 - Tilt / Movement
7.811393333,0.0397965163,0.0138550885,0.006822056137,0.04268801514,0.04268801514354324,0.04603369996291898,0.012000373427217924,0.010963755509986111,0.053775907817989486,6.894605471382531,Phase 2 - Tilt / Movement
7.821379333,0.02802296169,0.02303617075,-0.002470112406,0.03636004676,0.036360046754654186,0.040294549982741554,0.019213923883194275,0.0006661688707274916,0.04814489957943074,6.920890419680275,Phase 2 - Tilt / Movement
7.831365333,0.03065043688,0.02536297217,-0.01078503393,0.0412194929,0.04121949290205194,0.03899211967520552,0.022947807409755758,-0.006300129633854102,0.046484447348129065,6.945160927989898,Phase 2 - Tilt / Movement
7.841351333,0.03938087076,0.02722303942,-0.01182028092,0.0493119245,0.0493119245021568,0.0415488417578367,0.02273317667762836,-0.008975084132892922,0.04812631942742189,6.969790261365101,Phase 2 - Tilt / Movement
7.851337333,0.04622919112,0.02191109769,-0.009370173328,0.0520099458,0.052009945796808635,0.04609690634005512,0.019049647803360353,-0.007547261516513486,0.05129589489193624,6.9964521166714535,Phase 2 - Tilt / Movement
7.861323333,0.05795786902,0.008870502934,-0.003858875018,0.0587596062,0.058759606193763095,0.050191147851514524,0.013122076724311843,-0.003208788329965951,0.053828468126138715,7.025586344126295,Phase 2 - Tilt / Movement
7.871309333,0.06422694772,0.003873080481,0.002589170355,0.06439569372,0.06439569371446453,0.05174032296738905,0.006524256478246712,0.0021972689513676843,0.0539862503163827,7.056335027947356,Phase 2 - Tilt / Movement
7.881295333,0.05969388038,-0.00223381957,0.01032004133,0.06062056217,0.060620562169498,0.0498111558983514,0.0007123402263123348,0.0066612052778864525,0.051118392143876,7.086975004496136,Phase 2 - Tilt / Movement
7.891281333,0.04713813961,-0.008686392568,0.01335551217,0.04975768611,0.04975768611039177,0.04498375509797806,-0.0033536555600897316,0.008525075151695144,0.04593833717953864,7.115682076790122,Phase 2 - Tilt / Movement
7.901267333,0.03426987305,-0.004794703331,0.01018679701,0.03607193109,0.03607193108524083,0.03909925227701164,-0.005389253061953954,0.0069177852492311575,0.04027774084993466,7.141324710971915,Phase 2 - Tilt / Movement
7.911253333,0.02498795465,-0.00281384401,0.006430141162,0.02595500551,0.025955005510812673,0.034511254553573706,-0.005737709886740258,0.0019921328262130413,0.03637613378561606,7.163971394953571,Phase 2 - Tilt / Movement
7.921239333,0.025407359,-0.004924680572,-0.003031858476,0.02605721658,0.02605721658024142,0.033177930114348685,-0.005153927245586279,-0.005107449460356914,0.03599478587458222,7.184924119957318,Phase 2 - Tilt / Movement
7.931225333,0.03087216616,-0.003693234874,-0.01422965154,0.03419376566,0.03419376566269067,0.03597223028875263,-0.0045389741591070135,-0.012554136886179004,0.039741513814877054,7.206294797724847,Phase 2 - Tilt / Movement
7.941211333,0.0418321602,-0.008872276172,-0.02201497555,0.04809684044,0.04809684043612222,0.042444412980243144,-0.004717538122680913,-0.018367034400581125,0.04688552716530095,7.23031641077559,Phase 2 - Tilt / Movement
7.951197333,0.05381904915,-0.003848488908,-0.02816048637,0.0608630751,0.06086307510206883,0.05105391996917792,-0.006258341432754304,-0.021030894708598143,0.05569383631717423,7.258652560839238,Phase 2 - Tilt / Movement
7.961183333,0.06392947584,-0.004473000299,-0.02808751538,0.06997066624,0.06997066623288459,0.059714832322173526,-0.009289246447760009,-0.02002483390217499,0.06408447146841373,7.291929394941486,Phase 2 - Tilt / Movement
7.971169333,0.07016712427,-0.004884724971,-0.02119046077,0.07345965896,0.07345965895652418,0.06642807212444339,-0.013320957680613999,-0.016069264687901656,0.07029487977284216,7.329604433085951,Phase 2 - Tilt / Movement
7.981155333,0.07365640998,-0.01487833075,-0.009644300677,0.07576043818,0.07576043817584889,0.06980018975709217,-0.017206423844166645,-0.010958108575126314,0.07333104377762169,7.370164668371015,Phase 2 - Tilt / Movement
7.991141333,0.07112666965,-0.0226619523,0.0009007521439,0.07465506394,0.0746550639405824,0.06933124234609654,-0.01938667003220508,-0.006979583193121741,0.07311274067636735,7.411555436284814,Phase 2 - Tilt / Movement
8.001127333,0.0658345744,-0.0275182873,0.001399849309,0.07136810843,0.07136810842696047,0.06544264275046836,-0.01843686013697526,-0.006109256541975279,0.07034997813916523,7.451699606619433,Phase 2 - Tilt / Movement
8.011113333,0.05671004951,-0.02557604387,-0.000868631294,0.06221670399,0.06221670399331462,0.059285812626307784,-0.013716067979356492,-0.009279625717695592,0.06623078056865175,7.488970002247449,Phase 2 - Tilt / Movement
8.021099333,0.05236663669,-0.01370756421,-0.01239345036,0.05553160872,0.05553160871629338,0.052421664254299054,-0.005794967474249264,-0.016005640385720003,0.06201934508431294,7.5225153846404424,Phase 2 - Tilt / Movement
8.031086333,0.04647865519,0.01491342857,-0.02479872108,0.05475082015,0.05475082015081639,0.046473629149510934,0.0036090738023989897,-0.02449846477181906,0.05870300093682874,7.55239847762303,Phase 2 - Tilt / Movement
8.041072333,0.04124124348,0.01897970214,-0.03983469307,0.06039761609,0.060397616087730394,0.04281961305106282,0.012203966576227238,-0.03221561843827419,0.056838337542650816,7.579531644462456,Phase 2 - Tilt / Movement
8.051058333,0.03950166702,0.02139944956,-0.0440360941,0.06290862995,0.06290862995181182,0.04233971806963037,0.017905007980570153,-0.036637025064851746,0.05664685877043722,7.605482191002685,Phase 2 - Tilt / Movement
8.061044333,0.0424086526,0.02491285279,-0.03911712021,0.06284340175,0.06284340174598514,0.04523313421630358,0.019435965465244575,-0.03597614487060801,0.05823174399481386,7.632123192433547,Phase 2 - Tilt / Movement
8.071030333,0.04649180919,0.01291930769,-0.03156492859,0.05766057188,0.05766057188270041,0.05094974619240171,0.01654838100484906,-0.029589538699487727,0.06169370981526004,7.6612273320011175,Phase 2 - Tilt / Movement
8.081016333,0.05658283085,0.007373382337,-0.01773883402,0.05975491399,0.059754913994385477,0.05829816424997803,0.009903532020489268,-0.018014267019735727,0.0670298279331404,7.6940690869718384,Phase 2 - Tilt / Movement
8.091002333,0.06692948192,0.008144900203,-0.001692755613,0.06744449845,0.06744449844844114,0.06576893449334952,0.000777534561994704,-0.0027175213162302122,0.07392396717689993,7.731150283131206,Phase 2 - Tilt / Movement
8.100988333,0.07847877592,-0.01151839085,0.0170420222,0.08112966238,0.08112966238275757,0.07204720600002913,-0.009281748677751589,0.01430022546107963,0.08167589263596879,7.772164775279256,Phase 2 - Tilt / Movement
8.110974333,0.08945046365,-0.02661238983,0.03136263788,0.09845415072,0.09845415072233304,0.07658615126438324,-0.01882184194507389,0.030923181489769806,0.08943765652384622,7.8162738332965285,Phase 2 - Tilt / Movement
8.120960333,0.09177204967,-0.03357090801,0.04895450175,0.1092961948,0.10929619484153866,0.08000157537775866,-0.02685989585236642,0.045271636521515855,0.09668295810758008,7.862658460021402,Phase 2 - Tilt / Movement
8.130946333,0.08944871277,-0.04607710987,0.0606020987,0.1174597235,0.11745972346735094,0.08399969708321796,-0.03311335375816365,0.055932968913757874,0.10359605161276222,7.911163937825308,Phase 2 - Tilt / Movement
8.140932333,0.07886401564,-0.03336786851,0.0612530075,0.1052847498,0.1052847497957889,0.09065602298922647,-0.03785553985088766,0.06203077186677079,0.1110027805916367,7.962717416850939,Phase 2 - Tilt / Movement
8.150918333,0.07445675135,-0.01987602748,0.05022032559,0.09198339737,0.0919833973733687,0.10116667244012754,-0.04130102564800041,0.06311883256688387,0.11969092184122819,8.019181986884705,Phase 2 - Tilt / Movement
8.160904333,0.08706923574,0.002396670636,0.05512580648,0.1030807954,0.10308079541095697,0.11459446650541648,-0.04279524791444412,0.05900389816220344,0.12944874690123379,8.08249481482395,Phase 2 - Tilt / Movement
8.170890333,0.1180423349,-0.06138044596,0.05826380849,0.1452453901,0.14524539013218848,0.12736803109388653,-0.04049258956846232,0.04972141963173206,0.13855701950771768,8.153303270514161,Phase 2 - Tilt / Movement
8.180876333,0.1509591192,-0.06513166428,0.04424161837,0.1702589503,0.17025895030076732,0.13408528935049133,-0.032119956037572416,0.035786967831034994,0.14429966289818838,8.229687618452468,Phase 2 - Tilt / Movement
8.190862333,0.1594532728,-0.03748379648,0.02871805429,0.1662982497,0.16629824968227616,0.12951241064017707,-0.0165646444512496,0.01854326942294176,0.1442735808576402,8.30668542583186,Phase 2 - Tilt / Movement
8.200848333,0.1400933117,-0.01215058006,-0.0008828683058,0.1406220183,0.14062201831616988,0.11094372208832587,0.004822908828812549,0.0002492459727433683,0.1375925347633469,8.377062943932998,Phase 2 - Tilt / Movement
8.210834333,0.1017954499,0.04432627559,-0.02375329658,0.1135400873,0.11354008731034815,0.07980162036186626,0.02818633031816276,-0.016296735011731227,0.12519253672996936,8.433219307167457,Phase 2 - Tilt / Movement
8.220820333,0.03849057108,0.07849474251,-0.03612189367,0.09459249371,0.09459249370897524,0.04168034118590686,0.048428186012601904,-0.02849317246710082,0.10919902283985976,8.469560952895149,Phase 2 - Tilt / Movement
8.230806333,-0.01890560612,0.05931892619,-0.04279817268,0.0755502517,0.0755502516994242,0.004744170062281891,0.06100124302742802,-0.03469918299381183,0.0919738633431996,8.4844303263328,Phase 2 - Tilt / Movement
8.240792333,-0.0494331196,0.06965236366,-0.03841803968,0.09365378182,0.0936537818225556,-0.022874102136717294,0.06328349280671684,-0.03469114145414945,0.07554606262886499,8.480832104894498,Phase 2 - Tilt / Movement
8.250778333,-0.05493441224,0.06308420748,-0.02768390439,0.08811245907,0.08811245907253192,-0.03560186110901439,0.05508832828985708,-0.02964946713130295,0.06166980917217185,8.465691778526248,Phase 2 - Tilt / Movement
8.260764333,-0.04063470662,0.03425644338,-0.01639161631,0.05561805804,0.055618058042284035,-0.031925878912445624,0.03843242720805477,-0.021724371515331648,0.05209319523160197,8.44796193952652,Phase 2 - Tilt / Movement
8.270750333,-0.01267311443,0.0114102494,-0.01016674284,0.01985357098,0.019853570981079597,-0.01446475187773637,0.016851037145226046,-0.013386396357853728,0.048353728426061754,8.436278958807039,Phase 2 - Tilt / Movement
8.280736333,0.02095098794,-0.00757919997,-0.004486269318,0.02272696152,0.022726961526805593,0.01117169141835823,-0.0054943715925711775,-0.006810557721618395,0.05094300012880178,8.436925237361462,Phase 2 - Tilt / Movement
8.290722333,0.05083857849,-0.02604848891,-0.00249209418,0.05717775242,0.057177752411058214,0.038163115079975246,-0.02468217147938122,-0.0034574289594021578,0.058516573292088404,8.452627181740523,Phase 2 - Tilt / Movement
8.300708333,0.06961677969,-0.04125541076,0.0005951477215,0.08092502167,0.08092502166939917,0.06026553521072772,-0.03770991586540751,-0.003884633695880097,0.06798860926554727,8.48237378627612,Phase 2 - Tilt / Movement
8.310694333,0.07745285332,-0.05056449026,-0.006356501486,0.09271524834,0.092715248334913,0.07313005558228662,-0.04295240801356883,-0.007758332005073888,0.07564057581983732,8.52212365717127,Phase 2 - Tilt / Movement
8.320680333,0.07653962821,-0.04622706026,-0.01503916737,0.09067211446,0.09067211446740157,0.07495688276114204,-0.04038641211728264,-0.014043628775427029,0.07859018916256791,8.566076396850937,Phase 2 - Tilt / Movement
8.330666333,0.07199920714,-0.03020920977,-0.02615546808,0.08234434221,0.08234434221123142,0.06654597253972376,-0.031515352848424216,-0.0213483128900081,0.07582191421145754,8.608145576360284,Phase 2 - Tilt / Movement
8.340652333,0.05774713308,-0.01825897954,-0.03333988786,0.06913515629,0.06913515629054978,0.05090938456039343,-0.018950256480705748,-0.02833022448729923,0.06837737865975264,8.643335299836957,Phase 2 - Tilt / Movement
8.350638333,0.03360211477,0.001188488211,-0.03613567352,0.04935890519,0.04935890519438176,0.03254644131657714,-0.005730677136447152,-0.03401678605183289,0.05876797117290373,8.668798511298593,Phase 2 - Tilt / Movement
8.360624333,0.007863098755,0.01427516807,-0.03664992005,0.0401101656,0.040110165608346994,0.016405840762678706,0.005412634150820152,-0.03790905266452476,0.049953490646746694,8.684391023923029,Phase 2 - Tilt / Movement
8.370610333,-0.01096837968,0.0134844752,-0.03397557512,0.03816380653,0.03816380653130417,0.006638631962719511,0.012621790110958455,-0.03985811480971997,0.044325225741952134,8.69257188674236,Phase 2 - Tilt / Movement
8.380596333,-0.01310831215,0.01260164008,-0.03441591933,0.03892408873,0.03892408872994676,0.005461238466292281,0.01514194173532776,-0.039839167574907984,0.0430556017603753,8.697621741518173,Phase 2 - Tilt / Movement
8.390582333,0.004419548903,0.01180562191,-0.0392828472,0.04125587479,0.041255874797735514,0.01259248691150224,0.01322170415471104,-0.03781635675517314,0.0459712508201213,8.704374862180652,Phase 2 - Tilt / Movement
8.400568333,0.03553581983,0.009226877242,-0.04135134071,0.05529794872,0.05529794872455634,0.02560575986647451,0.007841950879491421,-0.03382199876933595,0.051908214160253076,8.716890883753445,Phase 2 - Tilt / Movement
8.410554333,0.06149924174,0.003670990001,-0.036429286,0.07157321972,0.07157321971695975,0.04113048222636809,0.0004299873070166404,-0.028183571031475278,0.05939568136523639,8.737570993015956,Phase 2 - Tilt / Movement
8.420540333,0.07534021884,-0.005527351052,-0.02365550213,0.07915985703,0.07915985703330679,0.05636385015513749,-0.007414287274793124,-0.021662270406749107,0.06741837188396606,8.76705030991426,Phase 2 - Tilt / Movement
8.430526333,0.07915679365,-0.01976141334,-0.00971225556,0.08216227447,0.08216227447074333,0.07014481704436304,-0.014246442061788015,-0.015283440859735866,0.0759159895055668,8.804829984672308,Phase 2 - Tilt / Movement
8.440512333,0.07981971651,-0.02754220739,0.002098055091,0.08446396964,0.08446396963685408,0.08306697673636643,-0.019177184233111898,-0.009857109190723232,0.08572957783419642,8.850248831859723,Phase 2 - Tilt / Movement
8.450498333,0.07992278039,-0.03107994981,0.007783104666,0.08610569566,0.08610569565192652,0.09661719155742798,-0.0222154343696428,-0.005449938968836138,0.09795622659816701,8.903240838426258,Phase 2 - Tilt / Movement
8.460484333,0.0918449536,-0.02921786718,0.002180613112,0.09640505348,0.09640505348724465,0.11181490865010218,-0.024326030657811675,-0.0011914168220282409,0.11298795468772362,8.964456990888536,Phase 2 - Tilt / Movement
8.470470333,0.1124764606,-0.02253652923,-0.006570267957,0.1149000338,0.11490003376790094,0.12806296484889676,-0.027028811344429502,0.00432489219443588,0.12971508815529087,9.034669081845792,Phase 2 - Tilt / Movement
8.480456333,0.1425597072,-0.01121041924,-0.004148846492,0.1430599753,0.1430599753379696,0.1428180283147021,-0.03157786514589368,0.012121911358966958,0.1453671749763608,9.113750477910292,Phase 2 - Tilt / Movement
8.490442333,0.1651963145,-0.02237279341,0.001725021284,0.1667133465,0.1667133465196464,0.1522904068227525,-0.038046037472765484,0.021847244724136947,0.1562125502548129,9.199762807931092,Phase 2 - Tilt / Movement
8.500428333,0.1709509939,-0.03446227685,0.02357547916,0.175976402,0.17597640199386813,0.15287040891491405,-0.0448348833092227,0.031304365804282884,0.15892488095710805,9.288650901151257,Phase 2 - Tilt / Movement
8.510414333,0.1586426646,-0.06011091173,0.04684671387,0.1759983844,0.1759983844835446,0.14262162276124019,-0.04902745433018261,0.03690929285390014,0.15206161134051058,9.374772969636322,Phase 2 - Tilt / Movement
8.520400333,0.1275572181,-0.07009762526,0.05561989546,0.1558142924,0.15581429243648892,0.12217542638294614,-0.04756622663758133,0.0350151003175173,0.1369731447395638,9.452113884215496,Phase 2 - Tilt / Movement
8.530386333,0.09285889566,-0.05531894043,0.04628338665,0.1175802345,0.11758023453491685,0.09468228593907416,-0.0387239722690196,0.023550708788505164,0.11761360018883997,9.515740417483547,Phase 2 - Tilt / Movement
8.540372333,0.05732898414,-0.03579688817,0.01503563393,0.069239439,0.06923943899871535,0.06491060723273184,-0.023105961703162793,0.003189583052179129,0.09912978793710742,9.562984755719336,Phase 2 - Tilt / Movement
8.550358333,0.0274986513,0.002788852435,-0.0246100463,0.03700821395,0.03700821395462554,0.03789534437032612,-0.0036521023756386586,-0.022536505055174433,0.08572704749968989,9.593983609102974,Phase 2 - Tilt / Movement
8.560344333,0.004719346762,0.03339645267,-0.06151257455,0.0701526344,0.07015263439507355,0.017622223424147702,0.015363416445353583,-0.048252062618378395,0.07889283521811151,9.611454304399164,Phase 2 - Tilt / Movement
8.570330333,-0.0007939292118,0.04161976278,-0.08538088948,0.09498805854,0.09498805854344428,0.006144570321650252,0.02983673130367181,-0.06843331623594158,0.07705068555967806,9.619841807246488,Phase 2 - Tilt / Movement
8.580316333,0.001660559326,0.04467877001,-0.09298645705,0.1031766986,0.10317669863681982,0.0033579329553145823,0.03714640912932121,-0.07907883766741618,0.07684818682084368,9.624148612871238,Phase 2 - Tilt / Movement
8.590302333,0.01317766588,0.04257247597,-0.08508192748,0.09604686862,0.09604686862138256,0.007439209763666639,0.03677489231307261,-0.07874288210219092,0.07518785796310822,9.628825786134449,Phase 2 - Tilt / Movement
8.600288333,0.02718081698,0.02474677563,-0.06716937572,0.07656973782,0.07656973782374041,0.015731066838564612,0.030143413519954143,-0.06865493513055357,0.07075503442274957,9.637042638653508,Phase 2 - Tilt / Movement
8.610275,0.03467095643,0.009028001688,-0.04517486319,0.05765716173,0.05765716172761807,0.025698760988894006,0.01988045250515354,-0.052030767034756974,0.06433816373513918,9.650484041649598,Phase 2 - Tilt / Movement
8.620261,0.03605937958,0.00253771618,-0.02356555499,0.04315152652,0.043151526520987284,0.035582803158499245,0.008897498416164796,-0.032943224964331386,0.05804918385363034,9.669603688497896,Phase 2 - Tilt / Movement
8.630248,0.04138543829,0.007455509622,-0.01064735837,0.043378628,0.043378627991654393,0.04454759087380304,-0.0003519558190570346,-0.015190552926940902,0.05407186400596919,9.694118022267602,Phase 2 - Tilt / Movement
8.640234,0.04859960824,-0.01010021288,0.001312908018,0.04965541208,0.049655412079314405,0.05240056093830678,-0.006254162575022741,-0.0014891096185351469,0.053627642446647236,9.723441089015408,Phase 2 - Tilt / Movement
8.65022,0.05353258178,-0.01124883443,0.01040973328,0.05568335599,0.05568335599644368,0.05914493567102205,-0.00815376406575885,0.006889101131177915,0.05655662260883421,9.75694013244436,Phase 2 - Tilt / Movement
8.660206,0.06114089489,-0.01157501899,0.01252289489,0.06347450661,0.0634745066069432,0.06463157829912987,-0.006366053090262839,0.010082717698466661,0.0615218265050768,9.793938198743232,Phase 2 - Tilt / Movement
8.670192,0.06939376146,-0.009471654892,0.008134005591,0.07050793163,0.07050793163123527,0.06846251771224864,-0.0020797445877207377,0.009311599808225613,0.06660221748589551,9.833601818666361,Phase 2 - Tilt / Movement
8.680178,0.07483100146,0.01017348189,0.002239877591,0.07555260131,0.07555260131124106,0.07016251974470954,0.002966930712861726,0.006343904923139372,0.06999980278787195,9.874847718300106,Phase 2 - Tilt / Movement
8.690164,0.07626271993,0.0176926516,-0.006100876257,0.07852549308,0.07852549307622225,0.06950368626869415,0.007070050085300669,0.002879554091294988,0.07064036779595995,9.916391473172133,Phase 2 - Tilt / Movement
8.70015,0.0699442327,0.01894742064,-0.005655643065,0.07268553319,0.0726855331918225,0.06678045368984652,0.009221753911830038,3.18312589802715e-05,0.06850252971502616,9.956967693936056,Phase 2 - Tilt / Movement
8.710136,0.06263358891,0.0137651749,-0.002014835598,0.0641600036,0.06416000360241131,0.06285027921757862,0.00951446656912856,-0.0018988695146499477,0.06456961020309046,9.995640522467916,Phase 2 - Tilt / Movement
8.720122,0.05365657434,0.004235262051,0.002169295214,0.05386716306,0.05386716306127575,0.058884857919232945,0.009034847378484685,-0.003270719468628888,0.06040820077587444,10.032054596117991,Phase 2 - Tilt / Movement
8.730108,0.04983786866,-0.001791737741,0.001188985538,0.04988423762,0.04988423762385777,0.055943065829801034,0.009275439645649808,-0.004669178457975912,0.05752968579787501,10.066492669170712,Phase 2 - Tilt / Movement
8.740094,0.05049437284,0.003790887073,-0.003179634921,0.05073620593,0.050736205923738634,0.05457981407268044,0.011364555737301822,-0.006445862569438238,0.056801485375917504,10.099699164634204,Phase 2 - Tilt / Movement
8.75008,0.05243901536,0.01327520236,-0.0056281453,0.05438526776,0.05438526775831096,0.0546886102153861,0.01550248531668083,-0.008460617146286625,0.058160124865047055,10.132546788161326,Phase 2 - Tilt / Movement
8.760066,0.05949204788,0.02049689926,-0.01243690681,0.06414127603,0.064141276033701,0.05565851729896273,0.02084715673306146,-0.01012217902615453,0.060743558987922164,10.165703004763511,Phase 2 - Tilt / Movement
8.770052,0.06255920976,0.02727757581,-0.01373280119,0.06961544869,0.06961544869057472,0.05677580259966913,0.025838375205691707,-0.010675195751897395,0.06337991350813572,10.19945632082775,Phase 2 - Tilt / Movement
8.780038,0.0659481883,0.0322936438,-0.01535864267,0.07501953663,0.07501953661945854,0.05768116661974378,0.028781475704829272,-0.00958915873015341,0.06521698746554333,10.233788272014682,Phase 2 - Tilt / Movement
8.790024,0.06377691031,0.04162110016,-0.0120030595,0.07709658685,0.07709658685427699,0.058647633008406266,0.028478927115524407,-0.0068727476160924846,0.06619953050501105,10.268655712377667,Phase 2 - Tilt / Movement
8.80001,0.05613557994,0.02882695384,-0.003127752338,0.06318211328,0.0631821132725195,0.06050160241523881,0.024700715066892507,-0.0031632295649395275,0.06713204329908479,10.304330016884522,Phase 2 - Tilt / Movement
8.809996,0.05351795256,0.01567626558,0.005259341095,0.05601408053,0.056014080528940746,0.06417899833943301,0.018296992196691404,0.0004689791055154648,0.06923696452815212,10.341586722366221,Phase 2 - Tilt / Movement
8.819982,0.06253781915,0.005983956624,0.007796267979,0.06330535803,0.06330535803007832,0.07013206343078691,0.01088500263139028,0.0029205904243239426,0.07341305285642183,10.381598489209305,Phase 2 - Tilt / Movement
8.829968,0.07438009232,-0.0004566318821,0.006199170835,0.07463937544,0.0746393754344782,0.07792742762082269,0.004269284096159825,0.003467474953738686,0.07962725368744188,10.425543376827367,Phase 2 - Tilt / Movement
8.839954,0.08918827027,-0.001573193586,0.001961026341,0.08922369706,0.08922369705478299,0.08627792119563689,-0.00012474831830918526,0.0020026232686604544,0.08680525215630888,10.474107236351614,Phase 2 - Tilt / Movement
8.84994,0.1002608985,-0.003837679513,-0.001792699331,0.1003503329,0.10035033294894029,0.0934963490833676,-0.001605866920956111,-0.0009641877310013663,0.09326604747205554,10.527125019098285,Phase 2 - Tilt / Movement
8.859926,0.1033554599,-0.0009833618533,-0.006543740164,0.1035670731,0.1035670730831425,0.09814019953649161,-0.0003208999263315043,-0.004480350045270288,0.09744777550753239,10.583536336657268,Phase 2 - Tilt / Movement
8.869912,0.1014496982,0.001826273277,-0.00649713492,0.1016739362,0.10167393619370724,0.0995590741310801,0.00284004890730355,-0.007382995686408713,0.09858017501829894,10.64168206542426,Phase 2 - Tilt / Movement
8.879898,0.1004406586,0.007262376137,-0.007340596523,0.1009700568,0.10097005677165136,0.09816000870960731,0.006472308259228062,-0.00850778264957329,0.09706297428306,10.699833461156462,Phase 2 - Tilt / Movement
8.889884,0.09713540971,0.01344011072,-0.005350682884,0.09820669124,0.09820669123344168,0.0953655203089589,0.008962464557055584,-0.006863385745634586,0.09448074252177714,10.756785174123358,Phase 2 - Tilt / Movement
8.89987,0.09595064819,0.002958388533,-0.003354852786,0.09605484885,0.09605484885214836,0.09333028082464687,0.00880839630521528,-0.0018139132745841424,0.09328852590167469,10.812355209031399,Phase 2 - Tilt / Movement
8.909856,0.09551654756,0.0059579066,0.001285172766,0.09571081014,0.0957108101411462,0.09447664696893295,0.004907236103829598,0.00670200084724593,0.09621723139493099,10.867670956985748,Phase 2 - Tilt / Movement
8.919842,0.09517239779,-0.004302351736,0.01537729893,0.09650262615,0.09650262615048795,0.1008832585056992,-0.0031707553778055645,0.017960483085894534,0.1054605901633431,10.925147444383295,Phase 2 - Tilt / Movement
8.929828,0.103858836,0.0002969275229,0.02203546837,0.1061711253,0.10617112530021532,0.11359652583712614,-0.01488270894598197,0.030364521796018104,0.12179123519517344,10.988093705182049,Phase 2 - Tilt / Movement
8.939814,0.1179288626,-0.003573436989,0.0361738205,0.1234039358,0.12340393581896103,0.1320414687931307,-0.028483555723147008,0.04160720734928154,0.14389945693732706,11.05995363907642,Phase 2 - Tilt / Movement
8.9498,0.1483421773,-0.04798457772,0.06464993209,0.1687825079,0.16878250793347327,0.1538025977414297,-0.041184591623802294,0.049164634025101454,0.1683421496528528,11.143315638657755,Phase 2 - Tilt / Movement
8.959786,0.1806394905,-0.09382147342,0.06186612323,0.21274518,0.21274517998372816,0.17499994584016954,-0.04998382801278272,0.05104200795646201,0.19034236216555497,11.23896710600861,Phase 2 - Tilt / Movement
8.969772,0.205642581,-0.05962435901,0.05411020294,0.2208434952,0.22084349519490698,0.19124257728628982,-0.05290263070915228,0.04646103647115275,0.2052206767281281,11.345329321354678,Phase 2 - Tilt / Movement
8.979758,0.206611529,-0.04471570998,0.03088745475,0.213639541,0.2136395410397303,0.19882261045451122,-0.049796473562194986,0.03610572425416138,0.20978889244052615,11.458506672829538,Phase 2 - Tilt / Movement
8.989744,0.1993869096,-0.03349634632,0.01436014287,0.2026903023,0.20269030228374213,0.1956726131334663,-0.04214439817762772,0.021803981825029357,0.20307537119579652,11.57295135933357,Phase 2 - Tilt / Movement
8.99973,0.1815835834,-0.01695013233,0.00223581749,0.182386687,0.18238668708608602,0.18178117199916508,-0.0320633821059227,0.0058871109489756395,0.18625482621499162,11.682520868153492,Phase 2 - Tilt / Movement
9.009716,0.1605701745,-0.007940392941,-0.01124883164,0.1611594458,0.16115944586738623,0.1590765042883628,-0.02128154875822429,-0.009398685412062508,0.16209266161863842,11.781621041674367,Phase 2 - Tilt / Movement
9.019702,0.1335974485,-0.01824112609,-0.02134964243,0.1365167541,0.13651675413160938,0.13096981323711784,-0.010652645204856197,-0.02220623573420007,0.1342670719346666,11.866185212088165,Phase 2 - Tilt / Movement
9.029688,0.1029356718,-0.0108439289,-0.02715932578,0.107009216,0.10700921595699009,0.10172106493683448,-0.00037002966391728775,-0.03113664772541494,0.1067432044452502,11.934341263039393,Phase 2 - Tilt / Movement
9.039674,0.07069803774,-0.002660201397,-0.03275808319,0.0779639739,0.07796397389847458,0.07568967527456043,0.009397482612824883,-0.035168994040045996,0.08319984440375272,11.986682892240015,Phase 2 - Tilt / Movement
9.04966,0.04612212256,0.0133680338,-0.03315782174,0.05835576801,0.05835576800676365,0.05652064368154611,0.017970504929588,-0.033630375948084434,0.06648893433738386,12.026093683143523,Phase 2 - Tilt / Movement
9.059646,0.03700629249,0.03052029386,-0.02975669131,0.05644833655,0.05644833654656985,0.046417219367177256,0.024125664786085493,-0.026297972392887885,0.05821112433391774,12.057130273466914,Phase 2 - Tilt / Movement
9.069632,0.04144205153,0.03762161359,-0.0197629109,0.05935825209,0.05935825209161559,0.04574136001387042,0.02658704420656164,-0.013607611900475772,0.05854778240910913,12.08508314974086,Phase 2 - Tilt / Movement
9.079617,0.05591662228,0.0327732116,-0.0003978016321,0.06481442966,0.06481442965822555,0.05312389740822698,0.024719552336342474,0.0031633549873118913,0.06639679877301972,12.114951666557221,Phase 2 - Tilt / Movement
9.089604,0.07295526564,0.02302443981,0.02091281302,0.07930915056,0.07930915055387215,0.06605720450545022,0.018996182535510563,0.021897808764176824,0.07972547014131796,12.150638660705063,Phase 2 - Tilt / Movement
9.099589,0.0900355652,0.007856689394,0.03994500637,0.09881160915,0.09881160915103339,0.08172451771495237,0.010976907429363605,0.03990769093580295,0.0960256699743616,12.194499692127279,Phase 3 - Fall / Unstable
9.109575,0.1013638526,-0.003412477206,0.05674129725,0.1162146739,0.1162146738936562,0.09773425826500987,0.0028259993360407903,0.05443147920528423,0.11279736950687268,12.247427218950413,Phase 3 - Fall / Unstable
9.119561,0.1137081534,-0.00730938185,0.06854509562,0.1329714305,0.13297143056394475,0.11251351645218553,-0.003387332811650119,0.0632410272361634,0.1279874789551658,12.309162795631154,Phase 3 - Fall / Unstable
9.129547,0.1216289327,-0.008691029623,0.07109054178,0.1411488448,0.141148844827802,0.1253049566562389,-0.006315880545361767,0.06521248926232906,0.14028546957397622,12.378785737799541,Phase 3 - Fall / Unstable
9.139533,0.1312206835,-0.007525841706,0.07092285156,0.1493504501,0.14935045009973266,0.13589244763254993,-0.0057115370922309365,0.060707949482139326,0.1492019308484035,12.455096873800121,Phase 3 - Fall / Unstable
9.149519,0.1435441822,-0.0164061524,0.0567404516,0.1552210454,0.15522104537662013,0.14426697903217583,-0.002514231680711147,0.05161356562773546,0.15493563438136676,12.536832623959597,Phase 3 - Fall / Unstable
9.159505,0.153153792,0.001358518377,0.03773728386,0.1577403949,0.1577403948558838,0.15040589866663853,0.0013593555754901083,0.04092080411118643,0.15810195174570058,12.622720350654754,Phase 3 - Fall / Unstable
9.169491,0.1564659625,0.0164575763,0.02320920862,0.1590318101,0.1590318100365094,0.15420359420933058,0.0035736307729809244,0.03186951176977661,0.15940181909434717,12.711450722628625,Phase 3 - Fall / Unstable
9.179477,0.1529530436,0.006187034305,0.01492960285,0.1538044407,0.15380444070719634,0.15546411024695184,0.002214079702539135,0.026875636890749198,0.15928489875743193,12.801628136780433,Phase 3 - Fall / Unstable
9.189463,0.1454554498,0.003627736587,0.009042153135,0.1457813736,0.1457813735790062,0.15386709993804376,-0.0033755883172863696,0.02662075979208799,0.15767281908546774,12.891709287382277,Phase 3 - Fall / Unstable
9.199449,0.1448427737,0.02099883929,0.02282203361,0.1481257086,0.14812570864887917,0.14895101999127097,-0.012114561327300252,0.02969146524173496,0.15388097333893927,12.979927187276012,Phase 3 - Fall / Unstable
9.209435,0.1462923288,-0.03825169802,0.04044683278,0.1565266244,0.15652662440963155,0.14026578485209087,-0.021342329553926054,0.033011979532132286,0.14691386592944314,13.064254052504134,Phase 3 - Fall / Unstable
9.219421,0.1403167099,-0.0487000905,0.04934216291,0.1565091912,0.15650919120775603,0.1277615439105049,-0.02773551828305011,0.03300913899534164,0.13614633564412099,13.14251907845751,Phase 3 - Fall / Unstable
9.229407,0.1213203743,-0.04074309766,0.04450825974,0.1354976694,0.1354976693980664,0.11223147995435585,-0.028705831620157947,0.02707407653786081,0.12205949674426055,13.212764111381226,Phase 3 - Fall / Unstable
9.239393,0.09628075361,-0.03755683079,0.02349868603,0.1059843729,0.10598437290390852,0.09546353924923044,-0.023569234861873935,0.014689643093766731,0.10649313683831793,13.273769401311492,Phase 3 - Fall / Unstable
9.249379,0.07113039494,-0.009958756156,0.001992062433,0.07185177952,0.07185177952724633,0.07987798526879099,-0.013866405912601666,-0.002256126002399975,0.09210131019249743,13.325519073782734,Phase 3 - Fall / Unstable
9.259365,0.05448010564,0.006215851288,-0.02698367275,0.06111331535,0.061113315348287095,0.06775838401572515,-0.002749172111287664,-0.020068599668336136,0.08125185494368453,13.369342915645074,Phase 3 - Fall / Unstable
9.269351,0.05148298293,0.01371531188,-0.04571128637,0.07020063399,0.07020063399241126,0.06046606702649549,0.006196386392840163,-0.03449133194497462,0.07504979434150093,13.407613438116634,Phase 3 - Fall / Unstable
9.279337,0.05624256283,0.02017119899,-0.0551995337,0.08134550795,0.08134550794652468,0.05806331742955739,0.010167947081386875,-0.042130334879938836,0.07310070882269751,13.443110417005549,Phase 3 - Fall / Unstable
9.289323,0.06731279194,0.01458335575,-0.05501684174,0.08815066136,0.08815066136299259,0.05954374146575319,0.007990224360558481,-0.04156996932802179,0.07409662185069495,13.478343539002159,Phase 3 - Fall / Unstable
9.299309,0.0756610781,0.006285476033,-0.04051607102,0.0860561326,0.0860561326060694,0.06352800104484574,0.0003870624707282024,-0.0338156973567467,0.07675611898991867,13.515139985813269,Phase 3 - Fall / Unstable
9.309295,0.07772237062,-0.01296944544,-0.01827388071,0.08088824467,0.08088824467138031,0.06903132484921284,-0.010332092989968882,-0.021914498697602258,0.08051017536741302,13.554650619863239,Phase 3 - Fall / Unstable
9.319281,0.07648671418,-0.02649090625,0.001980686793,0.08096856601,0.0809685660004626,0.07588627285365067,-0.021055911089982574,-0.009868592266309923,0.08561350267908585,13.597696681459086,Phase 3 - Fall / Unstable
9.329267,0.07573144138,-0.0374937579,0.01602832787,0.08601128059,0.08601128059309666,0.08462399531823431,-0.028892350807726706,-0.0012198542487452965,0.09277490896752075,13.645203460341532,Phase 3 - Fall / Unstable
9.339253,0.09005711973,-0.04814666882,0.01572233066,0.1033226897,0.10332268973419484,0.09594691609548196,-0.03211535216415338,0.0021636248409937996,0.10263599117084288,13.698449144453008,Phase 3 - Fall / Unstable
9.349239,0.1095043197,-0.04022083431,0.003482975764,0.1167092227,0.1167092227106534,0.11013893488900725,-0.030713889391548666,0.0006236076483841419,0.11538204300778142,13.758994087035713,Phase 3 - Fall / Unstable
9.359225,0.1269807518,-0.02024319023,-0.01222857088,0.1291643759,0.12916437598714423,0.12670470629737593,-0.026293898470398338,-0.003626556553007771,0.13055879346897348,13.828338151406033,Phase 3 - Fall / Unstable
9.369211,0.1379553825,0.0007244101726,-0.01872135699,0.139221771,0.13922177106460934,0.14430406619274935,-0.02131650347416065,-0.007522042638402237,0.14701913049562332,13.907456102302616,Phase 3 - Fall / Unstable
9.379197,0.1578457505,-0.01505773887,-0.01327929273,0.1591174285,0.15911742854318123,0.16090896387982173,-0.018031101427715825,-0.008370464699913602,0.16296303100506895,13.996359132886253,Phase 3 - Fall / Unstable
9.389183,0.1741546839,-0.02646299452,-0.01325452514,0.1766517095,0.17665170941703723,0.17414911155227505,-0.01765714392567829,-0.004800066302486043,0.17615259420135176,14.09380016919631,Phase 3 - Fall / Unstable
9.399169,0.1878338754,-0.005296737421,-0.004227122292,0.187956082,0.18795608193926916,0.18185875448768846,-0.02010826073663119,0.002821168135156385,0.18438283956912577,14.197234476081867,Phase 3 - Fall / Unstable
9.409155,0.1944747418,-0.01906527951,0.0119699575,0.1957733127,0.19577331269486883,0.18274916403386424,-0.024158053903988914,0.012531488380605351,0.1861418291145686,14.303129067294359,Phase 3 - Fall / Unstable
9.419141,0.1865984052,-0.04157531261,0.02874387614,0.1933227402,0.19332274014547352,0.17698090851209883,-0.02789255470018589,0.021411450757318522,0.18123861479428083,14.407628214929183,Phase 3 - Fall / Unstable
9.429127,0.169772014,-0.03714035079,0.03455462679,0.1771890647,0.17718906463723047,0.1663491246080246,-0.02938490025349262,0.02652882272443126,0.1711150140889843,14.507435674920565,Phase 3 - Fall / Unstable
9.439113,0.1492444575,-0.02994741872,0.03360693157,0.1558851559,0.15588515590655505,0.15390759941323962,-0.027393143940711188,0.025891339821864257,0.15862056469702615,14.600642372780753,Phase 3 - Fall / Unstable
9.449099,0.133525148,-0.02015338093,0.02542889677,0.1374108901,0.13741089004249593,0.14310556156684967,-0.021769752945994973,0.01909569418883019,0.1472359437750805,14.687199602631837,Phase 3 - Fall / Unstable
9.459085,0.1260389835,-0.01730465516,0.01100152638,0.1276961629,0.12769616295961922,0.13674849367911207,-0.013465953064905953,0.0074898668267002234,0.14000273851245112,14.768847992799374,Phase 3 - Fall / Unstable
9.469071,0.1273204982,-0.0007547060959,-0.009109067731,0.1276481648,0.12764816472678067,0.13617970444170277,-0.004256547932077242,-0.006167438740825765,0.13858570415935353,14.84851504880968,Phase 3 - Fall / Unstable
9.479057,0.1385171115,0.001334270462,-0.01963496581,0.1399081926,0.13990819253470851,0.14098393185173047,0.0036578152530431372,-0.018434175660813713,0.14285064513691728,14.929393769769263,Phase 3 - Fall / Unstable
9.489043,0.1545219123,0.003963076975,-0.03299178183,0.1580543737,0.1580543736448852,0.1493030687348667,0.008096373387081753,-0.02610046307335684,0.15111704331374068,15.014026794270208,Phase 3 - Fall / Unstable
9.499029,0.1703626513,0.01279801596,-0.03631314635,0.1746592877,0.17465928766691546,0.15861123458230209,0.007384368376385845,-0.027070224839668523,0.1609399045386787,15.10370259923409,Phase 3 - Fall / Unstable
9.509015,0.1742636412,0.01140758023,-0.03206220642,0.177555441,0.17755544095156564,0.16660600824802996,0.0008792222792228454,-0.02099720928156242,0.1700229894375964,15.198328391536492,Phase 3 - Fall / Unstable
9.519001,0.1715355366,0.01033198647,-0.01694054902,0.1726793922,0.17267939211777772,0.17183678748776937,-0.010579014301825807,-0.009474996631164549,0.176824750668122,15.296737721276402,Phase 3 - Fall / Unstable
9.528987,0.1700646728,-0.02249972895,0.01282932982,0.1720256447,0.1720256447191083,0.17386797821700553,-0.02459190851512286,0.00435683487966265,0.18066361783653745,15.397224539605585,Phase 3 - Fall / Unstable
9.538973,0.1707033664,-0.06488873065,0.02613247558,0.1844806032,0.1844806031690058,0.17305902507938678,-0.03778430554496115,0.016736246266029563,0.1814919859351116,15.498061013009169,Phase 3 - Fall / Unstable
9.548959,0.1731966138,-0.05353354663,0.03215068579,0.1841102231,0.1841102230820984,0.17020873935935665,-0.046930154641908015,0.02441968521105064,0.17965603598454877,15.597850659311487,Phase 3 - Fall / Unstable
9.558945,0.1674470305,-0.0513529554,0.0344100967,0.1784928257,0.17849282564429775,0.16624521454973468,-0.05005105235418344,0.0256155135400268,0.17577421152432157,15.695691025503148,Phase 3 - Fall / Unstable
9.568931,0.1600951105,-0.05845187977,0.02516253293,0.1722794815,0.172279481419312,0.1619719026988439,-0.04693978885713162,0.02041292973305965,0.170618437135022,15.791175015360722,Phase 3 - Fall / Unstable
9.578917,0.1524584889,-0.0322426483,0.01036574412,0.1561749912,0.1561749911420847,0.15781052360495865,-0.03899936533873729,0.010628897532409096,0.16485539696168922,15.884246027160493,Phase 3 - Fall / Unstable
9.588903,0.1424697787,-0.02074790932,-0.004728520289,0.1440502429,0.14405024292968546,0.15356781526084226,-0.02860400944234144,-0.0008375883870271212,0.15868440424265184,15.974912815887153,Phase 3 - Fall / Unstable
9.598889,0.1446445137,-0.0138779711,-0.01554994099,0.1461384073,0.1461384073067529,0.14838250073838608,-0.0182693945150006,-0.010943692354207668,0.15161494132039527,16.062882456318214,Phase 3 - Fall / Unstable
9.608875,0.146653071,-0.01055514626,-0.02784176171,0.1496452407,0.14964524062400866,0.14103173576443256,-0.009929678579316698,-0.0174760421597987,0.14267954989634749,16.147265802366476,Phase 3 - Fall / Unstable
9.6188605,0.1440904289,0.00276470976,-0.0346066393,0.1482137471,0.14821374701519188,0.13061207139447803,-0.004514814799132849,-0.019801810111442265,0.1311522302445016,16.226561452061485,Phase 3 - Fall / Unstable
9.6288465,0.132142961,0.004813745618,-0.02593325451,0.1347496493,0.13474964926931265,0.11733145177405059,-0.0018493101538613335,-0.019155199230669738,0.11744794846189185,16.299080946550422,Phase 3 - Fall / Unstable
9.6388325,0.1093861535,-0.004436207935,-0.015713498,0.1105980314,0.11059803134669316,0.10297251237136346,-0.0008458212021488134,-0.01827066888473675,0.10364039004922922,16.363693376051778,Phase 3 - Fall / Unstable
9.6488185,0.08586405218,-0.004553919658,-0.007929344662,0.08634956947,0.08634956947078583,0.09068396518439448,1.6429853021633074e-05,-0.020366630438224415,0.09317197614822845,16.42068255049167,Phase 3 - Fall / Unstable
9.6588035,0.07191102952,-0.004460494965,-0.01119458955,0.0729137231,0.0729137231058192,0.08409155312678487,0.002032115010899066,-0.027785298496909788,0.08976525946295412,16.47226513512965,Phase 3 - Fall / Unstable
9.6687895,0.0724228844,-0.0009760148823,-0.0245309025,0.07647085699,0.0764708569804912,0.08608494797924729,0.005660353876732738,-0.04081056319855872,0.09600193334756688,16.522537208926234,Phase 3 - Fall / Unstable
9.6787755,0.08560820669,0.003841692582,-0.04789634421,0.09817119457,0.09817119456976753,0.09780840046857334,0.010196963662303618,-0.057170891422761765,0.11224613322245318,16.576733368605133,Phase 3 - Fall / Unstable
9.6887615,0.1168119311,0.01025325246,-0.07591279596,0.1396886145,0.13968861451021783,0.11828368317231357,0.013860181026708206,-0.07250237588133698,0.13644756800615615,16.640140872483713,Phase 3 - Fall / Unstable
9.6987475,0.1544412225,0.01777471416,-0.09736631066,0.1834345391,0.18343453906585816,0.1448034308177804,0.014313256734370792,-0.08169175632488068,0.1649364956223147,16.716992612529506,Phase 3 - Fall / Unstable
9.7087335,0.1895438135,0.02123016678,-0.1031839922,0.2168513626,0.21685136260572369,0.17387887990549536,0.009527334782303535,-0.08065549387783952,0.19380145808453017,16.80974890565442,Phase 3 - Fall / Unstable
9.7187195,0.2118292749,0.01322721411,-0.08530694246,0.2287441263,0.22874412632818641,0.20225578069484784,-0.00126570623382467,-0.0678826652846069,0.2200990090508298,16.918941042194476,Phase 3 - Fall / Unstable
9.7287055,0.2218512893,-0.002315792721,-0.05071247369,0.2275853959,0.22758539594569302,0.2274981635490922,-0.016908968440324867,-0.045114005258939216,0.24225001427394144,17.043472466890403,Phase 3 - Fall / Unstable
9.7386915,0.235629499,-0.03215598315,-0.005717446562,0.2378822339,0.23788223398674269,0.24794912192785362,-0.034315216728624476,-0.016877369116759036,0.25954519297571804,17.18107574335961,Phase 3 - Fall / Unstable
9.7486775,0.2508414686,-0.07438599318,0.02495018393,0.2628254744,0.2628254744672225,0.2623269585725947,-0.049265361117620574,0.010894345046986394,0.2713306434116396,17.32864276582996,Phase 3 - Fall / Unstable
9.7586635,0.2710390985,-0.06601744145,0.04132384062,0.2820073674,0.2820073674478808,0.26945874089730437,-0.05773906512205705,0.032552749643936375,0.2766334847711952,17.482363213357054,Phase 3 - Fall / Unstable
9.7686495,0.2828947008,-0.05403801054,0.04928749427,0.2921964671,0.2921964671505423,0.2684877473443467,-0.05717235186291228,0.044096071299412294,0.27455247110093073,17.637846125949224,Phase 3 - Fall / Unstable
9.7786355,0.2749534249,-0.05963091552,0.04304903746,0.284619837,0.2846198369338051,0.2594460927146097,-0.04714868144882721,0.043878944311863156,0.2650781761443739,17.790464641905682,Phase 3 - Fall / Unstable
9.7886215,0.2506744266,-0.02923892252,0.03842578828,0.2552824395,0.25528243955726515,0.2437155607302122,-0.02945742238757208,0.03270855762249209,0.24965337062814308,17.935996384542836,Phase 3 - Fall / Unstable
9.7986075,0.2139033079,-0.01664375514,0.01970566809,0.2154529022,0.21545290220973057,0.22391124590385447,-0.007680115203017713,0.01352224894486604,0.2309495378042717,18.071362395417726,Phase 3 - Fall / Unstable
9.8085935,0.1885902286,0.01521377545,-0.007243657485,0.1893415006,0.18934150062942692,0.20311910225117988,0.013603785933797082,-0.009229696767966903,0.21188757877576817,18.19511465966264,Phase 3 - Fall / Unstable
9.8185795,0.1689325869,0.04415987059,-0.0369268395,0.1784710188,0.17847101883137878,0.18389145438424032,0.029941080379357898,-0.03048116119551462,0.1945032071075478,18.30741814890825,Phase 3 - Fall / Unstable
9.8285655,0.165999651,0.06378044188,-0.05925025418,0.1874417816,0.18744178167880413,0.16758954690679334,0.03826049360004725,-0.045665569837927814,0.17941518095123352,18.409557420162802,Phase 3 - Fall / Unstable
9.8385515,0.166512534,0.05377941951,-0.06211471558,0.1856795299,0.18567952992593992,0.15443191991308294,0.03781473341761732,-0.05180496448953883,0.16622984564669552,18.503268971808204,Phase 3 - Fall / Unstable
9.8485375,0.1616296321,0.01811037026,-0.05883369595,0.1729552753,0.17295527532536464,0.1441305843146108,0.03028133265692432,-0.048211275253055234,0.15451783406257297,18.590269434409024,Phase 3 - Fall / Unstable
9.8585235,0.1453855187,-0.004073754884,-0.03301593289,0.1491428722,0.1491428722772897,0.13659526163162852,0.01885142099685521,-0.036528563310030994,0.14458529254689015,18.672167224565786,Phase 3 - Fall / Unstable
9.8685095,0.124111928,-0.007538793609,-0.01222117152,0.12493983,0.12493982997538272,0.13214706785547992,0.006788410500658264,-0.020102374798687456,0.1374497544472133,18.7506367963728,Phase 3 - Fall / Unstable
9.8784955,0.1119128019,-0.001838021679,0.003808289999,0.1119926632,0.11199266326647295,0.13106613141800977,-0.00370478167274737,-0.002942911337121818,0.1340418544832665,18.8275246066225,Phase 3 - Fall / Unstable
9.8884815,0.1179555133,5.122460425e-05,0.01479409542,0.1188796492,0.11887964923031452,0.13283735450120357,-0.011788668007821823,0.011314507237926262,0.13422378774538915,18.904609892575888,Phase 3 - Fall / Unstable
9.8984675,0.1353476048,-0.02017687634,0.02660883963,0.1394062796,0.13940627966627503,0.13573289166046226,-0.01760092788144508,0.020140094326557768,0.1363576108359021,18.98303023515909,Phase 3 - Fall / Unstable
9.9084535,0.1486109495,-0.02175506577,0.02341331355,0.152008817,0.15200881701184044,0.13714961033762835,-0.02167746717932951,0.022425471548801777,0.13778369294727918,19.062684218521905,Phase 3 - Fall / Unstable
9.9184395,0.1515324861,-0.01734289154,0.01602376252,0.1533611137,0.15336111370198202,0.13458140716454223,-0.024518054776682757,0.01842379930353702,0.13595176516864263,19.142008787702174,Phase 3 - Fall / Unstable
9.9284255,0.1370552778,-0.0244521983,0.008393007331,0.1394722257,0.1394722257175095,0.12667301226904484,-0.026346390715564324,0.009422463591139567,0.12953590591710928,19.21833623447149,Phase 3 - Fall / Unstable
9.9384115,0.1146616265,-0.02743255347,-0.004432547372,0.1179808504,0.11798085038562375,0.1137694994559681,-0.027046633418351288,-0.002701441895288093,0.11892456465048533,19.288709855905562,Phase 3 - Fall / Unstable
9.9483975,0.0920599103,-0.02701603621,-0.01709188335,0.09745268479,0.0974526847931553,0.09770876808355619,-0.026291282528143403,-0.015904752384836702,0.10589494115842904,19.350797449299186,Phase 3 - Fall / Unstable
9.9583825,0.07081408054,-0.02412043512,-0.03026568517,0.08069969697,0.08069969697534989,0.08103147184695766,-0.02382303034316476,-0.0283094659732812,0.0927376342434183,19.403514139302217,Phase 3 - Fall / Unstable
9.9683685,0.05440234765,-0.03404337168,-0.03829405084,0.07473286369,0.07473286368734033,0.06604043767427616,-0.019779466066845885,-0.03842565790770295,0.08133068964998592,19.44717650174198,Phase 3 - Fall / Unstable
9.9783545,0.05136889219,-0.01642639935,-0.0443299897,0.06981215988,0.06981215988089488,0.05414720453079409,-0.014908974730453797,-0.04527423061141253,0.072597201688083,19.48314787140452,Phase 3 - Fall / Unstable
9.9883405,0.05009509996,-0.01011497341,-0.05105473846,0.0722386188,0.0722386188012091,0.045755265190048855,-0.010506870147751188,-0.04843581709743005,0.0665145734160069,19.513316103000243,Phase 3 - Fall / Unstable
9.9983265,0.05266467482,0.00320876576,-0.05070887879,0.07317960467,0.07317960467054876,0.04063614597525298,-0.007997403743826851,-0.04805330720697106,0.06254465170110293,19.53961912032246,Phase 3 - Fall / Unstable
10.0083125,0.04732184112,0.003066020552,-0.04631626233,0.06628690131,0.06628690130963422,0.03848154930862578,-0.008326502582675543,-0.04477744204778748,0.06015661239761293,19.563841288810313,Phase 3 - Fall / Unstable
10.0182985,0.03760407865,-0.01385325193,-0.03651041538,0.05421245015,0.05421245015097154,0.03922585940788674,-0.01150995122114911,-0.039612885497298224,0.05910204888820639,19.58766000558137,Phase 3 - Fall / Unstable
10.0282845,0.03395341337,-0.01777422428,-0.02823890746,0.04760455044,0.04760455044178319,0.04291237481590119,-0.016604048382140704,-0.033664429061749546,0.059309715381338335,19.612746283285848,Phase 3 - Fall / Unstable
10.0382705,0.04044643044,-0.03335781768,-0.02461170964,0.05791713035,0.05791713034252947,0.04921711781760788,-0.022076621763834518,-0.027879673747706706,0.060585007667750296,19.64069083848626,Phase 3 - Fall / Unstable
10.0482565,0.05388341099,-0.02432144806,-0.027230395,0.0650880114,0.06508801139617461,0.05698830912355547,-0.026304443098505437,-0.02292826826755928,0.06245550744481226,19.67266220638794,Phase 3 - Fall / Unstable
10.0582425,0.06145104766,-0.02466659248,-0.02330835909,0.0701993707,0.07019937069913354,0.06412553292105179,-0.027915476107970596,-0.01927044079228988,0.06434116903510131,19.708898541288043,Phase 3 - Fall / Unstable
10.0682285,0.07339079678,-0.01380622201,-0.01839482598,0.07691027526,0.07691027526297868,0.06788780754447252,-0.025915980287502496,-0.01731179515389746,0.06591868124610119,19.74825298101298,Phase 3 - Fall / Unstable
10.0782145,0.05701028928,-0.02864110842,-0.01950620115,0.06671565078,0.06671565077715827,0.06551024993859698,-0.01978684680543501,-0.017475936805582723,0.0673800978090133,19.788003557573454,Phase 3 - Fall / Unstable
10.0882005,0.04858963937,-0.03713313118,-0.01620627753,0.06326504498,0.06326504498312734,0.054979905439321734,-0.009728009313439407,-0.02010826567497257,0.06936060382130906,19.82406146954715,Phase 3 - Fall / Unstable
10.0981865,0.0733133927,0.0214237161,-0.02002741769,0.07896155153,0.07896155153014368,0.035911743618253486,0.00308240333620263,-0.02525547450042565,0.07253893546959185,19.851651905147065,Phase 3 - Fall / Unstable
10.1081725,0.04925971851,0.008379286155,-0.03161669895,0.05912992437,0.05912992437545259,0.01035368906524634,0.016559125948755887,-0.032451288665668945,0.07709961542601478,19.866475769734596,Phase 3 - Fall / Unstable
10.1181585,-0.02644832805,0.04057057202,-0.03791990504,0.06150938602,0.06150938602289119,-0.01706150617903298,0.028208322202172727,-0.040645876660890916,0.08230287062241139,19.86614516212522,Phase 3 - Fall / Unstable
10.1281445,-0.0741564557,0.03403064609,-0.0478787981,0.09460255864,0.09460255864821764,-0.04024717089701613,0.035784210388879335,-0.04834418994853884,0.08645351836026477,19.851338770448006,Phase 3 - Fall / Unstable
10.1381305,-0.08521882445,0.04015922546,-0.05644800141,0.109824352,0.10982435200523784,-0.053862592272185504,0.03781100414605137,-0.05392814897902315,0.0875006958436067,19.826004404026012,Phase 3 - Fall / Unstable
10.1481165,-0.07033575326,0.04031315446,-0.06151067093,0.1017636047,0.10176360472893127,-0.055398800373196895,0.03386997437493711,-0.05608231297850277,0.08407968122387524,19.79633549236632,Phase 3 - Fall / Unstable
10.1581025,-0.04387192428,0.02500272915,-0.06077832729,0.07901827176,0.0790182717676657,-0.04597460988309333,0.02466045963039524,-0.05420029365388825,0.07632826717697624,19.76892315756877,Phase 3 - Fall / Unstable
10.1680885,-0.01633004285,0.01232901309,-0.05027482286,0.05427921036,0.054279210355905196,-0.02955677958303337,0.011844163982942763,-0.04861767778966213,0.06589179016091994,19.748903651926973,Phase 3 - Fall / Unstable
10.1780745,0.009302885272,-0.003655366134,-0.04055745155,0.04177094986,0.04177094985977917,-0.011188348746679304,-0.0023118492666303974,-0.0405540457586831,0.05514226834232722,19.73883572428432,Phase 3 - Fall / Unstable
10.1880605,0.01883034408,-0.01995124854,-0.02888375334,0.03983598102,0.039835981015684856,0.004863175751332195,-0.015421032034633301,-0.03176388322633555,0.04616384286053525,19.738614582672906,Phase 3 - Fall / Unstable
10.1980455,0.02287255228,-0.02870986611,-0.0182314124,0.04098529562,0.040985295630925164,0.016289619118375447,-0.025469364088703164,-0.024019705290568842,0.04008935549491069,19.74625351336106,Phase 3 - Fall / Unstable
10.2080315,0.01805302873,-0.03354110569,-0.01457489189,0.04078412793,0.04078412792789793,0.022934703884914826,-0.03118976441255618,-0.018609342329545617,0.03701247821095436,19.75906307259084,Phase 4 - Return
10.2180175,0.0155361034,-0.03543961421,-0.01402791683,0.04115967947,0.041159679478811814,0.026138815852632925,-0.032234266415607324,-0.01601286261714486,0.03631171081326848,19.774690268621125,Phase 4 - Return
10.2280035,0.01748660207,-0.02799368277,-0.01642289758,0.03686650366,0.036866503657183074,0.027698616103472386,-0.029120298192797326,-0.015846700048158184,0.037071612150870265,19.791680314307428,Phase 4 - Return
10.2379895,0.02433635481,-0.01998102292,-0.0172684323,0.0359123683,0.03591236829377114,0.02896604825651093,-0.022987499629775452,-0.017053708320237122,0.03837977539015154,19.809479168496562,Phase 4 - Return
10.2479755,0.02955215611,-0.01450609788,-0.01879096031,0.03790589658,0.03790589658385548,0.030429711592228337,-0.015252310495377768,-0.01824171458446029,0.03946854829270099,19.82805932854875,Phase 4 - Return
10.2579615,0.0377879329,-0.008121769875,-0.01934236102,0.04322057321,0.0432205732098196,0.03182651222798262,-0.007269351820473451,-0.018069249368181536,0.03979940683893368,19.847457803918417,Phase 4 - Return
10.2679475,0.037297111,0.00431519188,-0.02150271647,0.04326733393,0.04326733393100097,0.03258794116401969,-6.966488725885722e-05,-0.015609395442321618,0.03916876155589487,19.867473700914385,Phase 4 - Return
10.2779335,0.03733851388,0.01088762283,-0.01469043456,0.04157539918,0.04157539918289339,0.032328548371462436,0.0058052169051101745,-0.01062711304442718,0.03779622391584873,19.887633219319408,Phase 4 - Return
10.2879195,0.03330196068,0.01071451791,-0.005196265876,0.03536697129,0.03536697129003357,0.03113508146839306,0.01034098004313713,-0.0036818108621826475,0.03628085198910577,19.907377106779613,Phase 4 - Return
10.2979055,0.02600760758,0.01139324717,0.005668461323,0.02895398396,0.0289539839552752,0.029554399871420663,0.013903574378924321,0.004013632847551148,0.03536353994334362,19.926327371864854,Phase 4 - Return
10.3078915,0.02408720367,0.008246457204,0.01547501888,0.02979385249,0.029793852493321865,0.02833335057796096,0.01692326613639629,0.010950884790934824,0.03557503490309445,19.94447612386481,Phase 4 - Return
10.3178775,0.02479375713,0.01440910809,0.01879691333,0.03428814283,0.03428814283839621,0.028076149932261672,0.019562021366223994,0.015769154409852177,0.036962179254146556,19.96220198133425,Phase 4 - Return
10.3278635,0.02957200073,0.02511714585,0.02022836171,0.04375569517,0.043755695175552715,0.029002612398152945,0.02157592585701567,0.01761802632435148,0.03906276343330313,19.98011929977098,Phase 4 - Return
10.3378495,0.03272632137,0.02898400463,0.01699028164,0.04690153841,0.04690153840772071,0.030897744832597666,0.022473103091828896,0.016329172164411352,0.04113652736299053,19.99884381394578,Phase 4 - Return
10.3478355,0.03172097728,0.02557702176,0.01109377667,0.0422312245,0.04223122449697174,0.0332134424965474,0.02184886713129385,0.012379714836592944,0.04248343174132966,20.01877295324545,Phase 4 - Return
10.3578215,0.03469819948,0.02125173062,0.006810938008,0.04125518123,0.04125518122669851,0.035227239763881965,0.019650216265140717,0.006705479192011129,0.04264972671650319,20.03994066504754,Phase 4 - Return
10.3678075,0.03793340921,0.01293174922,5.79606276e-05,0.04007713852,0.040077138515825145,0.03620416284943431,0.01620010014745021,0.00044891595377691474,0.04145870986890976,20.061963955629672,Phase 4 - Return
10.3777935,0.03660171479,0.007676212117,-0.007596049458,0.03816162635,0.03816162634639756,0.03555718589493205,0.012001980888858814,-0.005292765055708832,0.03895179002863512,20.08408163648404,Phase 4 - Return
10.3877785,0.03600862995,0.003393582534,-0.009814995341,0.03747628539,0.03747628539269813,0.032991599316365604,0.007484352311621685,-0.00968399073532927,0.035347890858861065,20.105278151307683,Phase 4 - Return
10.3977645,0.02989731729,0.0003624279052,-0.01499395911,0.03344846401,0.03344846401432736,0.02858570239395608,0.0028670022896596157,-0.012307382731074823,0.03105064446849349,20.124482402115376,Phase 4 - Return
10.4077505,0.02238826826,0.006237094291,-0.0153739918,0.02786566929,0.02786566928575403,0.02276081345176003,-0.0017504569310685836,-0.013235414622262007,0.02665281039548823,20.140759851933314,Phase 4 - Return
10.4177365,0.01494761743,0.004908021539,-0.01334502548,0.02063030895,0.020630308948796115,0.01613220836039488,-0.00613293851437817,-0.012993747099677152,0.022868351037851467,20.15347463323821,Phase 4 - Return
10.4277225,0.005872097798,-0.009205932729,-0.01139186323,0.01577990107,0.015779901071019925,0.009286156936029907,-0.00970773800788614,-0.012404358295149255,0.020378300565692932,20.162334614086053,Phase 4 - Return
10.4377085,-0.003837441094,-0.02008775063,-0.008239128627,0.0220482861,0.02204828610244425,0.002572460665946383,-0.011658010317558583,-0.012333916518870747,0.019660971731116025,20.16731545177732,Phase 4 - Return
10.4476945,-0.004735193215,-0.01951596886,-0.01044635661,0.02263672816,0.022636728159147964,-0.00397610936570864,-0.011331423473225861,-0.013427439542728523,0.02089558575852294,20.168502249142453,Phase 4 - Return
10.4576805,-0.006712698378,-0.01494856551,-0.01682147756,0.02348365469,0.023483654690493745,-0.010509949142256553,-0.00869459877998767,-0.015932773933955147,0.023947613422672504,20.165946459136304,Phase 4 - Return
10.4676665,-0.008867195807,-0.003086846322,-0.02158853598,0.02354189176,0.02354189175608192,-0.01703363709040316,-0.004501021208950419,-0.01967703075549719,0.028371539538062023,20.15965519997126,Phase 4 - Return
10.4776525,-0.01440200675,0.007373091765,-0.02398268878,0.02893008196,0.028930081951499795,-0.023055506574674717,-4.615472534094517e-05,-0.024162136889724475,0.0334131799396983,20.149774934996085,Phase 4 - Return
10.4876385,-0.02584241331,0.009924400598,-0.02879688516,0.03994476997,0.03994476996845364,-0.02746896064013333,0.0033405331002620995,-0.028689329382645894,0.03809471106887227,20.136909355334623,Phase 4 - Return
10.4976245,-0.03651066124,0.006464743055,-0.03112386912,0.04840988036,0.04840988035461458,-0.02883167362421749,0.004769234125711072,-0.032453093075360255,0.0414628597785746,20.12239134235461,Phase 4 - Return
10.5076105,-0.03779377043,0.000698200427,-0.03147993609,0.04919189917,0.04919189916421494,-0.02597608449963872,0.003995811868404598,-0.03461417979978008,0.04293908597383739,20.108300408137016,Phase 4 - Return
10.5175965,-0.02807490528,-0.001351582818,-0.03442757949,0.04444418198,0.04444418198296773,-0.018642753456117225,0.001338436482605947,-0.03440399981332255,0.042571919315923454,20.097124298061694,Phase 4 - Return
10.5275825,-0.008201864548,-0.001354512293,-0.03733734787,0.03825157292,0.03825157292950214,-0.007759924605290922,-0.0025389253967447456,-0.03130478292864162,0.041012660076714356,20.091159427427215,Phase 4 - Return
10.5375685,0.01323418505,-0.004197969101,-0.02951085195,0.03261375448,0.03261375448066986,0.004823645322808067,-0.0068147725607380855,-0.025277988293536408,0.03921027879476686,20.09190777316548,Phase 4 - Return
10.5475545,0.02705918625,-0.01236961316,-0.01975782216,0.03571524082,0.03571524081882161,0.01702156108016649,-0.010634456043982716,-0.016917714143138245,0.03799962791886064,20.099745552481167,Phase 4 - Return
10.5575395,0.035166841,-0.01205743849,-0.006042599678,0.03766432715,0.03766432715087288,0.027232997305052933,-0.013229039146210849,-0.007394145016346213,0.03780097672611799,20.11399272366145,Phase 4 - Return
10.5675255,0.03456443548,-0.01841440424,0.007215681951,0.03982281444,0.03982281443573772,0.034726360261687204,-0.014066013961650917,0.0018377027669590803,0.03854071710111135,20.13330627217838,Phase 4 - Return
10.5775115,0.03144229203,-0.01908802241,0.01386331208,0.03930854551,0.039308545501607374,0.03952760823020356,-0.01299343452271286,0.009445328687787883,0.039751803612469765,20.15613703627393,Phase 4 - Return
10.5874975,0.03296162561,-0.009865494445,0.01501805894,0.03754116191,0.03754116191360422,0.041959524545047325,-0.010282496709313933,0.014555382364593226,0.04075113074483593,20.18103704829078,Phase 4 - Return
10.5974835,0.03866521642,-0.0004062193912,0.01547477208,0.0416489201,0.04164892010517406,0.042174426426731415,-0.006483507060120811,0.016887168462577217,0.04084234640487694,20.206694256306047,Phase 4 - Return
10.6074695,0.04220109433,0.005018639378,0.01535945758,0.04518884864,0.04518884863556262,0.039990423504824506,-0.0021279730568018337,0.016686235013303533,0.039554131032258154,20.231788148174374,Phase 4 - Return
10.61745625,0.04254025221,0.004063744564,0.01482980233,0.0452339487,0.04523394870137608,0.0351080847242735,0.0025371589438476635,0.014564367219044303,0.03688901898054862,20.25486224921646,Phase 4 - Return
10.62744225,0.03448365629,0.003577983938,0.01117541268,0.03642546319,0.03642546319205491,0.027524312459464094,0.0075829297756469655,0.011348798656121385,0.03345074577686144,20.27436833944458,Phase 4 - Return
10.63742825,0.01951803453,0.00912379846,0.008581027389,0.02319119232,0.02319119232173583,0.017847782886018026,0.013169040199688016,0.007974545288002701,0.0302905457266329,20.288936640027572,Phase 4 - Return
10.64741425,0.004784627818,0.01494626887,0.007749055512,0.01750232778,0.017502327782874142,0.007306951133832289,0.019214239693206445,0.005399148385637037,0.028468791627603313,20.297721201812653,Phase 4 - Return
10.65740025,-0.008288306184,0.0234606117,0.003265024861,0.02509495384,0.025094953836993956,-0.0025505059976982645,0.025178951842420853,0.00450214093021816,0.02856588128538145,20.300670265437144,Phase 4 - Return
10.66738625,-0.01257413067,0.02999148332,0.005167054944,0.03292865455,0.032928654552446986,-0.010286578358796254,0.030080063683160633,0.0059415470634941875,0.030454930413490414,20.298586210373205,Phase 4 - Return
10.67737225,-0.01581868902,0.03400027752,0.008006287739,0.03834514881,0.0383451488080063,-0.01491213230682563,0.03273145111834383,0.009975225535064292,0.033461575549507676,20.292965768115224,Phase 4 - Return
10.68735825,-0.01496381313,0.03818836436,0.01295071281,0.04301148495,0.04301148495656453,-0.016022861802171936,0.032117801034877755,0.01629714606474003,0.036758022518662725,20.28570430235408,Phase 4 - Return
10.69734425,-0.01244491339,0.03215976432,0.01907956973,0.03941010392,0.03941010392633441,-0.013758908506918828,0.027765342712927552,0.023959764396187404,0.03971630333502134,20.27877274835178,Phase 4 - Return
10.70733025,-0.009300254285,0.0225974191,0.0308352951,0.03934404025,0.0393440402558099,-0.008687241809399024,0.019961531012840508,0.0314551837118404,0.04203733880996417,20.273939752577512,Phase 4 - Return
10.71731625,-0.002513261046,0.00760360714,0.04072621837,0.04150609817,0.041506098170578806,-0.001687917381230222,0.0097207390317225,0.03700102112294712,0.043662187110815764,20.272559999715533,Phase 4 - Return
10.72730125,0.004148103297,-0.006874667946,0.04430097714,0.04502270978,0.045022709779500666,0.006138322800338846,-0.0014925141683446114,0.038991894086311325,0.04460570561728049,20.275421225610348,Phase 4 - Return
10.73728725,0.0135360118,-0.01300153602,0.04063913226,0.044763854,0.04476385400269809,0.013575818665661807,-0.012146944555871638,0.03646926842883881,0.04484382382148076,20.282649354499437,Phase 4 - Return
10.74727325,0.02181631327,-0.02015265636,0.03063869476,0.04267095851,0.04267095850406313,0.019451636829631518,-0.020963261907064545,0.029429866168829383,0.044288213373014494,20.293686127337644,Phase 4 - Return
10.75725925,0.02492449991,-0.02866868302,0.01989053935,0.04288073737,0.04288073737121045,0.022838544423562243,-0.027082812399398165,0.01887253724127786,0.04282079213937223,20.30737276063378,Phase 4 - Return
10.76724525,0.02652905509,-0.03102265112,0.008361982182,0.04166675404,0.041666754043164646,0.02324042115998193,-0.03011242901155657,0.006599350721450767,0.04036737948905841,20.322143281118525,Phase 4 - Return
10.77723125,0.02185884118,-0.03085643053,-0.005770833697,0.03825219947,0.038252199470665875,0.02067723061451971,-0.03009812005600087,-0.0051553568571165,0.03699846331948017,20.33629549764508,Phase 4 - Return
10.78721725,0.01473009214,-0.02473408915,-0.01869462244,0.03432549619,0.03432549619025469,0.01561782269272766,-0.02744562968337142,-0.014197467415830816,0.03302391272698436,20.3482670577652,Phase 4 - Return
10.79720325,0.002654061653,-0.02221479081,-0.02246693149,0.03170652905,0.031706529052646856,0.008775732979069466,-0.022803098850621057,-0.018871379132696802,0.029033592478947184,20.356833863302427,Phase 4 - Return
10.80718925,-0.004872031976,-0.01991568319,-0.02355642989,0.03122941757,0.031229417568409766,0.0008676003701605349,-0.01694805395340544,-0.018473566172318753,0.025839721644814854,20.36118095728824,Phase 4 - Return
10.81717525,-0.005821272731,-0.01208789833,-0.01709020138,0.02172739021,0.02172739021267982,-0.007508551898283983,-0.010704066154790639,-0.013461320278814366,0.02427629256001029,20.360869478440325,Phase 4 - Return
10.82716125,-0.008268451318,-0.0006525511853,-0.009858386591,0.01288335734,0.012883357342912636,-0.015768993080944208,-0.004855503764736121,-0.0053771971117020255,0.024840598336229185,20.35579863908742,Phase 4 - Return
10.83714725,-0.01189073548,0.001523147803,0.006589144003,0.01367941476,0.013679414760046768,-0.02308923902960571,-2.846110854874198e-05,0.0035314211681283935,0.027295861225369405,20.346270510615124,Phase 4 - Return
10.84713325,-0.02463502623,0.004093364347,0.01886738278,0.03129885432,0.03129885432403427,-0.028257869751691932,0.0034200593325636264,0.010944458064664259,0.0305223308887937,20.33316959144183,Phase 4 - Return
10.85711925,-0.03656000271,0.004361696541,0.02679343335,0.0455362083,0.04553620829133527,-0.029900958484492153,0.005428618039124323,0.015186564272234403,0.032868983186135174,20.31811999036801,Phase 4 - Return
10.86710525,-0.04364161193,0.002969396301,0.02248603664,0.0491836299,0.049183629898743066,-0.027101477607931766,0.006160657106343185,0.01575528235121898,0.03292231504725366,20.30340120744596,Phase 4 - Return
10.87709025,-0.03298640624,0.005598728079,0.01121365651,0.03528731847,0.03528731847359841,-0.020106301548312784,0.005904529562370808,0.013398960413568015,0.030240605418690426,20.291485652043047,Phase 4 - Return
10.88707625,-0.01409447566,0.00872980617,0.002192731714,0.01672339177,0.016723391769186174,-0.010644916599140136,0.005024516879626505,0.009675494193091546,0.025578954222878893,20.284276760509655,Phase 4 - Return
10.89706225,0.008755051531,0.007394612301,-0.003503456246,0.01198354806,0.011983548058075387,-0.0015468851738115056,0.003973851526933441,0.006193954813687401,0.020507565347337862,20.282377306485092,Phase 4 - Return
10.90704825,0.02023620531,0.000640835613,-0.003467769828,0.02054118067,0.02054118066741414,0.004242376553119142,0.0032917172097908036,0.003906337105008069,0.016748471267131824,20.284736776937056,Phase 4 - Return
10.91703425,0.0163944941,0.001918346621,0.001814324409,0.01660575995,0.016605759952929892,0.004769401062278469,0.003503314942475058,0.0027737589140013653,0.015623385415567575,20.288903196830837,Phase 4 - Return
10.92702025,0.001189975068,0.002145780716,0.006940909196,0.007361836456,0.007361836456397035,-0.0002528293106242767,0.0049419165381999215,0.0019270075778211983,0.01773986891183431,20.291783637998716,Phase 4 - Return
10.93700625,-0.01543894969,0.00428813044,0.008735499345,0.01824988162,0.01824988161625442,-0.009490941885190046,0.007598487471440154,0.00019533885684703487,0.022855016145543958,20.290584511242354,Phase 4 - Return
10.94699225,-0.03144827858,0.009813923389,0.002030725824,0.03300653216,0.03300653216111485,-0.020627177874495885,0.011099959462319398,-0.0032904459908265783,0.029930018129363092,20.28355673512008,Phase 4 - Return
10.95697825,-0.03539440036,0.02048537321,-0.009025806561,0.04187934188,0.04187934188204901,-0.031171629782688757,0.014855334801001943,-0.008718429163786954,0.03744684407824954,20.270326594913865,Phase 4 - Return
10.96696425,-0.03681785986,0.02561115846,-0.01992186345,0.04907511473,0.0490751147288957,-0.039044753368573375,0.01831668339693354,-0.015573427709664476,0.04391171211688297,20.251827594729694,Phase 4 - Return
10.97695025,-0.03662430495,0.02483757213,-0.02696022578,0.05181793585,0.051817935857115374,-0.042776006307924476,0.021195685666780536,-0.022881734699517757,0.04832109004274022,20.23000883972423,Phase 4 - Return
10.98693625,-0.03829304129,0.0183743462,-0.02853415348,0.05116807133,0.05116807133687272,-0.041460474983598165,0.023450631711364536,-0.029503901203811758,0.05039914852913853,20.20749900032824,Phase 4 - Return
10.99692225,-0.03709664568,0.01055060513,-0.02856692299,0.04799526517,0.04799526516681865,-0.03473794104593157,0.025006346120335837,-0.034310057486869446,0.050557545685705495,20.18728867317656,Phase 4 - Return
11.00690725,-0.03115780093,0.02326533571,-0.03386821225,0.05156685181,0.051566851809118235,-0.02294152820046458,0.0254161338824119,-0.03624802747696543,0.049650982752849196,20.172377699418327,Phase 4 - Return
11.01689325,-0.01657739468,0.02724230103,-0.03450738639,0.04698630327,0.04698630327291549,-0.007328952380611759,0.02378468491499382,-0.03444897722992409,0.04864571406110116,20.165306336243333,Phase 4 - Return
11.02687925,0.005128166638,0.02138707414,-0.03386290371,0.04037822781,0.04037822780917564,0.009854133160769173,0.019093681787635833,-0.02848531041508122,0.04829120399171491,20.16761708460916,Phase 4 - Return
11.03686525,0.03145242855,0.01808740757,-0.02689783275,0.04516528513,0.045165285130763,0.025702471467702968,0.010776645090138164,-0.018738391456330564,0.04887117491566498,20.179377390935823,Phase 4 - Return
11.04685125,0.04974168539,0.008223058656,-0.0148427682,0.052556272,0.052556272003793106,0.03737977746391684,-0.0007439008900082994,-0.006687184175871081,0.05013839710472677,20.1990121737745,Phase 4 - Return
11.05683725,0.05415838584,-0.007652254775,-0.000166534679,0.05469657662,0.0546965766180584,0.04297943782921445,-0.013799109671689182,0.005112142575435926,0.051496811474824176,20.22358951360891,Phase 4 - Return
11.06682325,0.04743922874,-0.02234331705,0.01629845798,0.05491214777,0.054912147770495086,0.04210739828496061,-0.025652512792452502,0.013504935758731771,0.05235020258708591,20.249519320935203,Phase 4 - Return
11.07680925,0.03373244777,-0.0393746458,0.02812881954,0.0589870431,0.05898704309545547,0.03588968618042935,-0.03315923251326249,0.01564563464238577,0.052435068393019695,20.273420907515067,Phase 4 - Return
11.08679525,0.01571163535,-0.04930850118,0.02775730751,0.05872522367,0.058725223662359376,0.026402558899835102,-0.03377551066186984,0.010077653023817143,0.051973198419426984,20.29282968776854,Phase 4 - Return
11.09678125,0.003077642992,-0.04612320289,0.01096164528,0.04750767726,0.04750767725813226,0.01581695443780642,-0.026584016153339947,-0.0024506725752250144,0.05153878898320447,20.306496104540944,Phase 4 - Return
11.10676725,-0.00120951375,-0.01889131591,-0.01754243299,0.02580855857,0.025808558571363462,0.005691543464392923,-0.012870110964551502,-0.018868329400217237,0.05164295587083365,20.314237559020363,Phase 4 - Return
11.11675325,0.0007109823637,0.01495137997,-0.04360899702,0.04610633232,0.04610633232018329,-0.003230966792241037,0.0041138136206470685,-0.03454125812297165,0.05228298140998714,20.31652982558335,Phase 4 - Return
11.12673925,0.003265752923,0.03495224938,-0.06214726344,0.07137651737,0.07137651737060695,-0.010657643311976224,0.020163278148848496,-0.044684021103948035,0.052892193007404525,20.314144952318355,Phase 4 - Return
11.13672525,-0.000828857068,0.03796268627,-0.06119438261,0.07201808811,0.07201808811606075,-0.016102218980197147,0.03143413244124367,-0.04587659687334564,0.052864365993995584,20.308077899195258,Phase 4 - Return
11.14671025,-0.01235981286,0.03701167181,-0.04279007763,0.05791044437,0.057910444374799926,-0.01846914056186943,0.03545618234799303,-0.037088057586848314,0.052230440755087884,20.299776981251252,Phase 4 - Return
11.15669625,-0.02485837787,0.0310959965,-0.01749283262,0.04348447012,0.043484470121263455,-0.01626804124518524,0.031552700832125295,-0.0198541910441911,0.051832599325620544,20.29142779389519,Phase 4 - Return
11.16668225,-0.02753565088,0.02487245575,0.008600819856,0.03808969974,0.03808969974437074,-0.00847203125289674,0.020751367562720717,0.0023454084163389067,0.052777834006756286,20.285938557847604,Phase 4 - Return
11.17666825,-0.0168251805,0.005623236299,0.03113278747,0.03583235885,0.03583235885319526,0.004420772593559162,0.005407525521327744,0.025151882453828017,0.055573698195939755,20.286367932708465,Phase 4 - Return
11.18665425,0.01201046258,-0.01458775997,0.05092433468,0.05431704902,0.05431704902632842,0.01978727907632947,-0.011321829399268209,0.04440498833121682,0.05960504672901832,20.29488166966391,Phase 4 - Return
11.19664025,0.04115502536,-0.02952361479,0.05915130675,0.07787333968,0.0778733396797848,0.033230569488869384,-0.026087595790411287,0.056938729926100065,0.06340272087383539,20.311637250714607,Phase 4 - Return
11.20662625,0.05751429126,-0.03706701845,0.06037423015,0.09125187791,0.09125187791008973,0.03987300103454077,-0.03595137988984753,0.06098941048087407,0.06564274255815297,20.33413891145902,Phase 4 - Return
11.21661225,0.05729905888,-0.03975475207,0.05486322939,0.08873328801,0.08873328800275934,0.03605890139606309,-0.03887528063493343,0.05626774109374243,0.06626815840634347,20.357449695249795,Phase 4 - Return
11.22659825,0.03219876438,-0.03748014569,0.04786098003,0.06879095259,0.06879095258807251,0.02070877109456507,-0.034051059884097554,0.043832059731085636,0.06691382293826544,20.375278017781117,Phase 4 - Return
11.23658425,-0.005089923274,-0.02970748208,0.02985450253,0.04242326168,0.04242326168250744,-0.004248315710064218,-0.02207231253585169,0.025876346531830588,0.0701670815412381,20.38157533922592,Phase 4 - Return
11.24657025,-0.04067214951,-0.009629378095,0.008382497355,0.042628804,0.04262880399643932,-0.03448050762468802,-0.004919867640298701,0.005436931240717983,0.07796396933682978,20.372084231735016,Phase 4 - Return
11.25655525,-0.07415253669,0.01219335943,-0.01541352179,0.07671279793,0.07671279792656355,-0.06456192061371495,0.01432897535968601,-0.014057084442972732,0.09010075239481252,20.345341417507044,Phase 4 - Return
11.26654125,-0.09949997067,0.03614503145,-0.0370913893,0.112171648,0.112171648031294,-0.0894447867742842,0.032129353284361915,-0.02941919921399966,0.10387471298908961,20.302871863432486,Phase 4 - Return
11.27652725,-0.1150905639,0.05972146243,-0.04943181947,0.1387659747,0.13876597475502617,-0.10562849460261368,0.045358664025512974,-0.03841546555511555,0.11514357494360944,20.24865407310438,Phase 4 - Return
11.28651325,-0.1164509058,0.06509358436,-0.04765788838,0.1416660245,0.1416660245482785,-0.11175659984395997,0.05221023928085009,-0.04030701259911527,0.12017169754160804,20.188053367774433,Phase 4 - Return
11.29649925,-0.1105501503,0.06191159785,-0.03763914108,0.1321782381,0.13217823807621606,-0.10856659955337516,0.052720482378116586,-0.03596908177338597,0.11721549102064456,20.126612135764365,Phase 4 - Return
11.30648525,-0.09054208547,0.04453686625,-0.02107347921,0.1030800331,0.10308003309390949,-0.09828185730726376,0.04862633255294429,-0.02748008469756306,0.10707164020092304,20.069025728820044,Phase 4 - Return
11.31647125,-0.0716149956,0.02283721045,-0.005546386354,0.07537246299,0.07537246299221916,-0.08368052739365277,0.04253623685708165,-0.017320606495712824,0.0924545143754937,20.018558675324453,Phase 4 - Return
11.32645725,-0.05731168762,0.02238047868,0.002321124077,0.06157030925,0.06157030924706506,-0.06718949736188021,0.03678239030927521,-0.007524779748240872,0.0766806406279452,19.97698645660171,Phase 4 - Return
11.33644325,-0.04921837524,0.0294489339,0.001711498247,0.05738133316,0.057381333161242415,-0.05036175932770234,0.03254964636344434,0.0008365534704365984,0.06241700002515144,19.94494599864923,Phase 4 - Return
11.34642925,-0.04279562831,0.03491746634,0.002170627238,0.05527573501,0.055275735007859046,-0.0339216406334413,0.029723609963802314,0.007634297661990487,0.051062409937452306,19.922422736862185,Phase 4 - Return
11.35641525,-0.02804578468,0.04040443152,0.005583411083,0.04950008691,0.04950008690995461,-0.018249784022486438,0.027439862491918574,0.013212920437846585,0.042841429368361425,19.909085999194627,Phase 4 - Return
11.36640125,-0.00891629979,0.03334412724,0.01068150066,0.03613067505,0.03613067505170702,-0.003931444728317963,0.02490861916877621,0.01779703748542123,0.03728524676938845,19.904328791606176,Phase 4 - Return
11.37638625,0.01036285609,0.02376633137,0.01865553856,0.03194145288,0.031941452880142183,0.008002467789233829,0.02200838350167253,0.021113605436088683,0.033721710657071136,19.90708149548882,Phase 4 - Return
11.38637225,0.02208955213,0.01449054107,0.02602982894,0.03708741146,0.037087411455249956,0.01626240141394605,0.019370715234746642,0.02240745697494424,0.03161549000406806,19.91561148668073,Phase 4 - Return
11.39635825,0.02484543808,0.01113804337,0.02540807799,0.03724140478,0.03724140478882392,0.01974753358531402,0.018020185417070966,0.0208057328713765,0.030780403029375077,19.92750148077483,Phase 4 - Return
11.40634425,0.02031646669,0.01453464013,0.02128710225,0.03282004425,0.032820044251591754,0.017963836289905187,0.018867581839288116,0.01582192214425954,0.03145945329787226,19.93987821766121,Phase 4 - Return
11.41633025,0.009568721056,0.02677438408,0.01342311967,0.03144214063,0.031442140626650024,0.011207530390144396,0.02235758986592024,0.0077517431009609,0.034189370320218335,19.949811848990016,Phase 4 - Return
11.42631625,-0.002139333636,0.0329606384,-0.001345173223,0.03305737321,0.03305737320389434,0.000490396482125454,0.028379753538849972,-0.0022124672557125406,0.03943541277630403,19.954746716626495,Phase 4 - Return
11.43630225,-0.01247960888,0.03762542456,-0.01393196732,0.04201800715,0.04201800714602698,-0.012675641498592492,0.03632213884211914,-0.012201058705546643,0.04714387220716049,19.952849138344575,Phase 4 - Return
11.44628825,-0.02588143572,0.03586533666,-0.02460857853,0.05061376518,0.05061376518231783,-0.026495416058041836,0.04507311172009963,-0.02014852341060706,0.056437481474282396,19.943231517448403,Phase 4 - Return
11.45627425,-0.03811243176,0.03633832186,-0.02969066985,0.06045301454,0.06045301453528443,-0.03904864062638709,0.0529383480541913,-0.02437029998734212,0.06562701525496863,19.926069166267407,Phase 4 - Return
11.46626025,-0.04453650862,0.05481560528,-0.02821421437,0.07605454013,0.076054540132647,-0.0484197027378951,0.057702041762541414,-0.024040326535396058,0.07260568268910614,19.90263476279213,Phase 4 - Return
11.47624625,-0.05173686892,0.07626716048,-0.02212014049,0.09477702247,0.09477702247182421,-0.05286976179898538,0.057131106538498906,-0.019421566408743037,0.07556079590535365,19.87524644300358,Phase 4 - Return
11.48623125,-0.05352465063,0.06778339297,-0.01420496032,0.08752860952,0.08752860952443936,-0.05111276409606408,0.04990888528752473,-0.011788628964330267,0.07374042174787392,19.847090517895666,Phase 4 - Return
11.49621725,-0.04878981784,0.05105474591,-0.001224713051,0.07062954996,0.07062954995504596,-0.042698761707002424,0.036512702277621156,-0.0030647947984719036,0.06784097467969026,19.821841470571343,Phase 4 - Return
11.50620325,-0.03807378933,0.0177705586,0.0114508681,0.04354915116,0.04354915116445846,-0.028402760379612722,0.01940999693896365,0.004740897844945411,0.05968743513076096,19.803089251763854,Phase 4 - Return
11.51618925,-0.01947389357,-0.01232390665,0.02020929195,0.03065169957,0.030651699577901655,-0.010420628023888637,0.0023165877474158507,0.010144661223351323,0.05132601758812405,19.793571091303562,Phase 4 - Return
11.52617525,0.006496720016,-0.03419884294,0.01865533739,0.0394941748,0.03949417479244015,0.007840862326627038,-0.011169432638137845,0.01262724729588364,0.04410446606693273,19.79442142767362,Phase 4 - Return
11.53616125,0.03164444119,-0.03078559414,0.01139309723,0.04559524239,0.04559524239734234,0.022478712749822546,-0.018866192634531296,0.012687895987122265,0.03834651007656738,19.804683535965534,Phase 4 - Return
11.54614725,0.04694030806,-0.01730839908,0.002101061866,0.05007382211,0.050073822107414616,0.03017394783912019,-0.020576588221046452,0.011450646054261033,0.0337661011045978,19.821334644833502,Phase 4 - Return
11.55613325,0.04335065931,-0.002468408784,-0.0002904951107,0.0434218504,0.04342185039753555,0.029242250330176592,-0.01770126552538082,0.010004985090528488,0.03020415888893539,19.839920651836024,Phase 4 - Return
11.56611925,0.0232645683,-0.002403161256,0.004053653218,0.02373704755,0.0237370475548141,0.02017337135491673,-0.012241661088150916,0.008834161404692072,0.028067692090899394,19.85564571564811,Phase 4 - Return
11.57610525,-0.002307727467,0.002251200378,0.008292949758,0.008897557243,0.008897557243005848,0.005379700869098796,-0.005837288885817496,0.007643061843908297,0.02813969416973079,19.86454423316109,Phase 4 - Return
11.58609025,-0.02491556853,-0.0007472527213,0.01382406801,0.02850348747,0.02850348747342546,-0.011724941853142046,0.000667755555868579,0.0056613294343039735,0.03096342983784611,19.864317373263148,Phase 4 - Return
11.59607625,-0.03777274489,-0.003240577644,0.01081736013,0.03942457204,0.03942457203539345,-0.02785506778193472,0.007033816123169146,0.0022264884753207814,0.0363241434817004,19.85458276024498,Phase 4 - Return
11.60606225,-0.04241942614,0.0004662764259,0.00223239325,0.04248068629,0.04248068628653392,-0.04067416918641237,0.013074911387985909,-0.00269015945564315,0.04316592871669705,19.83656641517483,Phase 4 - Return
11.61604771,-0.04527819902,0.01350251585,-0.008206684142,0.04795605181,0.04795605181184941,-0.04903003334501071,0.01818628698713166,-0.008298746898694847,0.049870230519300625,19.812493683787636,Phase 4 - Return
11.62603371,-0.04544118419,0.02788971178,-0.01800152473,0.05627425821,0.05627425820360299,-0.05268200917304677,0.021313927130171703,-0.01322934833539627,0.054668254860961454,19.784984473808453,Phase 4 - Return
11.63601971,-0.04362703115,0.03428241238,-0.02202655934,0.05969732793,0.05969732792943072,-0.05183870092872782,0.021419233995052148,-0.016054690479862268,0.056072796958032266,19.75667176630985,Phase 4 - Return
11.64600571,-0.04689553007,0.03030657768,-0.0213937927,0.05979442916,0.059794429149467775,-0.04685192181956877,0.01812780436326949,-0.015839005644304755,0.05328683430435006,19.730026917533177,Phase 4 - Return
11.65599171,-0.04643861204,0.01088547893,-0.01400497556,0.04971094125,0.049710941252135876,-0.03825515975758039,0.012098173736184584,-0.012476550327516723,0.04649664568675383,19.707268018699196,Phase 4 - Return
11.66597771,-0.03924328461,-0.007251712494,-0.002401849255,0.03997988996,0.039979889956337326,-0.027072216176569495,0.004832560439338549,-0.006710923864397869,0.0369266181886165,19.69016765507642,Phase 4 - Return
11.67596371,-0.02133743837,-0.01412400324,0.002688906621,0.02572943767,0.02572943766454169,-0.015087913258271895,-0.0019420073032039473,0.00010647879119171847,0.026593298145202077,19.67969492699225,Phase 4 - Return
11.68594871,-0.0004481356591,-0.003398121567,0.003317412455,0.004770039953,0.00477003995262688,-0.00474146574613772,-0.006882431649702114,0.006348264763605947,0.017811259593463132,19.675610940481107,Phase 4 - Return
11.69593471,0.01335892081,0.0008855648339,0.008334256709,0.01577037809,0.015770378092309734,0.0014632825776937875,-0.009258573656718156,0.01039334299065493,0.012624468598811531,19.676261475098595,Phase 4 - Return
11.70592071,0.01150189899,-0.006249842234,0.009963578545,0.01645074788,0.016450747878088628,0.001793929081586219,-0.008827438308265595,0.010859259999681126,0.012375660732604115,19.678781641267697,Phase 4 - Return
11.71590671,-0.0009622364305,-0.00889201276,0.01160774752,0.01465379106,0.014653791057615443,-0.004050133222036945,-0.005681302462234543,0.006868441398489886,0.017489637366054446,19.679724541424868,Phase 4 - Return
11.72589271,-0.01490628161,-0.01170697436,0.007814873941,0.02050177394,0.020501773943150444,-0.014763222879949384,-0.00030337384084240407,-0.0016361357186497054,0.027370360458597226,19.675930807525766,Phase 4 - Return
11.73587871,-0.02821172401,-0.0002115834504,-0.009192539379,0.02967235952,0.02967235951870628,-0.02776861291427072,0.006272331927065015,-0.013654397270598315,0.04035034545544299,19.665351742493993,Phase 4 - Return
11.74586471,-0.04145402834,0.01737593114,-0.02678431571,0.05232359904,0.05232359904143156,-0.0398763951727179,0.012495013904246921,-0.027166529494038954,0.05382471408350361,19.64758835570089,Phase 4 - Return
11.75585071,-0.05034428462,0.02618517727,-0.04520455375,0.07255110049,0.07255110048991353,-0.04805235496672609,0.016691558898456995,-0.039539100841589375,0.06475104642723989,19.624022240055783,Phase 4 - Return
11.76583671,-0.05878384039,0.02539608255,-0.05423240364,0.0839145667,0.08391456670003901,-0.05015323881735725,0.017670353665233906,-0.048192678225723165,0.0704895297847164,19.597516147311282,Phase 4 - Return
11.77582271,-0.056122832,0.01581002399,-0.05628479645,0.08104139338,0.08104139338438432,-0.045507222257297045,0.015187368388414595,-0.05128086356928894,0.06967263327070157,19.571738160602,Phase 4 - Return
11.78580771,-0.04282913357,0.009046393447,-0.04945804924,0.06604748709,0.06604748709361387,-0.03517589793923894,0.010025763122265524,-0.04814393432197012,0.0626835495095336,19.550247011370434,Phase 4 - Return
11.79579371,-0.01867866702,0.002515008673,-0.04189449549,0.04593872683,0.045938726828580384,-0.02172765456402056,0.0037000049184705217,-0.039430806378754665,0.051492129675974226,19.53555651685071,Phase 4 - Return
11.80577971,0.002170156687,-0.004710413516,-0.02795097977,0.0284280644,0.02842806440193907,-0.00849453452697674,-0.0020332456564162685,-0.026918025383185388,0.03893028085968641,19.52849896880027,Phase 4 - Return
11.81576571,0.01331078261,-0.01012883615,-0.01312177628,0.02125914552,0.021259145518731367,0.0014563709686006468,-0.005672768153050479,-0.013111383422099996,0.027765228307201243,19.528073856397835,Phase 4 - Return
11.82575171,0.01395500079,-0.01332542859,0.001744255191,0.01937399082,0.01937399082087685,0.006220118358579871,-0.006352876545059626,-0.0007097569898391474,0.019978184133250275,19.53185827991956,Phase 4 - Return
11.83573771,0.003720878391,-0.004470569547,0.01462574583,0.0157398656,0.015739865601679604,0.005455525618159812,-0.004006951407226395,0.007988542002833181,0.016467176411546342,19.536786772913707,Phase 4 - Return
11.84572371,-0.003811073955,0.005172203761,0.0175874494,0.01872416494,0.018724164943552016,0.00019286913139648346,0.0007492641831275416,0.011620173726045837,0.017134053973741504,19.539991003545495,Phase 4 - Return
11.85570971,-0.01055541821,0.01613809168,0.0141392732,0.02391179423,0.023911794229716916,-0.007762730374770978,0.006961505590818523,0.010081646964235455,0.02117775061224148,19.539413784224653,Phase 4 - Return
11.86569571,-0.02476391569,0.01376281772,0.004356150515,0.02866431089,0.028664310897084357,-0.016518950584301646,0.013706265359756978,0.004525181145624746,0.027424459350450816,19.534055683832513,Phase 4 - Return
11.87568171,-0.02938512526,0.01663534343,-0.002406367101,0.03385278187,0.03385278186803426,-0.024616031071681695,0.02026232813492181,-0.0029883283304422297,0.03458961877259388,19.52387622779739,Phase 4 - Return
11.88566671,-0.02800800465,0.02373959124,-0.01639648527,0.0402102132,0.04021021320418524,-0.031234426676289367,0.02602935312297817,-0.010078404451539692,0.041439015542581156,19.50948844127706,Phase 4 - Return
11.89565271,-0.03306172043,0.02115783095,-0.02346397191,0.04573061498,0.04573061497611339,-0.03607394924120808,0.03034439318242187,-0.014706368316037822,0.04688570303572447,19.491821357483545,Phase 4 - Return
11.90563871,-0.034601558,0.03704278916,-0.01675333828,0.05338642513,0.0533864251313355,-0.03903593740564704,0.03241157826117351,-0.015709677511530677,0.05008716239839292,19.471922434452406,Phase 4 - Return
11.91562471,-0.03495268524,0.03341847286,-0.01699400321,0.05125700614,0.05125700614435612,-0.039925824619109956,0.03146355379739252,-0.013037538271023877,0.05056846532867218,19.450921575282862,Phase 4 - Return
11.92561071,-0.03650477529,0.03516311198,-0.005154920742,0.050947191,0.050947191001543116,-0.03835393001056899,0.027098444191814747,-0.007632581081965293,0.048332002687009566,19.43011582330697,Phase 4 - Return
11.93559671,-0.03981436789,0.02393895574,0.002141750883,0.04650639299,0.04650639299329473,-0.03390240492320311,0.019594057223657278,-0.001043326314318629,0.04388653119470178,19.411033238149454,Phase 4 - Return
11.94558271,-0.03358843178,0.01174327731,0.00862548314,0.03661265178,0.03661265178620225,-0.02649327515734362,0.00998892154726572,0.005072755248809159,0.038149684074066534,19.395343723360433,Phase 4 - Return
11.95556871,-0.02372132428,-0.006555876695,0.01426441316,0.02844563635,0.028445636354916422,-0.016759966351294727,-0.00016146690840496502,0.00938886158860934,0.032225043761476314,19.384558280149413,Phase 4 - Return
11.96555471,-0.009614560753,-0.01980563439,0.01124518737,0.02472159322,0.024721593214230474,-0.006176437074638431,-0.009263529568487888,0.011163403824487928,0.027119829525517027,19.379585033830814,Phase 4 - Return
11.97553971,0.007433903404,-0.01640004478,0.00830456242,0.01982902281,0.019829022809853346,0.003204728041908099,-0.016154215062824256,0.01025968359109464,0.02352069893498702,19.38032316997861,Phase 4 - Return
11.98552571,0.01887351088,-0.01680164784,0.005130873527,0.02578431008,0.02578431007855212,0.009359349575451889,-0.02030893703151813,0.006978946986721377,0.021726246385637665,19.385505824138193,Phase 4 - Return
11.99551171,0.02094569802,-0.01752044819,-0.001002015895,0.02732567303,0.02732567302331891,0.01100503755829918,-0.021734289971376743,0.0018281066792260028,0.021738907992246464,19.392919973895,Phase 4 - Return
12.00549771,0.01192770153,-0.01790953428,-0.005496632773,0.02220888231,0.022208882316687554,0.008092616796230995,-0.02072204893541094,-0.004653513338847575,0.023404472821060122,19.399971739490802,Phase 4 - Return
12.01548371,0.0004458311014,-0.02030638419,-0.01005983539,0.02266601624,0.022666016242753245,0.0018347634754389917,-0.017689785558923393,-0.011943183870714125,0.02645777576802513,19.404400093002987,Phase 4 - Return
12.02546971,-0.011093379,-0.01821766794,-0.01683012396,0.02716982803,0.02716982803255683,-0.00574032115344926,-0.013192124273680184,-0.019473373186602288,0.03044700164696964,19.404871149683995,Phase 4 - Return
12.03545571,-0.02049165592,-0.01218612865,-0.02328972518,0.03332898127,0.03332898127422961,-0.012498990822546881,-0.008009752099388676,-0.026541200687988358,0.03465486284752567,19.401241637081124,Phase 4 - Return
12.04544171,-0.02098460682,-0.002110324334,-0.03126322851,0.0377120226,0.03771202260623447,-0.016873218859455374,-0.0031442510084476695,-0.03229529877219418,0.03815241569304953,19.394427249293095,Phase 4 - Return
12.05542771,-0.02046745457,0.007163673639,-0.03987908736,0.04539357361,0.04539357361177493,-0.018249788511548893,0.0003833657211705722,-0.035867482599286765,0.0400174875253929,19.385967685798054,Phase 4 - Return
12.06541271,-0.01576005109,0.005225958303,-0.04031158611,0.0435971768,0.04359717680364234,-0.01698819514492681,0.0018650094561568809,-0.03662436621878442,0.03963474185133319,19.377476080573274,Phase 4 - Return
12.07539871,-0.01104211807,0.003360396251,-0.03679186851,0.03855985247,0.038559852474986014,-0.014137192822725266,0.001180366891174198,-0.034421881171472456,0.03693289902586219,19.370160147350752,Phase 4 - Return
12.08538471,-0.008980296552,0.0009880526923,-0.03033716232,0.03165383692,0.03165383692247517,-0.011011045269261485,-0.0011459166666363976,-0.029728331476430173,0.03243759598551153,19.364554144176964,Phase 4 - Return
12.09537071,-0.007760209497,-0.008518142626,-0.023096608,0.02581148787,0.02581148787536029,-0.008787086950942168,-0.004134354384877345,-0.023557118293310034,0.027120975052296475,19.360478687665776,Phase 4 - Return
12.10535671,-0.007494159508,-0.01049979962,-0.01657958701,0.02100692563,0.021006925624985198,-0.00822019321384702,-0.006701238303258839,-0.017246180057100546,0.022131099207761712,19.357201632046383,Phase 4 - Return
12.11534271,-0.007489047013,-0.01080479473,-0.01199266221,0.01779475657,0.01779475656488512,-0.009490132913610682,-0.008022081123247326,-0.012164220635585251,0.018508798437466813,19.35372345056563,Phase 4 - Return
12.12532871,-0.009370836429,-0.008865213953,-0.006835184526,0.01459877876,0.014598778761115917,-0.012161434054149057,-0.007762117019979423,-0.009412011416965066,0.016960175211678183,19.349117767469178,Phase 4 - Return
12.13531471,-0.0132419616,-0.003681748174,-0.006448132917,0.01518167431,0.015181674306476404,-0.01525283449524658,-0.006105437207806119,-0.009564936335999452,0.017713784799828495,19.34286350322597,Phase 4 - Return
12.14529971,-0.01671152748,-0.004096668679,-0.009972027503,0.01988716112,0.019887161122213576,-0.017439386072424484,-0.0036217075570476654,-0.012503542796548155,0.02048392602394169,19.33510011144323,Phase 4 - Return
12.15528571,-0.02129444107,-0.002246201038,-0.01422787271,0.02570857837,0.025708578362849583,-0.017396643084201285,-0.001064488717259226,-0.01738830838711056,0.024558012662843937,19.326722646052183,Phase 4 - Return
12.16527171,-0.0214973744,0.001861990895,-0.02228846215,0.03102224462,0.03102224461896368,-0.014232397284158285,0.0008324876211563868,-0.022821164469990118,0.028990630832399975,19.319262629045248,Phase 4 - Return
12.17525771,-0.01216535643,0.004207277671,-0.03168832883,0.03420303008,0.03420303007787536,-0.00786839935480058,0.0015490553824950345,-0.027192574854255185,0.032837227402097185,19.314528431300584,Phase 4 - Return
12.18524371,-0.002951884177,0.005792125128,-0.03520796075,0.03580311207,0.03580311206957257,0.0008002878580149092,0.0009502946793046996,-0.029142205385627055,0.03534624763597412,19.314094751457002,Phase 4 - Return
12.19522971,0.01100196969,0.0008744429797,-0.03283917531,0.0346441831,0.03464418309940846,0.01007644971504067,-0.0006267555180483968,-0.027981902651239125,0.036065463937460206,19.318794695043117,Phase 4 - Return
12.20521571,0.02479421347,-0.003757592989,-0.02567446977,0.03588942636,0.03588942636261487,0.01793675589625206,-0.002451239057799328,-0.023906055559001414,0.03487432917222493,19.32839700216993,Phase 4 - Return
12.21520171,0.02926549874,-0.006867358927,-0.01749029197,0.03477844661,0.034778446606037974,0.022653965343496223,-0.0036552422584116583,-0.017892396281339033,0.03198072408919863,19.34159745763816,Phase 4 - Return
12.22518771,0.02768358029,-0.008684966713,-0.006895705126,0.02982213966,0.02982213965602631,0.023330429973830096,-0.0035787775573512632,-0.011329633950382561,0.027891353525834092,19.356340923666636,Phase 4 - Return
12.23517271,0.02147572301,-0.004890820011,0.001815799158,0.02210031506,0.02210031506029801,0.02013907677420163,-0.0020523129732103957,-0.005517807697407915,0.023317512693905678,19.370363531470456,Phase 4 - Return
12.24515871,0.01217676327,-0.004107850604,0.003142585978,0.01322965785,0.01322965785451485,0.014205012499873129,0.0005168831155753257,-0.0012400057809416076,0.01898871880872646,19.381776964039197,Phase 4 - Return
12.25514471,0.006886906922,0.009856689721,-8.559343405e-05,0.01202460583,0.012024605833220108,0.007212085971660001,0.0033154416220983556,0.001416318968308695,0.015432489518978057,19.389492271168088,Phase 4 - Return
12.26513071,-0.001731614582,0.0146240145,-0.0004491150612,0.01473302391,0.014733023908722945,0.0008886850483148975,0.005498593459731977,0.002926473339616545,0.012850362658050455,19.39339807227457,Phase 4 - Return
12.27511671,-0.009563583881,0.009367751889,0.0004173920024,0.01339369733,0.013393697330701988,-0.003489606278912814,0.006580336337376789,0.003987718286037236,0.011176602501783794,19.394242356515623,Phase 4 - Return
12.28510271,-0.01357989758,0.003762862645,0.004575385712,0.01481576552,0.014815765521295212,-0.005470929911455012,0.006601941572128743,0.005165063898890319,0.0102696423255369,19.393267295927735,Phase 4 - Return
12.29508871,-0.0074386755,-0.00272465637,0.005966925528,0.00991775407,0.00991775406962584,-0.00555346441329473,0.005990154015167182,0.006670244042176441,0.01009055532234622,19.391701811289302,Phase 4 - Return
12.30507471,-0.001204748172,0.007023045793,0.007067610044,0.01003621951,0.01003621951247391,-0.00496896091864906,0.005258967087728972,0.008305080909038136,0.010749967739583196,19.39027992884961,Phase 4 - Return
12.31505971,0.004111499526,0.008052246645,0.006156371441,0.0109381906,0.010938190604655434,-0.005156369995137989,0.004793674158584738,0.009531319239649323,0.012410699792558471,19.388971777329886,Phase 4 - Return
12.32504571,0.0007974617183,0.005134221166,0.010663772,0.01186221756,0.011862217560032372,-0.00714405527719478,0.00480364488779606,0.009640160504947638,0.015123799952644177,19.387041248530643,Phase 4 - Return
12.33503171,-0.01104623079,0.004993077368,0.01253425237,0.01743724516,0.017437245159245437,-0.011140789105916416,0.005344108575244225,0.008017854698122193,0.018699904417848825,19.383398710115678,Phase 4 - Return
12.34501771,-0.02029379085,0.003819155507,0.01074194442,0.02327688265,0.023276882647222354,-0.016521267230302818,0.006294929429887087,0.004460428350687245,0.02268853075490249,19.377073559280834,Phase 4 - Return
12.35500371,-0.0277654361,0.00402219221,0.004124407656,0.02835680184,0.028356801838540245,-0.02215180154869805,0.00729977800572455,-0.0005954019723299876,0.026480172910292827,19.36759840193209,Phase 4 - Return
12.36498971,-0.02850127034,0.003807807341,-0.006877110805,0.0295654606,0.029565460604634337,-0.026819136925536852,0.007753690142720529,-0.006081467860537959,0.029482512108991908,19.35517725239708,Phase 4 - Return
12.37497571,-0.02844281308,0.01025884785,-0.0150903184,0.03379282889,0.03379282889203932,-0.02953061631570511,0.0069294507797556274,-0.010607877357413488,0.03129320881925001,19.340645187566892,Phase 4 - Return
12.38496171,-0.02477670647,0.01163756661,-0.02056604438,0.03423857943,0.034238579432313725,-0.029611181805818704,0.004262921167164111,-0.012971353139043086,0.031809501144658796,19.325314380604155,Phase 4 - Return
12.39494671,-0.02471523732,0.004876529798,-0.01891127974,0.03150015873,0.03150015873069908,-0.026691824780739337,-0.00031042807061805634,-0.012637929673070288,0.031239376440890865,19.310797142859997,Phase 4 - Return
12.40493271,-0.02410776913,-0.004016829655,-0.01134923287,0.02694669812,0.026946698121294136,-0.020744778111625964,-0.006169591211376091,-0.009969193226424438,0.029998423714684596,19.298814932714304,Phase 4 - Return
12.41491871,-0.0194749888,-0.01508140191,-0.002838464919,0.02479477275,0.02479477274401745,-0.0122347730947945,-0.01212324474338572,-0.0060773156375332725,0.028524682581565906,19.29096856450133,Phase 4 - Return
12.42490471,-0.009026873857,-0.02500167675,0.0051467577,0.02707503291,0.027075032904212506,-0.0022892689190780317,-0.016801021449246657,-0.0023759379949371256,0.027106849736005002,19.288401908256347,Phase 4 - Return
12.43489071,0.006261415314,-0.0237969663,0.005799877923,0.02528120865,0.025281208648706498,0.00731509698364978,-0.019126634691565204,-4.6876896062598e-05,0.02582528683905168,19.291428036363662,Phase 4 - Return
12.44487671,0.01965658367,-0.01538004726,0.0007183006965,0.02496884241,0.024968842407811713,0.014493479507776023,-0.018632229769249636,0.00032156396217040994,0.024632713055191185,19.299255336673852,Phase 4 - Return
12.45486271,0.02636223659,-0.01646901667,-0.005231076851,0.03152078986,0.031520789855664165,0.017470740207619292,-0.015490765220282752,-0.0012192148404625359,0.023519765334271733,19.309987941330444,Phase 4 - Return
12.46484871,0.02310066298,-0.008460092358,-0.007415934466,0.02569454955,0.025694549554826588,0.015434905757111803,-0.01033006225860993,-0.004196029761677069,0.02265805891489626,19.320989867162826,Phase 4 - Return
12.47483371,0.01462695375,-0.001620727824,-0.01215688512,0.01908833126,0.01908833126559271,0.008928416862972174,-0.003978905387480842,-0.008002221474620772,0.02239215247640425,19.329547166678836,Phase 4 - Return
12.48481971,3.803055733e-06,0.005534120835,-0.01017549261,0.01158305477,0.011583054767019737,-0.00021729317557625736,0.0027425616700536976,-0.012065829392907382,0.02302622100982909,19.333627576150185,Phase 4 - Return
12.49480571,-0.01567550935,0.008524918929,-0.01166807115,0.02131993716,0.021319937159603033,-0.009410346515341391,0.009128554236699749,-0.01582749358965277,0.024539850034496134,19.332461672042403,Phase 4 - Return
12.50479171,-0.02541282587,0.0100857988,-0.01358421519,0.0305297553,0.03052975529645217,-0.016111377377872625,0.014569332049345048,-0.01860555408736901,0.02648937499421321,19.32674882286214,Phase 4 - Return
12.51477771,-0.02843622863,0.01308584586,-0.01614898257,0.0352228349,0.035222834903162956,-0.01862922178686192,0.01846278599567104,-0.019517174077619354,0.028223206968171818,19.318398657875818,Phase 4 - Return
12.52476371,-0.01902834699,0.02089476585,-0.01972294413,0.03446249779,0.03446249779475176,-0.016589005981324716,0.02018781514713123,-0.01760564182783321,0.029266283578834002,19.309911853936455,Phase 4 - Return
12.53474971,-0.006072474644,0.02457753755,-0.02053925022,0.03260047699,0.032600476989201446,-0.010898924816154698,0.019253444926847867,-0.01220029656643866,0.029588222761853758,19.303636516557376,Phase 4 - Return
12.54473571,0.003930891398,0.0223170463,-0.01220808364,0.02573984788,0.025739847880289615,-0.003281532057451181,0.015595286172498791,-0.0033684587350952793,0.029565922633264026,19.30116815240275,Phase 4 - Return
12.55472071,0.008307706565,0.01366066374,0.003233266296,0.01631213454,0.016312134536238487,0.004356293844832847,0.009837015663615308,0.0077961537741972325,0.029667677034436728,19.303063778207374,Phase 4 - Return
12.56470671,0.01073837373,0.003147568554,0.02256355435,0.02518598505,0.025185985052657515,0.010408762058620822,0.003314035059930133,0.019269812509632056,0.030088547866250683,19.308876083452553,Phase 4 - Return
12.57469271,0.01193925459,-0.003993179183,0.03256661817,0.03491526743,0.03491526742247515,0.013763154422508729,-0.002215085987396703,0.028610230231950858,0.030640691571590602,19.317379482931717,Phase 4 - Return
12.58467871,0.009086742997,-0.01029341947,0.04286506027,0.0450104074,0.045010407403506536,0.013755010766230162,-0.005080563060988243,0.03369387542449778,0.031034507369883935,19.32684016997011,Phase 4 - Return
12.59466471,0.007544370368,-0.01181934495,0.04085275531,0.04319215271,0.04319215270990068,0.010057915035651782,-0.0042531910808577215,0.03338577464163882,0.031344623585729335,19.3352408701758,Phase 4 - Return
12.60465071,0.00559786614,-0.004983809311,0.03012261353,0.03104104229,0.031041042289966812,0.0026698246256716875,0.00026389127012090783,0.0278863898195493,0.03223388556591402,19.340470344417298,Phase 4 - Return
12.61463671,-0.001323468052,0.007087877486,0.01651057042,0.0180163401,0.0180163400982272,-0.00795098464681132,0.007362203424296042,0.018633891840148294,0.03464700311807878,19.34054787176902,Phase 4 - Return
12.62462271,-0.01325975545,0.01941165514,0.003503158456,0.02376774262,0.02376774261548491,-0.020703586342884633,0.015123913720051611,0.007821119221043076,0.03911435174924962,19.333938784498734,Phase 4 - Return
12.63460771,-0.03206733242,0.02652798966,-0.008524732664,0.04248198572,0.04248198572252147,-0.03382165954135264,0.02137990606622646,-0.0022643573331285016,0.045175005604589535,19.31993007374432,Phase 4 - Return
12.64459371,-0.05135900527,0.02661454119,-0.01177006029,0.05903063225,0.05903063225401139,-0.045168762735927,0.024311347509375268,-0.009831112077417728,0.05138768010123868,19.298921015512004,Phase 4 - Return
12.65457971,-0.06311782449,0.025652349,-0.01471523102,0.06970251647,0.06970251646490402,-0.052816060199804594,0.02289221096526568,-0.013937270517326168,0.05596263233527075,19.27247808041209,Phase 4 - Return
12.66456571,-0.06304644793,0.01708469167,-0.01599674486,0.06725055489,0.06725055488369673,-0.0556519748889397,0.017085172596189344,-0.014569107741498348,0.0576014848707722,19.243036130758323,Phase 4 - Return
12.67455171,-0.05387602746,0.009351717308,-0.01350330189,0.05632424091,0.05632424090400064,-0.053705835504965396,0.007813994255865615,-0.012507475155127885,0.05602447606587833,19.213339636118636,Phase 4 - Return
12.68453771,-0.04213095456,0.0005020326935,-0.007931170054,0.0428739178,0.042873917798442386,-0.04802027264091376,-0.003224870355756722,-0.00906271038785729,0.05191998480853656,19.185826402275207,Phase 4 - Return
12.69452371,-0.03101668693,-0.01232587546,-0.005774790421,0.03387196892,0.033871968917905206,-0.04017860908834588,-0.013875837194275265,-0.005732225401832494,0.04645106364129275,19.162183007971855,Phase 4 - Return
12.70450971,-0.03036580794,-0.02892802097,0.001167271752,0.04195563385,0.04195563385807374,-0.031788418229381714,-0.02196351943514903,-0.0038275127678086425,0.04072596480524384,19.1431831873085,Phase 4 - Return
12.71449471,-0.02882838249,-0.03439905122,0.0005181254819,0.04488472809,0.04488472809142232,-0.02420052367931035,-0.02581746393365547,-0.0041388605543873245,0.03559145474528266,19.12875578750766,Phase 4 - Return
12.72448071,-0.02629252151,-0.02888151258,-0.002571141347,0.03914140038,0.039141400384870795,-0.018518316436779633,-0.024722270450881826,-0.0067350417831702585,0.03176925737475971,19.118123224685824,Phase 4 - Return
12.73446671,-0.01697010919,-0.01861865819,-0.013317395,0.02849547417,0.028495474172271665,-0.015704697477022342,-0.019081594429800605,-0.010993388026744379,0.03003445045808904,19.109921129363432,Phase 4 - Return
12.74445271,-0.01042299345,-0.007231780328,-0.02190369368,0.0253122349,0.025312234907223473,-0.016539236434259467,-0.010209334373887907,-0.015876409566027493,0.031142787646166434,19.102285204947837,Phase 4 - Return
12.75443871,-0.0129308477,0.005210131407,-0.02481363341,0.02846170576,0.028461705755710977,-0.02136419882919395,0.0001383677734183694,-0.02033383789990579,0.03550552174847948,19.093030222682888,Phase 4 - Return
12.76442471,-0.02741391584,0.01248855144,-0.02465704083,0.03892886283,0.03892886283009582,-0.029803131144180355,0.010271092166514372,-0.023623732258410166,0.042860567513818344,19.079980734240326,Phase 4 - Return
12.77441071,-0.04376358166,0.02084950358,-0.02376638539,0.05398883175,0.053988831750186324,-0.04070082594587641,0.01892720275249097,-0.025403248031158284,0.05219277195082378,19.061399465528613,Phase 4 - Return
12.78439671,-0.05710548535,0.02548447065,-0.02301776968,0.0666356693,0.0666356692951403,-0.052363870664178136,0.025415834568838978,-0.025594475875289933,0.06197339028001192,19.03636406947705,Phase 4 - Return
12.79438171,-0.06403215975,0.02689210139,-0.02141979709,0.07267812812,0.07267812811841216,-0.06295774926704022,0.029566090924379094,-0.024152787830724966,0.0705905856500692,19.004964605827,Phase 4 - Return
12.80436771,-0.06401059031,0.02947296947,-0.01876435988,0.07292539204,0.07292539203131082,-0.07085797103815596,0.03157362092383468,-0.020883576594184904,0.0767712228568191,18.96827124546427,Phase 4 - Return
12.81435371,-0.07437419146,0.03185814247,-0.01509566419,0.08230638295,0.08230638294995597,-0.07489331263585595,0.03185200590725879,-0.015398252952790027,0.07988580389079217,18.928163385067663,Phase 4 - Return
12.82433971,-0.084811382,0.0307662487,-0.006432933733,0.09044841188,0.09044841188342306,-0.07457388683394958,0.03096620791560339,-0.007229416799264633,0.08015351300760534,18.886992483554483,Phase 4 - Return
12.83432571,-0.07938957959,0.03840270638,-0.0002586133778,0.08819036278,0.08819036277090946,-0.07035027849837158,0.02965014655154705,0.003930824306844579,0.07874033523546507,18.847121243375838,Phase 4 - Return
12.84431171,-0.06997504085,0.03017327376,0.01239939127,0.0772054253,0.077205425296553,-0.06374192793447532,0.028820186590898685,0.01794813477516506,0.07760221629952896,18.810348786462484,Phase 4 - Return
12.85429771,-0.05270020291,0.02620474994,0.03079124726,0.06642364951,0.06642364950828553,-0.057085877417555886,0.02945221947062275,0.03403723631877649,0.07892230781623377,18.777370980588227,Phase 4 - Return
12.86428271,-0.0406408757,0.02498422377,0.04911299795,0.06846881613,0.06846881613325141,-0.05284313085947588,0.03226806605377492,0.05075406306167245,0.08424807833803506,18.74751406907571,Phase 4 - Return
12.87426871,-0.03942228854,0.02660028264,0.07307526469,0.08718764924,0.08718764923871077,-0.05270808720639005,0.037358929034709214,0.066244977016081,0.09373418841082101,18.718906556097917,Phase 4 - Return
12.88425471,-0.0497492291,0.0419787094,0.08005061746,0.1031760592,0.1031760592126933,-0.05695084054110822,0.044004955638609185,0.07867644186246327,0.10593070455789409,18.689123918460012,Phase 4 - Return
12.89424071,-0.06886314601,0.06884344667,0.091450423,0.1335841791,0.1335841790582951,-0.06434413727442344,0.050883228545909896,0.08666879218396484,0.1182656244676982,18.656012464902513,Phase 4 - Return
12.90422671,-0.08776013553,0.06192455441,0.08643995225,0.1378707988,0.13787079883754683,-0.07271385098606374,0.05657877162370814,0.08957475407316348,0.12797346552057517,18.618391563568235,Phase 4 - Return
12.91421271,-0.08087024838,0.05507744849,0.0939175114,0.1356245603,0.13562456028603606,-0.07979472403254854,0.06003997806790917,0.08755258178050611,0.1329873137381654,18.57635059194663,Phase 4 - Return
12.92419871,-0.08417896181,0.04645386711,0.08014790714,0.1251708688,0.12517086881461292,-0.08394288352914016,0.06069219279097753,0.08146960357660901,0.1324028551708919,18.53109724309456,Phase 4 - Return
12.93418471,-0.09024715424,0.06748954952,0.0741045475,0.1348735411,0.13487354115248343,-0.08445706042746956,0.058314911300710266,0.07267390497359033,0.1264652013114884,18.48451010317739,Phase 4 - Return
12.94416971,-0.08001795411,0.05529387295,0.05647096038,0.1124689056,0.11246890562284466,-0.08154545825931864,0.05300009624627496,0.06265766520388535,0.11628924281866315,18.438613410036222,Phase 4 - Return
12.95415571,-0.07219943404,0.05509018898,0.04814145714,0.1027875824,0.10278758238771298,-0.0760716827629038,0.04528305650195949,0.05267989664977178,0.10349590706124101,18.395110990952666,Phase 4 - Return
12.96414171,-0.06659481674,0.03576283157,0.04043613374,0.0857259042,0.08572590419690854,-0.06919327429134976,0.036228696457779506,0.043481581124557564,0.08982538092162415,18.355142257818713,Phase 4 - Return
12.97412771,-0.06099325046,0.02130623907,0.03614422679,0.07403065281,0.07403065280835526,-0.06201878932706028,0.027247840390238347,0.03522151320251056,0.07678416453897102,18.319193745903476,Phase 4 - Return
12.98411371,-0.0554413572,0.0114541417,0.03230820969,0.06518252728,0.06518252728787585,-0.05539369541586617,0.019656405422312163,0.027659131759285513,0.06541631735109682,18.28719298752795,Phase 4 - Return
12.99409971,-0.05081413686,0.01007940993,0.02602645382,0.05797454017,0.057974540169012,-0.049834999704524215,0.014213286382002841,0.02047423962125679,0.056247413840070155,18.258677741213592,Phase 4 - Return
13.00408571,-0.04424038902,0.01082802378,0.01495675743,0.04793915636,0.04793915635929613,-0.04555797346517878,0.010906156192725294,0.013535617088394836,0.04936750666022983,18.23297627686294,Phase 4 - Return
13.01407071,-0.04178671911,0.01254124008,0.005398424808,0.04396084152,0.04396084151981019,-0.04253536462874686,0.009093149779731507,0.006966435459813009,0.04457771760179435,18.209365440883992,Phase 4 - Return
13.02405671,-0.04057098553,0.01265469193,-0.002925551264,0.04259935381,0.042599353808678464,-0.04057143181915809,0.007898241835682586,0.0009866290832018672,0.041552763331970215,18.18717877927338,Phase 4 - Return
13.03404271,-0.04090285674,0.01128274109,-0.009258910082,0.04342892299,0.04342892298806752,-0.03940179101466483,0.006646073534146735,-0.004348073063132392,0.040010911590037994,18.165888563593377,Phase 4 - Return
13.04402871,-0.04070951045,0.006832065992,-0.01288853213,0.0432441398,0.043244139802564516,-0.03881415806381887,0.0051386015539548755,-0.009332735722567674,0.039865335539059764,18.145101064970934,Phase 4 - Return
13.05401471,-0.04066502303,0.001210764982,-0.01227587182,0.04249478884,0.0424947888430233,-0.03874852129587723,0.003675791548026472,-0.014589474594333043,0.04128499068589882,18.12450045233015,Phase 4 - Return
13.06400071,-0.03917817771,-0.0007863393985,-0.01547512691,0.04213107513,0.042131075125215835,-0.039322694225389344,0.0028528094930049992,-0.020811649794236425,0.04459876228591991,18.103754358769265,Phase 4 - Return
13.07398671,-0.03966922313,0.004353984259,-0.0252775941,0.04723940311,0.047239403109583224,-0.040757040545852094,0.0032666252076138124,-0.02839146776638292,0.05005380659254987,18.08243367238564,Phase 4 - Return
13.08397171,-0.04057949036,0.004811248742,-0.03406123072,0.05319784385,0.05319784385194386,-0.043224069512793596,0.005269077581809897,-0.03711912097763561,0.057529346986210914,18.059999135860945,Phase 4 - Return
13.09395771,-0.04454000667,0.007983984426,-0.04474152625,0.06363458472,0.06363458472134233,-0.04669290887106713,0.008815829041535588,-0.04609369078706653,0.06634192691139772,18.03586423219988,Phase 4 - Return
13.10394371,-0.04990068078,0.008190380409,-0.0533137098,0.07348137128,0.07348137128681125,-0.05084848362431514,0.013388778118152922,-0.053875663738345514,0.07524382445302115,18.009548152716818,Phase 4 - Return
13.11392971,-0.05780825019,0.011048696,-0.05909045786,0.08339993815,0.08339993815006391,-0.055131344871667376,0.01799749171490976,-0.058832551299909365,0.08264638069388243,17.9808180237985,Phase 4 - Return
13.12391571,-0.05815019459,0.01889783144,-0.06598724425,0.08996048892,0.08996048892540923,-0.05888044833910729,0.02134708610819337,-0.059598117788565164,0.08702693985375498,17.94979012786716,Phase 4 - Return
13.13390171,-0.06229634583,0.03565583378,-0.06315819174,0.09560925881,0.09560925880993196,-0.0615128397920157,0.022266903262896747,-0.055535289151274404,0.08741457627189483,17.916936627735307,Phase 4 - Return
13.14388771,-0.06218475848,0.03587954119,-0.0525052771,0.08894430722,0.08894430721844217,-0.06268350761308532,0.0203295631591717,-0.04704444238538124,0.0837984190385198,17.88299515666999,Phase 4 - Return
13.15387371,-0.06459297985,0.02201506868,-0.03780084476,0.07801166681,0.07801166681629897,-0.06241182602173098,0.016336410072326918,-0.03554951121959327,0.07728968076396302,17.84879650557747,Phase 4 - Return
13.16385871,-0.06426993757,0.008940547705,-0.01765190065,0.06724691715,0.06724691714178836,-0.06117472793166248,0.012280385347393882,-0.023088469049435317,0.06994612185367871,17.815032864334075,Phase 4 - Return
13.17384471,-0.0655162707,-0.002148439642,-0.001084174495,0.06556045266,0.06556045266520515,-0.059933473900445663,0.010676274240926443,-0.011609041844387477,0.06431656300362075,17.781974843244072,Phase 4 - Return
13.18383071,-0.05922189355,0.0005386900157,0.009370863438,0.05996112027,0.05996112027100721,-0.06002137527102625,0.013559027419774852,-0.002237881044225251,0.0628596825815594,17.74924677077711,Phase 4 - Return
13.19381671,-0.05769408122,0.01808956452,0.00993216224,0.06127387044,0.06127387044332095,-0.06283769200620022,0.021655819146602136,0.005139035568746179,0.06737321190019312,17.715687865905007,Phase 4 - Return
13.20380271,-0.06318551302,0.03213134408,0.007135044783,0.0712442362,0.07124423620225959,-0.06939972557698036,0.034112774689022345,0.011746346068270805,0.07853215666926146,17.679446022955513,Phase 4 - Return
13.21378871,-0.07661639899,0.05512480438,0.00931494683,0.09484505726,0.09484505725958453,-0.07992901772261744,0.04883534557598143,0.019259010971476687,0.09564952363319904,17.638314730682655,Phase 4 - Return
13.22377471,-0.09188722819,0.07006461173,0.0156862922,0.1166120589,0.11661205891459324,-0.09366276986700607,0.06321589974104887,0.028912855223245243,0.1167577211476214,17.590242319420256,Phase 4 - Return
13.23375971,-0.1074947566,0.0737387538,0.03518030792,0.1350191859,0.13501918594709522,-0.10897133574930502,0.07491940267313779,0.040818376667016334,0.1390051886044642,17.533867190904417,Phase 4 - Return
13.24374571,-0.1248007715,0.08952970058,0.05473243818,0.163053487,0.16305348705890096,-0.12373874074739807,0.08247744815602971,0.05380978869831203,0.15927134852483568,17.468882348009085,Phase 4 - Return
13.25373171,-0.1419014484,0.09374975413,0.07535851747,0.1860213525,0.1860213525720357,-0.13590343472514235,0.08559236556986408,0.0658842682939212,0.17488740772898387,17.39619282875928,Phase 4 - Return
13.26371771,-0.1502869427,0.08925619721,0.0839900896,0.1939256792,0.19392567915961909,-0.1440271206797579,0.08512211927304404,0.07498607945746485,0.18431152803372383,17.317699253862866,Phase 4 - Return
13.27370371,-0.1531187594,0.07437419146,0.08432445675,0.189967073,0.1899670730461109,-0.14772592530434273,0.0827042330764718,0.07973786807569018,0.1875225973860565,17.23582352655054,Phase 4 - Return
13.28368971,-0.1544913501,0.0643780157,0.08181842417,0.1862964323,0.18629643231917314,-0.14780047647007577,0.08007065269084225,0.07979778399247,0.18593053456985864,17.152868325812797,Phase 4 - Return
13.29367571,-0.1482023001,0.08212404698,0.07252725214,0.1843054073,0.18430540727358716,-0.14596560916674042,0.07832661445718625,0.0757503987454161,0.18179755917519755,17.070416712490736,Phase 4 - Return
13.30366071,-0.1305399388,0.06396342069,0.05842341855,0.1566693673,0.15666936727817007,-0.14418482406905,0.077549945657203,0.06866494198293668,0.17735214206219896,16.98900761029107,Phase 4 - Return
13.31364671,-0.1234879941,0.079711698,0.05800122023,0.1580106991,0.1580106991094394,-0.14378358879625264,0.07688896995861627,0.05958201651132809,0.173890775781756,16.90821458259777,Phase 4 - Return
13.32363271,-0.1328641921,0.08603138477,0.04584309086,0.1647904175,0.16479041746238676,-0.1447429350207003,0.07510496337476145,0.049191657170913325,0.17126698080681507,16.82726189173614,Phase 4 - Return
13.33361871,-0.1520248801,0.09038735926,0.04074117914,0.1814973348,0.18149733485958755,-0.1456497445834758,0.0713365280824923,0.0378348294905388,0.1681208931326047,16.745775335081852,Phase 4 - Return
13.34360471,-0.1654823571,0.07380891591,0.03255276009,0.1840973894,0.18409738935861766,-0.14447427643788682,0.06569363675648994,0.02577146369917453,0.1628178996060001,16.664365635691173,Phase 4 - Return
13.35359071,-0.1621142775,0.0470725894,0.02076207846,0.1700821317,0.17008213176035628,-0.13978806649742284,0.05926230615644326,0.013522926075553198,0.15455691146443007,16.584632832430547,Phase 4 - Return
13.36357571,-0.1387197375,0.03559330106,0.00426459359,0.1432767791,0.14327677903590857,-0.13166693517207725,0.05343407260121862,0.0020564406581996012,0.14393510677207796,16.508571543085576,Phase 4 - Return
13.37356171,-0.1097468436,0.03932128847,-0.01124220248,0.1171192577,0.11711925769789158,-0.12167333897363578,0.04898253887979211,-0.00735174876010928,0.13259733075363875,16.43768485807399,Phase 4 - Return
13.38354771,-0.08815739304,0.03868106753,-0.02268287726,0.09890633879,0.09890633879414244,-0.11190757542744235,0.04552387249057499,-0.0135578613142137,0.12221214424261964,16.37245088776322,Phase 4 - Return
13.39353371,-0.08476725966,0.05833968148,-0.02536976896,0.1059841116,0.10598411165140507,-0.10374647373873945,0.04172511249846768,-0.01607829171440333,0.11346970934147546,16.312345396105727,Phase 4 - Return
13.40351971,-0.09630087763,0.05254277959,-0.01930734888,0.1113884035,0.11138840352624502,-0.09710532901036484,0.03610997429178339,-0.015394585439565654,0.10577222172478924,16.25647449893956,Phase 4 - Return
13.41350571,-0.1064636558,0.03180346638,-0.006152314134,0.1112826197,0.11128261970895581,-0.09070621551708792,0.02792215862806198,-0.012819310783308963,0.09780105154574455,16.204334130510368,Phase 4 - Return
13.42349171,-0.1052335426,0.01198075991,0.001880045515,0.105930032,0.10593003194234177,-0.08315767347329953,0.01750110549318111,-0.009952977761947424,0.0885623734129877,16.156183877070493,Phase 4 - Return
13.43347671,-0.08641545475,-0.003144661197,-0.001392304432,0.08648386106,0.08648386106855187,-0.07412079748769024,0.006024446072666518,-0.008025941218843683,0.07824692491240189,16.112782690620758,Phase 4 - Return
13.44346271,-0.06361293793,-0.009161807597,-0.006821158342,0.06463027767,0.06463027766965816,-0.06481161204703809,-0.005070288131837451,-0.007505895186034671,0.06839963026624125,16.074625558921255,Phase 4 - Return
13.45344871,-0.04463504627,-0.01256410964,-0.016868921,0.04934272695,0.049342726944051465,-0.05754911035212205,-0.014550755185673784,-0.008170429422426672,0.06131404060038683,16.04120921946902,Phase 4 - Return
13.46343471,-0.03787354752,-0.01480222959,-0.01675546914,0.04398019269,0.043980192685870105,-0.05465198236637559,-0.021540995647020555,-0.009526049302978828,0.058997206177035244,16.01069932480006,Phase 4 - Return
13.47342071,-0.04952374101,-0.02655561082,-0.0134419091,0.05777963577,0.05777963577162389,-0.057327794098347165,-0.025463344687431597,-0.011244469541027289,0.06226083757104283,15.980252743804085,Phase 4 - Return
13.48340671,-0.06325499713,-0.02905844897,-0.01102029625,0.07047719524,0.07047719523289904,-0.06512282099782081,-0.025991172501419153,-0.013329089975381,0.07037362225245672,15.946810688044412,Phase 4 - Return
13.49339171,-0.08239904046,-0.02500001155,-0.01058521122,0.08675626284,0.08675626284482789,-0.07612539397877296,-0.023111450493223586,-0.0159572196046447,0.08136130969251598,15.907994943161691,Phase 4 - Return
13.50337771,-0.0965071395,-0.01790774614,-0.01592032239,0.09943727677,0.0994372767692714,-0.08771501725499005,-0.017221178583650815,-0.019166289746172002,0.09271474070620751,15.862712184458497,Phase 4 - Return
13.51336371,-0.105086647,-0.01144152973,-0.01946953684,0.107485696,0.10748569600197601,-0.09744384271088516,-0.009142117099530153,-0.022615096195880684,0.10214524455657772,15.811330690264695,Phase 4 - Return
13.52334971,-0.1058400571,-0.0009036676493,-0.02775356546,0.1094220942,0.10942209419442746,-0.10366887150809258,-8.895647108301865e-06,-0.025563141212926552,0.10810477557252265,15.755385152112156,Phase 4 - Return
13.53333571,-0.1016509235,0.0122936191,-0.03018945456,0.1067494566,0.10674945660568508,-0.10574743374189868,0.008957249996266544,-0.027069293948748383,0.1099605112663388,15.697064140680265,Phase 4 - Return
13.54332171,-0.09542152286,0.02347836271,-0.03069518879,0.1029499643,0.10294996432887951,-0.10385943671362684,0.01674162030079318,-0.026295593577135064,0.10789463211579427,15.638688612768442,Phase 4 - Return
13.55330771,-0.09759916365,0.02888596989,-0.02529300377,0.1048796074,0.10487960736661203,-0.09870844438502858,0.022784680499264808,-0.022755644707689836,0.10271487664123578,15.582326783636884,Phase 4 - Return
13.56329271,-0.09681432694,0.02190662362,-0.0118650794,0.09996846587,0.09996846587020257,-0.09136559377185577,0.027030865946169474,-0.01638828716770117,0.09573815080835575,15.529544452108741,Phase 4 - Return
13.57327871,-0.09411087632,0.02300916985,-0.002939104801,0.09692738146,0.09692738145609704,-0.08332655959130773,0.02970779515577031,-0.007454952523085754,0.08875318605203159,15.48115725059683,Phase 4 - Return
13.58326471,-0.08283238113,0.02008714899,0.006483425386,0.0854794228,0.08547942280425076,-0.07659007228247257,0.03097224218274344,0.0036094321137004116,0.08390711058345833,15.436996998167,Phase 4 - Return
13.59325071,-0.07086070627,0.03002787381,0.01098926645,0.07774108872,0.0777410887223841,-0.07346329885622044,0.03071199903121071,0.016225860148194028,0.08334638967585405,15.395658405936475,Phase 4 - Return
13.60323671,-0.06295803934,0.04495169595,0.02366964146,0.08089883568,0.08089883567248161,-0.07596218542913855,0.02871931081021838,0.02953231010535981,0.08860445030833815,15.354499438212619,Phase 4 - Return
13.61322246,-0.07036139816,0.03355911747,0.03543465957,0.08563034401,0.0856303440098024,-0.0849943215922206,0.02515267648626823,0.04221062125803563,0.09994618650621588,15.310042813561747,Phase 4 - Return
13.62320746,-0.08726075292,0.03139982373,0.05220964551,0.1064247857,0.10642478571611137,-0.09975592467490842,0.020902857025819302,0.05249865218469772,0.11599967988117335,15.258783348334001,Phase 4 - Return
13.63319346,-0.1227723882,-0.003758203471,0.06013237312,0.1367592252,0.1367592252636137,-0.11775891913616761,0.017480522364923787,0.0585240639205219,0.13395928457096903,15.198145524587797,Phase 4 - Return
13.64317946,-0.1534464061,0.02206487209,0.07398587465,0.1717747589,0.1717747588357489,-0.1356003612236416,0.016399771019412673,0.058908190787287054,0.15041774878180933,15.12725340231978,Phase 4 - Return
13.65316546,-0.165782541,-0.0009621549398,0.06091639772,0.176622717,0.1766227169809311,-0.15014246166292675,0.01841147425981535,0.053399909566186135,0.16251765276276905,15.047097066571636,Phase 4 - Return
13.66315146,-0.1652320623,0.02026456967,0.04708793014,0.1730016196,0.17300161953198845,-0.15948350003506814,0.023010261763703903,0.043210452354065794,0.1688370592423244,14.96010829436778,Phase 4 - Return
13.67313746,-0.1544299424,0.03398256004,0.02913255617,0.1607859674,0.1607859674397543,-0.16322578413871466,0.02844927750725824,0.030821726669920637,0.16954613260036347,14.869376673698689,Phase 4 - Return
13.68312246,-0.1497315913,0.03497804701,0.01061346475,0.1541287087,0.1541287086816194,-0.16202150003949572,0.03225017400449211,0.019298804353694705,0.1658549179848692,14.777928146093767,Phase 4 - Return
13.69310846,-0.1472700238,0.03163577989,0.001647400903,0.1506386286,0.15063862854207186,-0.15683120243781104,0.03198568673145542,0.011374790620848856,0.1592098471225611,14.688299807936469,Phase 4 - Return
13.70309446,-0.1509310752,0.03591095284,0.006583569571,0.1552840281,0.15528402810077074,-0.14843561193958532,0.026053369561650254,0.00865949415619996,0.15075791730046115,14.602558091126122,Phase 4 - Return
13.71308046,-0.14763695,0.02352657169,0.007742500864,0.1497000832,0.14970008316769984,-0.13746736119678749,0.014257065911982277,0.011233056440637136,0.141300461132704,14.522355939942502,Phase 4 - Return
13.72306646,-0.1343283355,0.004768596962,0.0138448691,0.1351240972,0.13512409716842771,-0.12480963775659486,-0.0019317841391370788,0.01769088516129293,0.1315662776007196,14.448912656116482,Phase 4 - Return
13.73305246,-0.1159544513,-0.01882126555,0.02538335696,0.1201831503,0.12018315033209301,-0.11195096240203431,-0.019572053627938735,0.025558060482121656,0.12245221822434632,14.382769048213307,Phase 4 - Return
13.74303746,-0.09739781171,-0.04103629291,0.0379486829,0.1122960979,0.11229609786424764,-0.10094999859555281,-0.034955548899134575,0.03196116284679076,0.11501916758698008,14.323457094142483,Phase 4 - Return
13.75302346,-0.08701812476,-0.05702808499,0.04229425639,0.1123083284,0.11230832844431728,-0.09395708541897568,-0.04465275787093931,0.03442871380585219,0.11029284205905004,14.269286849194676,Phase 4 - Return
13.76300946,-0.08459518105,-0.05696763098,0.04091287404,0.1098886659,0.10988866592405533,-0.09252176419737418,-0.046564580401732975,0.03161920531926248,0.10902374919576391,14.217527735229861,Phase 4 - Return
13.77299546,-0.0912906453,-0.05007958785,0.02877462655,0.1080274325,0.1080274324956779,-0.09701817770829048,-0.04060275892269239,0.023735037235285198,0.11147837583333801,14.16489291063433,Phase 4 - Return
13.78298146,-0.1059771851,-0.02856790274,0.01165742427,0.1103774631,0.1103774631403193,-0.10643458282028183,-0.028740316728041147,0.012457095419786441,0.11725977069701217,14.10827793711821,Phase 4 - Return
13.79296746,-0.1209214926,-0.006672716234,-0.006141385064,0.1212610783,0.12126107836010556,-0.11858995611719757,-0.014405693174433444,0.0004083891501588012,0.12520751791533358,14.045491756107996,Phase 4 - Return
13.80295346,-0.1337962747,0.005651061889,-0.01832428202,0.1351634452,0.13516344526394578,-0.13066355605640484,-0.0014456079674218633,-0.009654500172387965,0.13349819357090195,13.975774203081315,Phase 4 - Return
13.81293846,-0.1412624419,0.01786916144,-0.02097645774,0.1439249672,0.14392496726224283,-0.1398345226169809,0.006963404037597907,-0.015612186174946861,0.14001111035473054,13.899986640773944,Phase 4 - Return
13.82292446,-0.1449788809,0.01442036778,-0.01664375886,0.1466418686,0.1466418685877832,-0.14385832361360332,0.009091877016284106,-0.016443182548934798,0.14286871082525285,13.820416757893168,Phase 4 - Return
13.83291046,-0.1450128108,0.002929887269,-0.008688383736,0.1453024004,0.14530240034999295,-0.14150232433085033,0.004917643077407514,-0.012277073266631591,0.14095940655381606,13.740369753922025,Phase 4 - Return
13.84289646,-0.1409325749,-0.008343540132,-0.001828879816,0.1411911829,0.1411911829090605,-0.1328238599444536,-0.00412110027296852,-0.0041484712919976074,0.1342711907554299,13.663479465340677,Phase 4 - Return
13.85288246,-0.125339672,-0.01746517606,0.004772781394,0.1266406143,0.12664061431511336,-0.11924731594176195,-0.015680033643717468,0.006338653021321471,0.12393420229556425,13.592955841201569,Phase 4 - Return
13.86286746,-0.1031177267,-0.02511643805,0.01471036673,0.1071470761,0.10714707606568866,-0.10334189018641898,-0.027110361939468138,0.01728748483248762,0.11193227648801145,13.530872572563064,Phase 4 - Return
13.87285346,-0.08097796142,-0.03802259266,0.02457053959,0.09277315994,0.09277315993363086,-0.08824280424360312,-0.03595753058860264,0.026723597445284512,0.10054137406048569,13.477652789608399,Phase 4 - Return
13.88283946,-0.06707759202,-0.04398567975,0.03414859623,0.0871795274,0.0871795274060986,-0.07682884409814711,-0.04035294830257715,0.032839872464675644,0.0916923766694864,13.432017801268705,Phase 4 - Return
13.89282546,-0.06269560754,-0.04158820212,0.03788514435,0.08423539591,0.08423539590222162,-0.0709426535501267,-0.03932494834687757,0.034332861711049434,0.0865147761670185,13.391332002448054,Phase 4 - Return
13.90281146,-0.0666333586,-0.03764193133,0.03797010332,0.08543212638,0.08543212638521942,-0.07096562090289071,-0.032994252868033494,0.030786569936405456,0.08521286363682629,13.352323541778949,Phase 4 - Return
13.91279746,-0.08047414571,-0.02532262728,0.03110840917,0.08991694335,0.08991694334887197,-0.07591097320284595,-0.022585161801252248,0.022961335790519698,0.08724859820571075,13.311893755019218,Phase 4 - Return
13.92278246,-0.09337130189,-0.011879256,0.01661868393,0.09557979596,0.09557979595768289,-0.08396375102738897,-0.010205890003959233,0.012807943334972186,0.09168946480898979,13.267749912452771,Phase 4 - Return
13.93276846,-0.1011558399,0.006217351183,-0.0009868268389,0.1013515329,0.10135153293767765,-0.09318784432410172,0.001601112366875527,0.0030809885940365823,0.09755339970404601,13.21865911912094,Phase 4 - Return
13.94275446,-0.1015776843,0.01635413989,-0.01351087447,0.103769107,0.10376910700317438,-0.10205170462647042,0.010464154686385134,-0.003416220126611686,0.10401452207974521,13.164393763326638,Phase 4 - Return
13.95274046,-0.1039415076,0.02169750631,-0.0166952163,0.1074865063,0.10748650626723864,-0.1095652613884056,0.01477934422786583,-0.0047167968372565745,0.11041127522419171,13.105443191644927,Phase 4 - Return
13.96272646,-0.1087586284,0.01765003428,-0.006976542529,0.1104021517,0.11040215173262434,-0.11509460324157234,0.01409823339024005,-0.00034446062458607247,0.11611042502586509,13.042761335868194,Phase 4 - Return
13.97271246,-0.1174471974,0.008815265261,0.008958748542,0.1181177898,0.11811778974470842,-0.1181206827708165,0.009166800376842569,0.008558162902910437,0.12037374416352947,12.977631963732394,Phase 4 - Return
13.98269746,-0.1217388809,0.0006950208917,0.02839716151,0.1250089475,0.12500894751436517,-0.11818214412514794,0.0016111087895091998,0.019684240515548533,0.12237865553722761,12.911625925129144,Phase 4 - Return
13.99268346,-0.1200209633,-0.01235158648,0.03825625777,0.1265746205,0.1265746205943259,-0.11503940103861118,-0.006608217880597611,0.030379849587013796,0.12143551818393494,12.846494762388918,Phase 4 - Return
14.00266946,-0.1115702242,-0.02187211998,0.04393970966,0.1218893049,0.12188930488546926,-0.10890497397951131,-0.013785084133778512,0.03844942595942352,0.11729079754644056,12.784017592325673,Phase 4 - Return
14.01265546,-0.1009120643,-0.02220602892,0.04193322733,0.1115112012,0.11151120121311882,-0.10054733540645781,-0.018901516412517232,0.0426360028958474,0.11032825553162817,12.725686280908796,Phase 4 - Return
14.02264146,-0.08867803216,-0.01925125159,0.03954703361,0.09898672609,0.09898672609447158,-0.0911822083743073,-0.021751304108021223,0.04268281877451034,0.1015409824378856,12.672425059766613,Phase 4 - Return
14.03262746,-0.07912742347,-0.01745522395,0.03807228431,0.08952839114,0.08952839114340674,-0.08220519889860747,-0.022733595797065874,0.039103111902020045,0.09229091693435845,12.624411117181122,Phase 4 - Return
14.04261246,-0.07566637546,-0.0186784137,0.03294010833,0.0846128492,0.08461284920385423,-0.07489473684225142,-0.02247180185361404,0.032866979173304424,0.0839845912281351,12.581061000584567,Phase 4 - Return
14.05259846,-0.07115659118,-0.02010218985,0.02528717741,0.07814601619,0.07814601619076889,-0.07018989288854048,-0.02149021029346547,0.025143414449420056,0.07779310272889277,12.541143855099477,Phase 4 - Return
14.06258446,-0.06922206283,-0.02491984889,0.01660793647,0.07542225404,0.0754222540430373,-0.0685570826991792,-0.020095324812050525,0.017118063423079102,0.07445296487853278,12.503039771940605,Phase 4 - Return
14.07257046,-0.06519652158,-0.01907159388,0.009789520875,0.06863050953,0.06863050952905071,-0.06989362152883243,-0.018441428843135144,0.009851190129856937,0.07411055443215152,12.465020445448554,Phase 4 - Return
14.08255646,-0.06859791279,-0.01845933311,0.00258034328,0.071085011,0.07108501100410008,-0.07344657697855786,-0.016643805572799732,0.0041530690127792895,0.07619699467141285,12.425602343057395,Phase 4 - Return
14.09254246,-0.07343366742,-0.01125831157,-0.001486968482,0.07430655533,0.07430655533278896,-0.07781859241366332,-0.014816838195237155,0.00048383090471354966,0.07941065996845274,12.383917082215598,Phase 4 - Return
14.10252746,-0.08316272497,-0.009559746832,-0.002590049757,0.08375043846,0.08375043845659276,-0.0811771391862674,-0.0130243400884821,-0.001094377785700283,0.08193033886709229,12.340024674769598,Phase 4 - Return
14.11251346,-0.0887837261,-0.012615663,-0.002216961235,0.08970295363,0.08970295363167749,-0.08170778821156281,-0.01122925166756548,-0.0008775764161651343,0.08190373361227213,12.295015258806025,Phase 4 - Return
14.12249946,-0.0863115117,-0.008736768737,0.004624166992,0.08687572215,0.08687572215684287,-0.07819294210077538,-0.009336139233651435,0.0006252384749965434,0.07808497254077267,12.25085955546034,Phase 4 - Return
14.13248546,-0.07555700094,-0.01241918374,0.00770386681,0.0769574303,0.0769574303081987,-0.0704738592968211,-0.007337320575153262,0.0029075688448241856,0.070355483465837,12.209917630088482,Phase 4 - Return
14.14247146,-0.06120123342,-0.01012753323,0.005511285737,0.06227786261,0.062277862615290024,-0.059569777125053305,-0.0054795465653661585,0.005650569231705176,0.059870041305464375,12.174303379286766,Phase 4 - Return
14.15245646,-0.04373386502,-0.006684972439,0.008970437571,0.04514209296,0.04514209295450287,-0.04737906304135427,-0.00432463718224188,0.008767970096221595,0.04872644249449111,12.14529894241622,Phase 4 - Return
14.16244246,-0.02646752819,-0.001248129178,0.0100215869,0.02832878535,0.028328785341550936,-0.036076154955203346,-0.004602515637343219,0.012283964975447138,0.03926646513852368,12.123012605126055,Phase 4 - Return
14.17242846,-0.0210886579,-0.0001541050151,0.01247874275,0.02450457633,0.024504576327690077,-0.027454897806792517,-0.006859528916910372,0.01612056724332666,0.033284054412337075,12.106426129733148,Phase 4 - Return
14.18241446,-0.02093552612,-0.00392407598,0.01510781515,0.02611399443,0.026113994424916784,-0.02249776184983346,-0.011049459869417654,0.019915119344427742,0.03147754507238137,12.093724131535456,Phase 4 - Return
14.19240046,-0.02572277188,-0.01100935135,0.02292271703,0.03617067551,0.03617067550344778,-0.02133274383426144,-0.016296347817011784,0.022979809979529843,0.033382973170940196,12.082773545843452,Phase 4 - Return
14.20238646,-0.02956997603,-0.02212245576,0.02840829641,0.04659203619,0.04659203618845554,-0.023519973603485022,-0.021010766131230593,0.024464334866708192,0.037789785465543166,12.071530528034119,Phase 4 - Return
14.21237146,-0.03084588051,-0.03085246496,0.02740654908,0.05152147,0.051521470000570384,-0.028435662053704895,-0.023386282270431415,0.02367902759222472,0.043396092113765786,12.058256852176061,Phase 4 - Return
14.22235746,-0.03480120748,-0.03383467346,0.02584380656,0.05498919447,0.054989194463290106,-0.035514880286449294,-0.022109329112583107,0.020430149047713796,0.04934950912846044,12.041550370116141,Phase 4 - Return
14.23234346,-0.04127941281,-0.02410204709,0.01679279841,0.05066455047,0.0506645504697897,-0.04426111449197282,-0.016972351800829604,0.015197135499090584,0.05540565662485563,12.02031657700967,Phase 4 - Return
14.24232946,-0.05192966014,-0.009502332658,0.007285046391,0.05329217418,0.053292174182690465,-0.05410076669809256,-0.009083210164032901,0.009056136716857809,0.06167423500185095,11.993765773903657,Phase 4 - Return
14.25231546,-0.06172612309,0.004627185408,0.00101443287,0.06190762628,0.061907626271482705,-0.0642349631143447,-0.0005472987887640512,0.003371795258640696,0.06817549157441716,11.961500895584763,Phase 4 - Return
14.26230046,-0.07083120197,0.01755656488,-0.005921237171,0.07321443295,0.07321443295236132,-0.07360823618137984,0.006233169162782859,-0.0006199076926401176,0.07453350740295007,11.923659152642777,Phase 4 - Return
14.27228646,-0.08154266328,0.01452338323,-0.004775449634,0.08296348301,0.082963483017818,-0.08104491385077713,0.009309291739069291,-0.0021762786707326255,0.0800143961542162,11.881004665661228,Phase 4 - Return
14.28227246,-0.09047703445,0.003528255969,-0.0004414215218,0.0905468785,0.09054687849953293,-0.08554303093406393,0.00765608104137573,-0.001234065703661276,0.08387856039790702,11.83493589852984,Phase 4 - Return
14.29225846,-0.09406960011,-0.003519693157,0.002851872006,0.09417861263,0.09417861263956563,-0.08664367138427001,0.001242944264462489,0.001618272849039111,0.0858295464983663,11.78726545100876,Phase 4 - Return
14.30224446,-0.09004716575,-0.01201277971,0.00606870465,0.09104739487,0.09104739486716736,-0.08471288050525577,-0.009142349284945244,0.00531683448417764,0.08629021739792848,11.739832491118522,Phase 4 - Return
14.31223046,-0.08062192798,-0.01366271824,0.005296749063,0.08194278913,0.08194278913702123,-0.08095532715065566,-0.02205629214994527,0.00854230362669712,0.08631413055638405,11.69402684038649,Phase 4 - Return
14.32221546,-0.07091657072,-0.02309323847,0.007015020587,0.07491106848,0.07491106847157557,-0.07708444572449141,-0.03545159932713589,0.009934676439070231,0.08712807918921298,11.650407884149073,Phase 4 - Return
14.33220146,-0.06754972786,-0.04254714772,0.01004522294,0.08046199113,0.08046199113234685,-0.0747605702064115,-0.04679435488262657,0.008341569300716022,0.08954007702405425,11.60855674206944,Phase 4 - Return
14.34218746,-0.07144859433,-0.06361035258,0.01183087192,0.09639060181,0.09639060181092483,-0.07504836404339939,-0.05352269434802821,0.0031485397378020687,0.09357381898401437,11.56728807781295,Phase 4 - Return
14.35217346,-0.0773729533,-0.07482998073,0.003963912372,0.1077117102,0.10771171022553233,-0.07813014943461319,-0.0538941919612465,-0.005373864618367118,0.09854991365411388,11.525055451652584,Phase 4 - Return
14.36215946,-0.08619867265,-0.06498693675,-0.01115698367,0.1085264548,0.10852645483651904,-0.08335635994280559,-0.04786094904216267,-0.01591263783912648,0.10349833689950048,11.48044609207768,Phase 4 - Return
14.37214446,-0.09093149006,-0.03776362911,-0.03045034036,0.1030623636,0.10306236362576478,-0.08954135931258575,-0.03739349952246372,-0.02635475990351435,0.10756437316329376,11.43257703247332,Phase 4 - Return
14.38213046,-0.09513049573,-0.01242897846,-0.04471449554,0.1058474224,0.10584742242866084,-0.09533832988908761,-0.02589767180947666,-0.034450365066361774,0.11017797295715932,11.381275402845127,Phase 4 - Return
14.39211646,-0.0979521051,-0.001011423301,-0.04993795231,0.1099519757,0.10995197565997206,-0.09957374080932165,-0.01690649756870962,-0.03865628232190127,0.11104678884905794,11.327103731317628,Phase 4 - Return
14.40210246,-0.1047610119,0.0007694321685,-0.04520178586,0.1140993562,0.11409935619935443,-0.10152037608749788,-0.01266815354777506,-0.03877673544651168,0.11017770714703502,11.271163513446602,Phase 4 - Return
14.41208846,-0.107576184,-0.005003078841,-0.03905804455,0.1145565232,0.11455652319253105,-0.10113006470025945,-0.013279014924282297,-0.03609143265439257,0.10801634744854886,11.21477806581858,Phase 4 - Return
14.42207346,-0.1062739044,-0.01438539475,-0.02602293715,0.1103552246,0.11035522459968317,-0.09918477269522036,-0.016696096961256603,-0.03289276170143608,0.10559357175370379,11.15906636207369,Phase 4 - Return
14.43205946,-0.09707333893,-0.02827361971,-0.01680881903,0.1024947174,0.10249471742342453,-0.09723815174114803,-0.019585528418609385,-0.03161264764173324,0.10448984236566941,11.104462468791757,Phase 4 - Return
14.44204546,-0.08982341737,-0.05374781787,-0.02323049866,0.1072228068,0.10722280681741256,-0.09724746163366951,-0.01866472551576377,-0.03391313358137592,0.10652101178302659,11.050412797248748,Phase 4 - Return
14.45203146,-0.09451242536,-0.0063570356,-0.04681771621,0.105664133,0.10566413298830088,-0.10096897629627474,-0.011964875156521202,-0.04015309782631065,0.11321128705762395,10.995295819523674,Phase 4 - Return
14.46201746,-0.1097992361,0.01071835402,-0.05678220093,0.1240764832,0.12407648328146831,-0.10935887233177603,0.0005577975252882651,-0.049423795419787475,0.12522096678154054,10.936714035742874,Phase 4 - Return
14.47200346,-0.1224658266,0.0131969694,-0.05928340554,0.1366987961,0.13669879611242342,-0.12220257783436206,0.017190610628192524,-0.059969836136785935,0.1418978498595414,10.872057789372361,Phase 4 - Return
14.48198846,-0.1276914626,0.03168915957,-0.06012735888,0.1446534194,0.14465341938946497,-0.13801994918651536,0.03502808800575459,-0.06964035966686706,0.16107633938481064,10.799209540181215,Phase 4 - Return
14.49197446,-0.1438549906,0.02814161405,-0.07741120458,0.1657670153,0.1657670152846816,-0.15420498038454167,0.050575538093521916,-0.07622120449408219,0.17925424309391846,10.717198817437684,Phase 4 - Return
14.50196046,-0.1695702076,0.09308732301,-0.0877437368,0.2124106126,0.21241061263106145,-0.16745611636188154,0.06044702741869078,-0.07776663991163234,0.1923210398542507,10.626767059950213,Phase 4 - Return
14.51194646,-0.1910831779,0.07968320698,-0.07893743366,0.2215701081,0.22157010805568397,-0.17459431474076686,0.06227718899224517,-0.07300817803739557,0.19684343755649913,10.5305023659939,Phase 4 - Return
14.52193246,-0.1938387603,0.06118648872,-0.05911819264,0.2116889512,0.21168895128830814,-0.17362488343729082,0.0555314245030636,-0.0616852444710404,0.1914424445978899,10.432472924556732,Phase 4 - Return
14.53191746,-0.172610864,0.02641391754,-0.03810443729,0.1787292745,0.17872927446790568,-0.1645637766268784,0.041649021688737256,-0.04461153994024352,0.17748316369080483,10.337322527001666,Phase 4 - Return
14.54190346,-0.1438492537,0.009179535322,-0.02778974548,0.1467962588,0.14679625885089168,-0.14952354887571684,0.023394496887712557,-0.023516815416077922,0.1586009148583186,10.249057457534649,Phase 4 - Return
14.55188946,-0.1191989854,0.01095868461,-0.007967475802,0.1199665435,0.11996654350037063,-0.13195054465907424,0.003928120165604528,-0.0008492327897771904,0.13928113480037252,10.170122310603977,Phase 4 - Return
14.56187546,-0.10277953,-0.01065126993,0.01609871164,0.1045765263,0.10457652630782155,-0.11540619736958543,-0.013831259207643987,0.020408301775199644,0.12322300130665116,10.100947381458885,Phase 4 - Return
14.57186146,-0.09782443196,-0.02424691617,0.03564681113,0.1069028885,0.10690288852874635,-0.10249609023884562,-0.02745420231337571,0.037052895278962335,0.11226063902620692,10.040198718633008,Phase 4 - Return
14.58184646,-0.09464728087,-0.03769188747,0.05603383482,0.1162694147,0.11626941473049074,-0.09436901742540614,-0.03513908064445693,0.04624246159094082,0.1062609193854892,9.985473807246262,Phase 4 - Return
14.59183246,-0.0964384973,-0.04853440449,0.05744760484,0.1222955415,0.1222955415480623,-0.0908371311345705,-0.03595396387547352,0.04626689373483853,0.10387734048487875,9.934078784834213,Phase 4 - Return
14.60181846,-0.09672930837,-0.03520368785,0.0474152118,0.1133316419,0.11333164185706324,-0.0908708517482219,-0.03010292439548519,0.0372208141437388,0.10358863215208286,9.883684510057954,Phase 4 - Return
14.61180446,-0.09596431255,-0.01417937316,0.02502370626,0.1001817837,0.10018178368042456,-0.09312994580877727,-0.018969195922954082,0.02123970481505636,0.10436518483502175,9.83263431184174,Phase 4 - Return
14.62179087,-0.09302338213,0.001036330592,-0.0004267927725,0.09303013359,0.09303013359159804,-0.09628801071981345,-0.0047975162992439134,0.0021170440173426336,0.10566366588624014,9.780032224937345,Phase 4 - Return
14.63177587,-0.09466600418,0.01240345836,-0.02303800173,0.09821531271,0.09821531270839345,-0.09910428822651185,0.00984908825346724,-0.015618491532271414,0.1069802488708846,9.725728609275508,Phase 4 - Return
14.64176188,-0.09685832262,0.01985365152,-0.04041779041,0.1068143245,0.10681432451251233,-0.1003796470493223,0.022584296539444965,-0.027871001340469548,0.10747352664073405,9.6702489731065,Phase 4 - Return
14.65174787,-0.0978250578,0.02666957118,-0.04129852355,0.1094832225,0.10948322249508521,-0.09899524029008881,0.031504065525318724,-0.032008161272511354,0.10601948433884603,9.614800644217684,Phase 4 - Return
14.66173387,-0.09778750688,0.04389410093,-0.02932734974,0.1111268736,0.11112687362214124,-0.09415065618589369,0.03537467490384534,-0.027426165395132523,0.10168606999851744,9.561134235974025,Phase 4 - Return
14.67171987,-0.09607564658,0.03874131665,-0.01223744638,0.1043128687,0.10431286869530532,-0.0857643629356971,0.03381258149880727,-0.015506885801014376,0.09433144417505908,9.511252888374662,Phase 4 - Return
14.68170487,-0.08684939146,0.02662686259,0.005968722049,0.09103533518,0.09103533517957343,-0.07484814456560698,0.027417531366754982,0.0009204783140800068,0.08496698537998358,9.466898003509085,Phase 4 - Return
14.69169087,-0.06811508536,0.02148435637,0.01839099824,0.07375277106,0.0737527710563944,-0.06357737499445693,0.01772260239601136,0.018328452731122075,0.0756395083523955,9.428885881792116,Phase 4 - Return
14.70167687,-0.0472297743,0.008711569011,0.03263438493,0.0580650161,0.058065016101106585,-0.05483668527175921,0.006902687796053112,0.0331888835354737,0.06881167562248025,9.396598594867207,Phase 4 - Return
14.71166288,-0.03459507227,-0.01052651368,0.04156127572,0.05509052691,0.05509052690885804,-0.05127458989476866,-0.002708101767106007,0.04252365060867355,0.06647766645063738,9.367830833162937,Phase 4 - Return
14.72164887,-0.03847050294,-0.01403283142,0.05006874353,0.06468213844,0.06468213843706472,-0.054234116070415575,-0.009188646993415584,0.04435473067928701,0.06940901938170482,9.339235510589981,Phase 4 - Return
14.73163387,-0.05610574037,-0.01897705346,0.04611889273,0.07506620363,0.07506620362806948,-0.06309567734380261,-0.011531898078689507,0.03809446178017719,0.07686436786058598,9.307261610563389,Phase 4 - Return
14.74161987,-0.08123586327,-0.01271915622,0.03182890266,0.08817097856,0.08817097856273716,-0.07541411945280806,-0.009880512017572562,0.024797334671414862,0.08685257939592514,9.269225378997714,Phase 4 - Return
14.75160587,-0.1023982242,0.001516239718,0.01085132267,0.1029827486,0.10298274858384952,-0.08782764011731191,-0.0053877574451100165,0.007105232318022256,0.09679772596375479,9.22411388126165,Phase 4 - Return
14.76159187,-0.1110417768,0.005372763146,-0.01351526938,0.1119902018,0.11199020173719665,-0.09731124665589994,0.00022789472525134064,-0.011233592066791632,0.10434562747068309,9.172738100955407,Phase 4 - Return
14.77157787,-0.1095257178,0.002897673752,-0.03371354192,0.1146336874,0.11463368737666021,-0.1021869549037066,0.00521356444949489,-0.026229583040981625,0.10804809791004512,9.1172544390763,Phase 4 - Return
14.78156287,-0.1010238379,0.01083176304,-0.04677261785,0.11185178,0.11185178002670465,-0.1024697908629561,0.008182252544036891,-0.03468375049263812,0.10771335354683975,9.060300736005587,Phase 4 - Return
14.79154887,-0.09154808521,0.01247642469,-0.04665120319,0.1035038542,0.10350385421682291,-0.09949713442777651,0.00831804196316283,-0.035061398895309674,0.10431961883231297,9.00411082700575,Phase 4 - Return
14.80153487,-0.08577461541,0.003692786675,-0.03189516068,0.09158724036,0.09158724036110863,-0.09512981785166476,0.005426905598978282,-0.02788859352347227,0.09953920324927422,8.950020721536019,Phase 4 - Return
14.81152087,-0.0860542506,-5.595386028e-06,-0.0103446627,0.08667379145,0.08667379144823836,-0.09095573403859092,-0.00013857730837609145,-0.015499433601232545,0.09506986467779754,8.898374121330084,Phase 4 - Return
14.82150687,-0.08867959678,-0.01020017639,0.01008125022,0.08983176548,0.08983176548108553,-0.08783371637554546,-0.007655258663444667,-0.001225713510226172,0.09205825321824812,8.848814773980811,Phase 4 - Return
14.83149187,-0.08862634748,-0.02045983821,0.01884477958,0.09288896686,0.09288896686175309,-0.08587281272858267,-0.016233181278861874,0.011625198008186914,0.09084650665960853,8.80071435498307,Phase 4 - Return
14.84147787,-0.08873926103,-0.02079859376,0.02222752571,0.09381524849,0.09381524849262353,-0.08470805381717406,-0.024955050961982937,0.02058732169070903,0.0910760988053355,8.753503301470504,Phase 4 - Return
14.85146387,-0.08380834758,-0.02969958633,0.02194293402,0.09158273258,0.09158273257371877,-0.08384062276273857,-0.03291029099522207,0.024405820538323682,0.09199265273202967,8.70687361244764,Phase 4 - Return
14.86144987,-0.08091296256,-0.03858548775,0.02195864543,0.09229262963,0.09229262963130816,-0.08287621542416125,-0.039180776414641016,0.022998956518471086,0.0927655891254495,8.660767971771861,Phase 4 - Return
14.87143587,-0.08070597798,-0.04217744619,0.01635261625,0.09251918669,0.0925191866968055,-0.081636402302362,-0.04289308455585341,0.017221760286805436,0.09274427563285612,8.615292909695857,Phase 4 - Return
14.88142087,-0.08185193688,-0.0445404686,0.01177863497,0.09392725459,0.09392725459562629,-0.08021892448730757,-0.043399880091348646,0.008615341845878768,0.09167134687274305,8.570582517392925,Phase 4 - Return
14.89140687,-0.08597739786,-0.04891646653,0.003071458312,0.09896649684,0.0989664968396866,-0.0790697196213536,-0.04055027880150778,-0.000807804363607217,0.08987022434589159,8.526601918338384,Phase 4 - Return
14.90139288,-0.08513237536,-0.04498297721,-0.006878910586,0.09653138859,0.0965313885943919,-0.07902249311364341,-0.03492440945533671,-0.008809432487191083,0.08833316878727614,8.482963548072014,Phase 4 - Return
14.91137887,-0.08015903831,-0.02653132193,-0.01594306529,0.08592766607,0.08592766607431246,-0.08116785199039735,-0.027846618632598307,-0.01329787811312916,0.08855103221777719,8.438725036656596,Phase 4 - Return
14.92136487,-0.07787111402,-0.01220111735,-0.0222275909,0.08189532014,0.08189532013810115,-0.08645176187035394,-0.02103286573217289,-0.012843219528706982,0.09198024340534308,8.392361131877674,Phase 4 - Return
14.93134987,-0.08170009404,-0.003625951009,-0.02085411362,0.08439755294,0.084397552936921,-0.09509363930123371,-0.01594921325595629,-0.007198584924624779,0.0992777605413356,8.342018409959032,Phase 4 - Return
14.94133587,-0.095611386,-0.002715948736,-0.001849530498,0.09566783301,0.09566783301319523,-0.10612692800612646,-0.0132181369512701,0.0024403291055908913,0.1096843917650049,8.286042017429324,Phase 4 - Return
14.95132187,-0.1186884642,-0.01810986362,0.01905398071,0.1215646859,0.12156468597165351,-0.1174130019676148,-0.012456131181941828,0.01368545727579605,0.12097890781972881,8.223680550125561,Phase 4 - Return
14.96130787,-0.140985772,-0.02760403231,0.03708597645,0.1483723025,0.14837230252125047,-0.12627531981221074,-0.01267741681440022,0.023727348209358932,0.13018426159204244,8.155555074674167,Phase 4 - Return
14.97129388,-0.1479723752,-0.02363257296,0.04241131246,0.1557338812,0.1557338811935895,-0.13052874021602526,-0.013005744789365078,0.03031232034175723,0.13477266305477847,8.083677405345389,Phase 4 - Return
14.98127887,-0.1362422109,-0.01665216126,0.03655768186,0.1420411863,0.14204118631061238,-0.12937937985618847,-0.013195086993247581,0.032452829251358756,0.13374356288176417,8.010919164871456,Phase 4 - Return
14.99126487,-0.1191328019,-0.0006466773339,0.02455995418,0.1216397716,0.12163977157756636,-0.12370045990374623,-0.013596190440012553,0.030544939431670567,0.12796529421318617,7.940106984363069,Phase 4 - Return
15.00125087,-0.1056830361,-0.001799826277,0.01778753661,0.1071846069,0.10718460688267403,-0.1155707972517254,-0.01463198197148945,0.025916946733331045,0.11963559081862048,7.873245133161621,Phase 4 - Return
15.01123687,-0.1029206514,-0.008371280506,0.01423286274,0.1042368131,0.10423681309252569,-0.10739800506340721,-0.016220879956715898,0.020139360920555245,0.11125994655138735,7.811047052817436,Phase 4 - Return
15.02122287,-0.09824760258,-0.02785310149,0.01473087259,0.1031764764,0.10317647640132258,-0.10109658016387603,-0.017617332658261133,0.014485678274679673,0.10473323591438863,7.752989725046834,Phase 4 - Return
15.03120787,-0.09517740458,-0.02678703517,0.01338919066,0.09977752263,0.09977752263066894,-0.09760922068616665,-0.017796765971456723,0.009741956739277361,0.10087488562252186,7.697738284885109,Phase 4 - Return
15.04119388,-0.09427326173,-0.02426182479,0.01136918366,0.09800684851,0.09800684851809363,-0.09679927071542577,-0.016083151035579883,0.006297709625729224,0.09941676682417117,7.643710622125264,Phase 4 - Return
15.05117987,-0.09588927776,-0.01460338943,0.003942625131,0.09707500638,0.09707500638734082,-0.09762466935728399,-0.012563177578137399,0.004299390123540167,0.09927636082974568,7.589678648054286,Phase 4 - Return
15.06116587,-0.09896282852,7.835077122e-05,0.0001923618838,0.09896304649,0.09896304649017539,-0.09851711305594334,-0.008033721284988509,0.003683188425809207,0.098986498266029,7.535155183271443,Phase 4 - Return
15.07115187,-0.1053137854,-0.0007198529784,0.0002849544398,0.1053166311,0.10531663108275219,-0.09790642058656457,-0.003563232522613702,0.00406599938883256,0.09722549222685246,7.480551115709143,Phase 4 - Return
15.08113687,-0.1035680771,0.006819821894,0.001227447065,0.10379963,0.10379963001453715,-0.09478002140243341,4.266372228997013e-05,0.004621670831297468,0.09336439764870254,7.427021508209034,Phase 4 - Return
15.09112287,-0.09340278804,0.01167215127,0.001128977397,0.09413604262,0.09413604261321944,-0.08908682497304347,0.00258201573973952,0.004098518422125232,0.08784258795033281,7.376009630455771,Phase 4 - Return
15.10110887,-0.08203987777,-0.0001038138289,0.004406263586,0.08215818572,0.08215818571887357,-0.08179141789230167,0.00443614445139123,0.0010589112680993587,0.08214550442195064,7.328713504171863,Phase 4 - Return
15.11109487,-0.06524169445,-0.0101974532,0.004164609127,0.06616502638,0.06616502637839755,-0.07452623418790191,0.0061789276166260435,-0.00569397768448134,0.07830421696534684,7.285582840061181,Phase 4 - Return
15.12108087,-0.06285204738,-0.01694563776,-0.01167454198,0.06613493351,0.06613493350260273,-0.06900479138428195,0.00804932178584326,-0.016663614567723972,0.078107765918079,7.2461101462779745,Phase 4 - Return
15.13106587,-0.06597428769,0.03616199642,-0.03556825966,0.0832189745,0.08321897449815253,-0.066489565662549,0.0097505665589137,-0.03140801570293004,0.08241784921030308,7.2089402877334,Phase 4 - Return
15.14105187,-0.07390304655,0.03428340331,-0.05345511436,0.09743952629,0.09743952628747878,-0.06753541547949136,0.010864336912697208,-0.04860390322423894,0.09090640296418404,7.172187062485168,Phase 4 - Return
15.15103787,-0.07706331462,0.01519067213,-0.0693211481,0.1047613123,0.10476131229554352,-0.07199067906853243,0.011525340504024291,-0.06630939501501631,0.10221463237273769,7.133860090667072,Phase 4 - Return
15.16102387,-0.07339401543,0.02049569041,-0.07224875689,0.1050077983,0.10500779827456609,-0.07904229702549159,0.01259251629573092,-0.0821954871086298,0.11426640659487712,7.092241255179499,Phase 4 - Return
15.17100987,-0.07154847682,-0.02828362584,-0.07989118993,0.1109132555,0.11091325553941028,-0.0871442920910037,0.014937031928342271,-0.09367100997921624,0.12454933391834051,7.046287307005602,Phase 4 - Return
15.18099487,-0.08234572411,-0.0166860912,-0.09932267666,0.1300931897,0.13009318974351372,-0.09394879039266066,0.018284451099934387,-0.09809816868204811,0.1304883409426632,6.996073970476394,Phase 4 - Return
15.19098087,-0.1033452898,0.04170819372,-0.1103221327,0.1568145252,0.15681452519045372,-0.09658218847601624,0.020589870532371816,-0.09336127743055202,0.13015418903193385,6.943155632179901,Phase 4 - Return
15.20096687,-0.1129513159,0.03805353492,-0.0970159173,0.1536820077,0.15368200770750523,-0.0924726916747479,0.018671206771246462,-0.07874273125695122,0.12321137419164448,6.890659572997236,Phase 4 - Return
15.21095287,-0.09890651703,0.02501256764,-0.0627206713,0.1197581323,0.11975813233043466,-0.08047178755634729,0.009831803142817884,-0.05564475595870482,0.11148639516662325,6.842772342303522,Phase 4 - Return
15.22093887,-0.06758774817,0.01246641576,-0.02539779991,0.07327048154,0.0732704815383447,-0.06164252898043328,-0.006572057223199668,-0.027635654875960047,0.09846587514278479,6.8037049375628085,Phase 4 - Return
15.23092388,-0.03198709339,-0.02939427271,0.007239134982,0.04404091833,0.04404091832578027,-0.039195630579876156,-0.02848768670751262,0.00031933642569411476,0.08771889590789779,6.776448428566678,Phase 4 - Return
15.24090987,-0.007304381579,-0.05543120205,0.03460285068,0.06575202983,0.06575202982526042,-0.017562031860564507,-0.05164484933447171,0.023131014143628777,0.08117165149350097,6.76179968462842,Phase 4 - Return
15.25089587,0.009559649974,-0.08133741468,0.04556197301,0.09371795622,0.0937179562251314,-0.0010634253571950168,-0.07084983776291694,0.036866934909581886,0.07843481825653933,6.758059704433837,Phase 4 - Return
15.26088187,0.01249285601,-0.09569078684,0.04392732307,0.1060302214,0.106030221396737,0.0072460808664117065,-0.08156415907541115,0.039635927108452554,0.077626567683985,6.761416775222857,Phase 4 - Return
15.27086687,0.009910306893,-0.09401991218,0.0376538597,0.1017633098,0.10176330978970584,0.00620922904137145,-0.0812327675229396,0.031887764261552105,0.07699089740911007,6.7668538466556045,Phase 4 - Return
15.28085287,-0.003444913309,-0.07649924606,0.0157344453,0.07817656199,0.07817656198857585,-0.003393416674250067,-0.06997315166083161,0.016143429961225933,0.07609163546292122,6.769247738274319,Phase 4 - Return
15.29083887,-0.0197803285,-0.0479012616,-0.008643751033,0.05254052427,0.05254052426803558,-0.0192546234814406,-0.050457608855091735,-0.0037073704186662655,0.07581473361874033,6.764356986293487,Phase 4 - Return
15.30082488,-0.04161638394,-0.01937427931,-0.03027820587,0.05499141625,0.05499141625498916,-0.03820747078246134,-0.027085123870833894,-0.023342675566675793,0.07735948536846966,6.7495066904894285,Phase 4 - Return
15.31081087,-0.06407556683,0.002237746492,-0.04274483025,0.07705716246,0.07705716246430029,-0.05696362635110977,-0.004773144776110303,-0.038936907479676805,0.08109957489005039,6.723868725627013,Phase 4 - Return
15.32079587,-0.07708244771,0.01693173684,-0.05173140392,0.09436379395,0.0943637939514838,-0.07275604147260352,0.012221693300692308,-0.04786010448797964,0.08615398697990324,6.688350712194956,Phase 4 - Return
15.33078187,-0.08449494094,0.02749745734,-0.05322825536,0.1035796909,0.10357969093064806,-0.08374135219226572,0.02115588369830942,-0.049034333065685325,0.09084163931412736,6.645168628002301,Phase 4 - Return
15.34076787,-0.08611014485,0.02637014352,-0.04410373047,0.1002770191,0.10027701908574958,-0.08909557903455784,0.02120992603465075,-0.04294655054018774,0.09354137941768331,6.59731216440795,Phase 4 - Return
15.35075387,-0.08687382191,0.01573997363,-0.03063144349,0.09345101944,0.09345101943480635,-0.08887009432218966,0.013460101292928486,-0.03136969536351994,0.09334479936412882,6.547988481409278,Phase 4 - Return
15.36073987,-0.08339014649,0.0003311894834,-0.01554623432,0.08482754046,0.08482754045491311,-0.08376722965660383,0.00045584652385705955,-0.016869986391394837,0.09021044748616687,6.500189121022727,Phase 4 - Return
15.37072488,-0.07673354447,-0.02047230303,0.002766154241,0.07946573883,0.07946573882854559,-0.07496926458431616,-0.01450732585755385,-0.002210326319840233,0.08472735019218658,6.456370824326411,Phase 4 - Return
15.38071087,-0.06616079062,-0.03629733995,0.0128821712,0.0765551921,0.07655519210174745,-0.06404766346832967,-0.028254910778784104,0.010222100537917597,0.07779195283237489,6.418189551987786,Phase 4 - Return
15.39069687,-0.05588846281,-0.04961510748,0.02278633229,0.07813063487,0.07813063486716974,-0.05288688911998452,-0.03850740294676418,0.018847178313616215,0.0704384816685762,6.386325519404562,Phase 4 - Return
15.40068287,-0.04679163545,-0.04598655179,0.02682235278,0.07087777298,0.0708777729776749,-0.04352934604575009,-0.0443146167564587,0.023101746318992332,0.06383718127764512,6.360331322485514,Phase 4 - Return
15.41066887,-0.03431169316,-0.04232370481,0.02307355031,0.05916905442,0.05916905441409478,-0.037873972187186196,-0.045998179047559144,0.023395717038548945,0.059267273962026516,6.338631988221171,Phase 4 - Return
15.42065387,-0.02924209647,-0.03696675599,0.01786547154,0.05040651076,0.05040651076727626,-0.03723313946995788,-0.04465783943771035,0.02083406736739902,0.057861472107102026,6.318735851655617,Phase 4 - Return
15.43063987,-0.03290331364,-0.03088281304,0.01045544259,0.04632161989,0.0463216198929678,-0.041872805964022625,-0.04151174710784954,0.01679253414890809,0.060136514646013495,6.297693744809658,Phase 4 - Return
15.44062587,-0.04409658164,-0.03710182756,0.008089756593,0.05819362751,0.05819362750644737,-0.050765531713903904,-0.037415348118565166,0.012506495569869913,0.06558614415392983,6.272780320594967,Phase 4 - Return
15.45061187,-0.06320631504,-0.04097151011,0.01198446006,0.07627142443,0.07627142442985642,-0.06176772553633368,-0.032777837197042546,0.008842182482814353,0.07268062173627086,6.242175401018524,Phase 4 - Return
15.46059787,-0.08469615877,-0.0340041481,0.01046592556,0.09186542873,0.09186542873261543,-0.07225906278321134,-0.0278257424887364,0.0063159590013417075,0.07940096534518806,6.205421658776872,Phase 4 - Return
15.47058287,-0.09264180809,-0.02348173596,0.008761749603,0.09597220841,0.09597220840423136,-0.08002750438647102,-0.022930645446218194,0.0052605221192693116,0.08407562852749641,6.163448402309389,Phase 4 - Return
15.48056887,-0.09083911031,-0.01740227267,0.004232511856,0.09258778112,0.09258778111934941,-0.08399570594523462,-0.018724239482444418,0.005947785932783095,0.08605921785798609,6.118113348837458,Phase 4 - Return
15.49055487,-0.0826087445,-0.01192328893,0.007589937653,0.083809168,0.08380916799700953,-0.08442290823845879,-0.015944859181801878,0.008550185471398051,0.08587417000735631,6.071520867782292,Phase 4 - Return
15.50054087,-0.07187806815,-0.01353556663,0.008616054431,0.07364716314,0.07364716314243998,-0.082498170515101,-0.015159276987529868,0.012972700194413869,0.08475364661258433,6.025356798408997,Phase 4 - Return
15.51052687,-0.06801994145,-0.0161286369,0.01380395889,0.07125583937,0.07125583936878634,-0.07958418022254833,-0.016535087471343548,0.018683907897916845,0.08386120624600883,5.980576981832464,Phase 4 - Return
15.52051187,-0.0707179904,-0.01739789918,0.0212687999,0.07586885337,0.07586885336736134,-0.07655439036240698,-0.0197529388747523,0.024684432836176416,0.08363819728527157,5.937501862949686,Phase 4 - Return
15.53049787,-0.07671700418,-0.02336870134,0.03427690268,0.08721525663,0.08721525663555917,-0.07358644906073906,-0.024059977899712596,0.029705642722723313,0.08365745120889446,5.896138247982401,Phase 4 - Return
15.54048387,-0.08133465797,-0.02937918901,0.04209807515,0.09618061793,0.09618061792958724,-0.07048334387795861,-0.028435785252866913,0.03262379569460563,0.08306778618501122,5.856511424801665,Phase 4 - Return
15.55046987,-0.07820191234,-0.03622436523,0.04147548229,0.09564496517,0.09564496516355464,-0.06726593025624927,-0.031836770629434304,0.03291457760865466,0.08134966850325667,5.818692761906711,Phase 4 - Return
15.56045487,-0.0714084506,-0.03268608823,0.03071871027,0.08432785034,0.0843278503314545,-0.06461358454699509,-0.033456318641544254,0.030874557586302177,0.0788892157626831,5.782556926018927,Phase 4 - Return
15.57044087,-0.05900857225,-0.03179781884,0.01867537387,0.06958363652,0.06958363651857531,-0.06381811727090007,-0.032921928546265154,0.027432867218294844,0.07697371923010045,5.7474038139661525,Phase 4 - Return
15.58042687,-0.05516030639,-0.0393739827,0.01671289094,0.06980179538,0.06980179537999655,-0.06620540317481849,-0.03039196958841233,0.02364157559002375,0.07717373733612963,5.711795317899186,Phase 4 - Return
15.59041287,-0.05803434923,-0.02510998398,0.01664554141,0.06538785082,0.06538785081999166,-0.07230572382224079,-0.026546351530622812,0.020154087671499784,0.08045081170051502,5.673758705792657,Phase 4 - Return
15.60039887,-0.07244417816,-0.0207184311,0.0148961097,0.07680694253,0.0768069425294205,-0.08123155438371923,-0.022440031904810632,0.016987750532672857,0.08647270595786102,5.631423444998477,Phase 4 - Return
15.61038387,-0.09224223346,-0.01482118201,0.01815599948,0.09517319678,0.09517319678869915,-0.09064603486980212,-0.019209263820729194,0.013663110750369823,0.09350427960588373,5.5838461927438425,Phase 4 - Return
15.62036958,-0.1067194417,-0.01511705946,0.01626995206,0.1090058534,0.10900585334518313,-0.09741489834559701,-0.01772685444016936,0.009605028984511108,0.09896966987498115,5.531635996003148,Phase 4 - Return
15.63035558,-0.1107514575,-0.01641125418,0.01102099381,0.1125018974,0.11250189734708892,-0.09868877336306534,-0.018358452242618808,0.004579905366760686,0.10045011100788241,5.477123433847857,Phase 4 - Return
15.64034158,-0.1054064929,-0.02116286755,0.001654390479,0.107522708,0.10752270790988105,-0.09295302430532411,-0.020909843381507587,-0.0010674874096022286,0.0966533410172723,5.4238873149228395,Phase 4 - Return
15.65032758,-0.08664563298,-0.02628987469,-0.01176084578,0.09130684925,0.09130684924572588,-0.08060561742370177,-0.024756091681456226,-0.0065180722380948275,0.0879141286674647,5.375824385956217,Phase 4 - Return
15.66031258,-0.05970349163,-0.02971762978,-0.01907521859,0.06936503728,0.06936503727967645,-0.06383470594019172,-0.029078549143188904,-0.010879706462827397,0.07603167925697935,5.336095541089333,Phase 4 - Return
15.67029858,-0.03598148376,-0.03129272163,-0.01948373951,0.05151230635,0.0515123063536991,-0.045862586817429135,-0.033124238011628934,-0.013660601774564391,0.06357192985233982,5.30630192807269,Phase 4 - Return
15.68028458,-0.01954951137,-0.04383514822,-0.01627170108,0.05068009343,0.05068009343235272,-0.029889161993672263,-0.03643470898385834,-0.015035380486726608,0.0530082713857297,5.2862193825083,Phase 4 - Return
15.69027058,-0.01409910433,-0.04664393514,-0.01027355623,0.04979947175,0.04979947174281795,-0.018174833358825644,-0.039005016088084994,-0.015750722456726953,0.04609121402577383,5.2740576892908715,Phase 4 - Return
15.70025658,-0.01000103168,-0.04011785984,-0.01107969508,0.04280447355,0.042804473549759074,-0.011580546065438822,-0.04128166459664879,-0.016741639428157536,0.04359521082330877,5.267133685135562,Phase 4 - Return
15.71024158,-0.009911568835,-0.03679412231,-0.01726455614,0.04183433437,0.0418343343683797,-0.00962568671970722,-0.04389654622188438,-0.018690686451720714,0.04531814373493925,5.26265585073053,Phase 4 - Return
15.72022758,-0.01297846623,-0.03532112762,-0.02190990746,0.04354384787,0.04354384786554055,-0.010919075846828271,-0.047189229217539985,-0.02175182006329241,0.05017313726073869,5.258366799832211,Phase 4 - Return
15.73021358,-0.01675163209,-0.04395536333,-0.02417759039,0.05288900661,0.05288900661023656,-0.013759057076118845,-0.050788369754294724,-0.025512066929768554,0.05637568965885756,5.252895283323694,Phase 4 - Return
15.74019958,-0.02525110915,-0.0565712899,-0.02799523063,0.0679828088,0.06798280879959247,-0.016728222067053863,-0.05356895050295066,-0.029130266580225887,0.06183584098950347,5.245761898887135,Phase 4 - Return
15.75018558,-0.02588176169,-0.06316244602,-0.03221940622,0.07548145675,0.0754814567465198,-0.019131059314256696,-0.05409772513105812,-0.03157360560268794,0.06477259027888542,5.237091703723069,Phase 4 - Return
15.76017058,-0.02379597351,-0.06224631891,-0.03473423049,0.07514864829,0.07514864829700194,-0.021126201644504686,-0.051368044991359905,-0.03191113377574348,0.0643558518529716,5.227164338345695,Phase 4 - Return
15.77015658,-0.01648595557,-0.05588313192,-0.03503504768,0.06798651138,0.06798651138412685,-0.02346418777332259,-0.04542864405003177,-0.0296202884056474,0.061045558489448086,5.215996366766289,Phase 4 - Return
15.78014258,-0.01582042873,-0.03404734284,-0.02877182513,0.04730037464,0.04730037463886315,-0.026910419011969285,-0.03755080273273668,-0.024815483355591254,0.05637885005170356,5.203173658850874,Phase 4 - Return
15.79012858,-0.02205856703,-0.02309488505,-0.01778905466,0.03655686749,0.03655686748869744,-0.03163546983191035,-0.029819694812241563,-0.018287243920008852,0.05223968629098425,5.188013328319445,Phase 4 - Return
15.80011458,-0.03642445803,-0.01459993236,-0.008950022049,0.04024924921,0.04024924921502752,-0.03692585224209601,-0.02434440244009567,-0.011299502652208191,0.04997556880723679,5.169987804411985,Phase 4 - Return
15.81009958,-0.047881037,-0.01703571156,-0.001537056291,0.05084458392,0.05084458392584789,-0.041412417301981135,-0.022472237666657086,-0.005208839155349951,0.04985780523900933,5.14916739778495,Phase 4 - Return
15.82008558,-0.05380630121,-0.02223127335,0.003027601633,0.05829677466,0.058296774664742916,-0.04371354990025603,-0.02434630432937007,-0.0010565073387574465,0.05116008771398283,5.1264030961923766,Phase 4 - Return
15.83007158,-0.05248276517,-0.02933146618,0.002886557719,0.06019225667,0.06019225667494921,-0.04314865684090026,-0.028929699050447278,0.0007146892058607185,0.05271774830822068,5.103142094965173,Phase 4 - Return
15.84005758,-0.04353081435,-0.03755237907,-0.0001944531687,0.0574904408,0.05749044080389328,-0.04014370252723888,-0.03440860885984174,0.0003318978180199471,0.053572747082453735,5.080902347917552,Phase 4 - Return
15.85004258,-0.03147883713,-0.04180464521,-0.002991819754,0.05241656736,0.052416567358340695,-0.03612133058457096,-0.03878330523774658,-0.001445283122824107,0.05336424695110639,5.06067498887029,Phase 4 - Return
15.86002858,-0.02349148504,-0.04537141696,-0.005302378442,0.05136662889,0.05136662888962936,-0.03293632649346875,-0.040454301140958264,-0.003590802413321885,0.052363735515556044,5.042507474523362,Phase 4 - Return
15.87001458,-0.02481163293,-0.04313371703,-0.006956404075,0.05024466371,0.05024466370801827,-0.03214649685888462,-0.0386568251966399,-0.0050955283272989494,0.051261689393101904,5.025477071971796,Phase 4 - Return
15.88000058,-0.03200935945,-0.03864922002,-0.004079657607,0.05034883223,0.05034883222820591,-0.03447490085129648,-0.03364632954145099,-0.0051836324978019235,0.05087236149958175,5.008006517411095,Phase 4 - Return
15.88998658,-0.04290298,-0.02451099083,-0.00453811558,0.04961903725,0.0496190372474737,-0.03968077316737494,-0.02658310925811438,-0.0034347414856554528,0.051866345905917516,4.988380573455227,Phase 4 - Return
15.89997158,-0.05117955059,-0.01431880705,-0.001672554179,0.05317115826,0.053171158266594014,-0.046810740435192524,-0.019134299347977637,0.00016924195907533064,0.05457288130525141,4.965227938057284,Phase 4 - Return
15.90995758,-0.05594312027,-0.006999850739,0.004973591771,0.05659829707,0.056598297068167366,-0.05461886266513432,-0.012919797663006145,0.005250408523463593,0.058872003930280706,4.937799527733016,Phase 4 - Return
15.91994358,-0.06327453256,-0.003381413873,0.009694578126,0.0641021472,0.06410214719888979,-0.06192973369379836,-0.009014167819179925,0.011098340771334373,0.06419708695417023,4.9060459086692525,Phase 4 - Return
15.92992958,-0.06760430336,-0.007670219522,0.01894180477,0.07062553411,0.07062553410949451,-0.0678368307522462,-0.007699867360457572,0.01680248149696445,0.06965353182231866,4.870510922016335,Phase 4 - Return
15.93991558,-0.06931725144,-0.01427565701,0.02205663733,0.07412942048,0.07412942047912216,-0.0717548376370472,-0.008543488832229664,0.021438472273719596,0.07422631360546096,4.832165190976214,Phase 4 - Return
15.94990058,-0.07366506755,-0.01488908753,0.02687961049,0.07981691904,0.07981691903798457,-0.07340393343253074,-0.010698555128992504,0.024261447499230798,0.07702235694499576,4.792230834732799,Phase 4 - Return
15.95988658,-0.07508985698,-0.01092816796,0.02337808721,0.07940054432,0.07940054431700824,-0.07279976151885874,-0.01322766451504844,0.024850659039897645,0.07748935971746337,4.75199354950101,Phase 4 - Return
15.96987258,-0.0734924376,-0.01079480071,0.02310447767,0.0777912784,0.07779127840035822,-0.07026901306068048,-0.015285806606539101,0.023176999108863585,0.07555833231048152,4.712653095477349,Phase 4 - Return
15.97985858,-0.06809074432,-0.01254902501,0.02044051699,0.07219170468,0.07219170468669994,-0.06643707707581627,-0.016188343643414323,0.019610614804969957,0.07166629975304487,4.675132864393741,Phase 4 - Return
15.98984458,-0.06022838876,-0.02133777365,0.01941394433,0.06678069056,0.06678069055806976,-0.0621092782026556,-0.01551648050350117,0.014900449019411755,0.06664219720193996,4.639946952528101,Phase 4 - Return
15.99982958,-0.05314171687,-0.02681056969,0.01233579405,0.06078668056,0.06078668056274832,-0.058027826321138766,-0.013338912343809078,0.010113503661781575,0.06147846542491535,4.6071700234628015,Phase 4 - Return
16.00981558,-0.04923962802,-0.01603701338,0.005739303306,0.05210246029,0.05210246028870931,-0.0545908145475567,-0.010405458572177943,0.006469619986426786,0.05704288240367631,4.576540677526314,Phase 4 - Return
16.01980158,-0.04729951546,-0.002105484484,-0.0008703959174,0.04735435372,0.04735435372503958,-0.051688960694406906,-0.008034560578553233,0.0050318222457918236,0.05381432308975791,4.547724740494667,Phase 4 - Return
16.02978758,-0.05140057206,0.007073838729,-0.0006382886786,0.051888972,0.05188897199691262,-0.04879515073982685,-0.00757552476581684,0.006322348721784299,0.05175741272474169,4.520566814371779,Phase 4 - Return
16.03977358,-0.05200990289,0.000813013874,0.005501628853,0.05230639455,0.05230639454428788,-0.04532623911532094,-0.009685745228893637,0.01004153226720536,0.05043281258229326,4.495229121812745,Phase 4 - Return
16.04975858,-0.0520801805,-0.01355654933,0.01731057838,0.05653124228,0.05653124228689325,-0.04113209927099073,-0.01387672876425347,0.015067199562254486,0.04932545021180906,4.4720859761581835,Phase 4 - Return
16.05974458,-0.04204805195,-0.02320225164,0.02376048826,0.05358119032,0.053581190321878615,-0.03684424926315365,-0.018630927765227553,0.019781242234865444,0.04822862034701296,4.451367021938834,Phase 4 - Return
16.06973058,-0.03378353268,-0.02783445083,0.02755710296,0.05172501964,0.05172501964133369,-0.03383212230217664,-0.022021427380254897,0.022593100159097587,0.04746458711733549,4.432736429268669,Phase 4 - Return
16.07971658,-0.02419295721,-0.02903367206,0.02578663267,0.04575154332,0.045751543321619514,-0.03369437785052764,-0.022503906350955238,0.02243767800282337,0.04778991222817524,4.415006944967906,Phase 4 - Return
16.08970258,-0.02515155263,-0.02764658816,0.0216393359,0.04318790681,0.04318790681176087,-0.03746923671746977,-0.01954130509827935,0.019067837253301856,0.04998430862380293,4.396236962878263,Phase 4 - Return
16.09968758,-0.03386115283,-0.01823524199,0.01381789986,0.0408660749,0.04086607490268015,-0.04493582556944383,-0.0138514028829141,0.013073670392095893,0.05429276731047205,4.374253253525082,Phase 4 - Return
16.10967358,-0.05190102383,-0.004342491273,0.00320828543,0.05218109429,0.05218109428192033,-0.054384631714699545,-0.007199697647684298,0.005659053078866147,0.06001680935051087,4.347428223052968,Phase 4 - Return
16.11965958,-0.06929519773,0.007135733031,-0.005489598494,0.06987759874,0.06987759874204914,-0.06303950228151425,-0.001796757474916722,-0.0017312162079194744,0.06554848298997205,4.315424132084374,Phase 4 - Return
16.12964558,-0.08055239171,0.008324198425,-0.0101199057,0.08161122828,0.08161122827771276,-0.0680049665494475,0.0004792871884904065,-0.007803968850286441,0.0689376704336905,4.279523565321772,Phase 4 - Return
16.13963158,-0.08020431548,0.003992833663,-0.01279318705,0.08131629958,0.08131629957869481,-0.06735025746895316,-0.0012826652426253052,-0.011704762236354051,0.06874787499248905,4.242389787081938,Phase 4 - Return
16.14961658,-0.06817615032,-0.007323203608,-0.01476126257,0.07013923051,0.07013923050761209,-0.06086478938463795,-0.006783780372004193,-0.013132634536501262,0.06473404777990285,4.2073021692434205,Phase 4 - Return
16.15960258,-0.0493007265,-0.01942833513,-0.009912977926,0.05391000808,0.05391000807561391,-0.05016688210281315,-0.014709467933433652,-0.012291165717605376,0.05796666200047458,4.1771268200592075,Phase 4 - Return
16.16958858,-0.02962354012,-0.0242412556,-0.009805471636,0.03951379349,0.039513793494299954,-0.03814045079681121,-0.023205991305552738,-0.009732556652672059,0.050366318450413984,4.153452400280695,Phase 4 - Return
16.17957458,-0.02031925321,-0.03321903571,-0.005092475098,0.03927225086,0.03927225085398214,-0.027964908164030126,-0.03040901757133291,-0.006166440534094342,0.04395106970900841,4.136129472964108,Phase 4 - Return
16.18955958,-0.01456059888,-0.03825732321,-0.0009695752524,0.04094598753,0.0409459875336855,-0.022144124405473753,-0.03485700142366481,-0.002293137873102288,0.04020279207685911,4.1233840164036275,Phase 4 - Return
16.19954558,-0.01961634494,-0.03569509462,0.00116308406,0.04074669966,0.0407466996610332,-0.02187245446411824,-0.03572735476615634,0.0013079773673123373,0.03978066208476918,4.112380199299035,Phase 4 - Return
16.20953158,-0.02635373548,-0.03116627783,0.003301915014,0.04094824648,0.04094824648609802,-0.02687463272553927,-0.03289809326425249,0.004230544479043503,0.042537759119639564,4.100023088653114,Phase 4 - Return
16.21951758,-0.03689079732,-0.02857768349,0.007887878455,0.04732687975,0.047326879752216826,-0.03565854125973704,-0.026878981241386123,0.0062484854870172865,0.047677470920507344,4.0837220842523685,Phase 4 - Return
16.22950358,-0.04619574919,-0.02069946378,0.0061240457,0.05099038125,0.05099038124725688,-0.04601695273957808,-0.01867913437562615,0.007302220119489414,0.053953472383864,4.061944886536192,Phase 4 - Return
16.23948858,-0.05848463625,-0.0104713263,0.006218321621,0.05973917371,0.05973917371003789,-0.05561671114198042,-0.009643694720890371,0.007479598347154554,0.059917205983593215,4.034460851479332,Phase 4 - Return
16.24947458,-0.06682215631,4.214141518e-05,0.007714513224,0.06726600972,0.06726600972333811,-0.06256475521110999,-0.0012378037136011708,0.007002915468941517,0.06424326701702619,4.002240104515684,Phase 4 - Return
16.25946058,-0.07211439312,0.00976214651,0.009670605883,0.07341189152,0.07341189152782349,-0.06586745541981164,0.005234343811607111,0.006234471636077598,0.06611347653436231,3.9670868469027964,Phase 4 - Return
16.26944658,-0.0721970126,0.008036307991,0.008019790053,0.07308425212,0.0730842521134681,-0.06568615223863496,0.008921917406107214,0.005682553994815645,0.06554851703994047,3.9310406268107188,Phase 4 - Return
16.27943258,-0.06538864225,0.01510193944,0.004315067083,0.06724851607,0.06724851607343245,-0.0632832686934034,0.009641239894154508,0.00594465946892013,0.06350857651375756,3.895733685242176,Phase 4 - Return
16.28941758,-0.05665439367,0.01344902627,0.003274083138,0.05832080461,0.05832080460797006,-0.06060397369821478,0.007940595660010003,0.0075438286490683275,0.06162147195169594,3.8618840323178385,Phase 4 - Return
16.29940358,-0.04851550609,0.005825993605,0.006661623716,0.04931605989,0.04931605989115413,-0.059567289341429,0.004963439623956934,0.01070995709888124,0.0615583691732359,3.829094048641712,Phase 4 - Return
16.30938958,-0.05182255059,-0.006026191637,0.01499311347,0.05428337855,0.05428337855019024,-0.061303003301182095,0.002073626254805168,0.015236653263195666,0.06429093555335752,3.7961040880956842,Phase 4 - Return
16.31937558,-0.06035398692,-0.01091149449,0.02128430083,0.06492061237,0.0649206123736273,-0.06565686010465965,0.0003122405569807405,0.02051744392261799,0.0695884208854063,3.761372036377698,Phase 4 - Return
16.32936158,-0.07216635346,-0.005212013144,0.02949954569,0.07813687253,0.07813687252919252,-0.07120207673646828,-7.301202313325489e-05,0.02575428527474118,0.07602828836785815,3.7238080792409414,Phase 4 - Return
16.33934658,-0.0811156407,0.003591598477,0.03189985082,0.08723673096,0.08723673095737679,-0.07577023604861252,0.000258888024177768,0.03023277880682283,0.0815333625565468,3.683354960878328,Phase 4 - Return
16.34933258,-0.08602766693,0.007562484127,0.03560611233,0.09341170097,0.09341170097395037,-0.0772891604295549,7.779820756958023e-05,0.033537478644403255,0.08419486106352722,3.6411564114504573,Phase 4 - Return
16.35931858,-0.08215942979,0.004126473796,0.03711798787,0.09024934744,0.09024934743766562,-0.0746068239330927,-0.0018278254844311965,0.03562748979803826,0.08303953616312185,3.599290688432612,Phase 4 - Return
16.36930458,-0.07335176319,-0.004992460832,0.03660875931,0.08213164485,0.08213164485421198,-0.06800996320125834,-0.006134943258300653,0.03675615270662266,0.07845529558149435,3.560079537995152,Phase 4 - Return
16.37929058,-0.06296783686,-0.01653539948,0.03583724052,0.07431470731,0.07431470731207308,-0.05927102732168202,-0.012761501805865284,0.03726284568372037,0.07213841984883972,3.5252556189292807,Phase 4 - Return
16.38927558,-0.05156270415,-0.02346403711,0.03258849308,0.06535505625,0.06535505625416516,-0.051207889123262726,-0.020919731155907544,0.03729585190925011,0.06659095533667193,3.4952414066366795,Phase 4 - Return
16.39926158,-0.0393547751,-0.01820242964,0.02938045003,0.05237688051,0.05237688050978273,-0.04686109705003129,-0.02928560314151115,0.03656242233501592,0.06431962187698509,3.468774394300637,Phase 4 - Return
16.40924758,-0.03227061778,-0.03287255764,0.03011479974,0.05503543387,0.05503543386835683,-0.048493668663724177,-0.036187553238888,0.034239224331377174,0.06697756931130204,3.443083860255963,Phase 4 - Return
16.41923358,-0.04508947581,-0.04371881112,0.03233693913,0.0706404481,0.07064044809359675,-0.0567301443897779,-0.03989739033128541,0.029167593866506535,0.0747600206777019,3.41457001059269,Phase 4 - Return
16.42921958,-0.06815887243,-0.0500510633,0.02861201577,0.08927143034,0.089271430339232,-0.0702000023856135,-0.03912862638356775,0.02034910799703343,0.08631481781060908,3.3798464601437597,Phase 4 - Return
16.43920458,-0.09144662321,-0.04400728643,0.01799186133,0.1030671297,0.10306712972408673,-0.08589536309685725,-0.03362841398146778,0.007572171465787646,0.09919335019824009,3.3367837000451006,Phase 4 - Return
16.44919058,-0.1105160639,-0.02889214829,-0.002618455561,0.1142602858,0.11426028584895613,-0.10012079831456555,-0.02454418204335131,-0.00813129554540458,0.11060837384720307,3.2851569509165723,Phase 4 - Return
16.45917658,-0.1189460307,-0.01292090304,-0.02143874764,0.1215513384,0.1215513383514391,-0.10963593083915484,-0.014294444321435755,-0.024464444559197836,0.11819519157986316,3.226738551753997,Phase 4 - Return
16.46916258,-0.1187824681,0.0006168009713,-0.04391943291,0.1266434829,0.12664348288996835,-0.11255039373178757,-0.005924808021613162,-0.038360112997158476,0.12057908825310153,3.164764320942642,Phase 4 - Return
16.47914858,-0.1081551164,0.006545530166,-0.05498540029,0.1215062444,0.12150624434037575,-0.10870128385278173,-0.00218012563756224,-0.04685232275900513,0.11766834136713379,3.1030574719102404,Phase 4 - Return
16.48913358,-0.1018301621,0.003885291982,-0.05954771861,0.1180271503,0.11802715026108784,-0.09948726863032133,-0.004632680802244707,-0.048029735225356175,0.11063297603419027,3.04509349842713,Phase 4 - Return
16.49911958,-0.08686186373,-0.007195321843,-0.0486215651,0.09980387077,0.09980387076585247,-0.08730897180009246,-0.013163626196732434,-0.0417322129453276,0.10153646379004798,2.9932435859878934,Phase 4 - Return
16.50910558,-0.06805188209,-0.02629929408,-0.03372192383,0.08037337664,0.08037337663613435,-0.07480584751803918,-0.02595724328800616,-0.02973373098506802,0.09264118552085647,2.948454480870399,Phase 4 - Return
16.51909158,-0.05104013905,-0.04118822515,-0.01415780839,0.06709701352,0.0670970135226478,-0.06406376871617706,-0.03999447136845528,-0.015331988575524837,0.08556564545491024,2.9103153129418557,Phase 4 - Return
16.52907758,-0.04490336031,-0.05969122797,0.003144670976,0.07476124276,0.07476124276149702,-0.05601082993171176,-0.051879861084431135,-0.002457474377746517,0.08066952695558426,2.8775529828048927,Phase 4 - Return
16.53906258,-0.04971462488,-0.06568467617,0.01700828783,0.08411481716,0.08411481715741291,-0.05026890252703441,-0.05875109965567425,0.005447845728508948,0.07705511419676059,2.8487399436449334,Phase 4 - Return
16.54904858,-0.05747575313,-0.06621848047,0.01905727945,0.08973031402,0.08973031401734793,-0.045611800015963176,-0.05901285366164056,0.006462287046335776,0.07325226865667575,2.822898950734944,Phase 4 - Return
16.55903458,-0.05620888621,-0.0557176359,0.01023156382,0.07980337547,0.07980337547658263,-0.04086687561034329,-0.0526968988278647,0.0007996134361418617,0.06819979489960513,2.7997476692557086,Phase 4 - Return
16.56902058,-0.04895716906,-0.04072185606,-0.008136847988,0.06419721379,0.06419721379094734,-0.03579261803406484,-0.04136873604978943,-0.009234550322718669,0.06193697604127438,2.779405438021833,Phase 4 - Return
16.57900658,-0.03182345629,-0.02607180551,-0.02708976716,0.04925775977,0.04925775977017044,-0.03142121296574651,-0.027642347755268835,-0.019987209681859117,0.055638849745216185,2.761765401432927,Phase 4 - Return
16.58899158,-0.02162569389,-0.01018508896,-0.04187177494,0.04821464726,0.048214647255508454,-0.029628847879529973,-0.014468141192640031,-0.027683154487086383,0.05105855297266428,2.7458902727143544,Phase 4 - Return
16.59897758,-0.01579736546,0.003788517322,-0.04291520268,0.0458870814,0.04588708140687719,-0.03211625619000144,-0.004391617212974267,-0.029703383563760604,0.0497264524003205,2.7298147176427148,Phase 4 - Return
16.60896358,-0.02407537587,0.006793093402,-0.03489803895,0.0429376637,0.04293766369757199,-0.03930035236048943,0.0010306829450976674,-0.025446115662264235,0.05224562133214121,2.710972359584288,Phase 4 - Return
16.61894958,-0.03988176957,0.002338690683,-0.01730599813,0.04353759972,0.043537599720481754,-0.04967888049508733,0.0015024865334318338,-0.016453105224832013,0.05788492785634284,2.6871057241263423,Phase 4 - Return
16.62893558,-0.06216143817,-0.001539509045,0.001510022907,0.0621988316,0.06219883160190418,-0.06002985606070263,-0.002125672393076425,-0.005768417157546305,0.06461944198925788,2.6573088372927853,Phase 4 - Return
16.63892058,-0.0780338794,-0.01368112676,0.01506950799,0.08064458838,0.08064458837825145,-0.06645001046402417,-0.008291634886094006,0.003212060576349817,0.0697376010928854,2.6227175663631375,Phase 4 - Return
16.64890658,-0.08755044639,-0.02395560592,0.02219064161,0.09344183374,0.09344183374242003,-0.06586793235987078,-0.015301777691638135,0.007958439303153443,0.0709157409738946,2.586452686927758,Phase 4 - Return
16.65889258,-0.07805813849,-0.02558599412,0.0164749641,0.08378031106,0.08378031106249834,-0.05742603050453781,-0.021830128212922736,0.007634062808317795,0.06730203710667637,2.55276936807105,Phase 4 - Return
16.66887858,-0.0511187166,-0.02343809791,0.001859372715,0.05626655212,0.05626655211902671,-0.043108385741084145,-0.02714127573248035,0.003226663590457396,0.05999468003916839,2.5255970508570273,Phase 4 - Return
16.67886458,-0.0189477317,-0.02463971637,-0.01504184585,0.03453099023,0.03453099022536703,-0.027249545372121976,-0.030989877503032698,-0.003040830390683021,0.05159532207154591,2.5070575569394755,Phase 4 - Return
16.68884958,0.006312097423,-0.02692753449,-0.01883591712,0.03346231404,0.03346231404638794,-0.015042198935904019,-0.03336088046612015,-0.008726404322973995,0.04510888643610008,2.4965482292699095,Phase 4 - Return
16.69883558,0.009769412689,-0.04511479288,-0.01937334239,0.05006108625,0.050061086247238616,-0.01065036232110554,-0.03430706480411084,-0.012132128980291606,0.04284331997972427,2.490786507307825,Phase 4 - Return
16.70882158,-0.003091450781,-0.03771977872,-0.01437746175,0.04048518471,0.040485184709839514,-0.015737566663440124,-0.03399566285172241,-0.012812655273698204,0.04579038171828198,2.4848258560572076,Phase 4 - Return
16.71880758,-0.02838748507,-0.03207494318,-0.008691612631,0.04370578245,0.04370578244039409,-0.029004567718915464,-0.03282339466064078,-0.011504424400815564,0.05350570714953586,2.473614473608073,Phase 4 - Return
16.72879358,-0.05696468055,-0.02707543969,-0.004767602775,0.06325175334,0.06325175334163127,-0.046839275703775884,-0.031385842608868945,-0.00962156952096341,0.06431059756212801,2.453505581817307,Phase 4 - Return
16.73877858,-0.07685955614,-0.02448205277,-0.001701771864,0.08068245352,0.0806824535159162,-0.06470366605729787,-0.030273345336777835,-0.008595134047060794,0.07576576755911199,2.423187005956359,Phase 4 - Return
16.74876458,-0.08977941424,-0.03107620031,-0.005781190936,0.09518138271,0.09518138271544098,-0.0786489160121747,-0.029865594331505752,-0.009325334897595752,0.08540224501280885,2.383765360902676,Phase 4 - Return
16.75875058,-0.09369106591,-0.03402458504,-0.01076449733,0.1002574816,0.10025748162238932,-0.08641849373185966,-0.030289665908450808,-0.011923566538949932,0.09151246497611802,2.338131585131797,Phase 4 - Return
16.76873658,-0.09115420282,-0.03693180531,-0.01667503826,0.09975521959,0.09975521959365287,-0.08786027851566958,-0.031535810344463594,-0.015787002477797827,0.09368064491702852,2.2898626427912236,Phase 4 - Return
16.77872258,-0.08352477849,-0.03211440891,-0.02298593149,0.09239089201,0.09239089201812714,-0.0846473901227561,-0.033575957987624035,-0.019924164258944704,0.09282295758943551,2.24210037392271,Phase 4 - Return
16.78870758,-0.07337007672,-0.03179440275,-0.02892852016,0.08503476631,0.08503476631810908,-0.07949523392434577,-0.03634063083009914,-0.02337998143377352,0.09072292965791015,2.1967357021166594,Phase 4 - Return
16.79869358,-0.06449829042,-0.03132009506,-0.03121670708,0.07820141062,0.07820141061763927,-0.07515738367697186,-0.03956995335150434,-0.025594316747196824,0.08925829517959002,2.1540813674517745,Phase 4 - Return
16.80867958,-0.06336089969,-0.04163547605,-0.02498314343,0.07982652398,0.07982652398219728,-0.07351973105232051,-0.04271532349602686,-0.026551229283939912,0.0896473910042402,2.113136491664386,Phase 4 - Return
16.81866558,-0.07205159217,-0.05286496133,-0.02350056171,0.09240353062,0.09240353062161596,-0.07508666191518996,-0.04507334225012286,-0.026656721188621224,0.09204477166287914,2.072211847804937,Phase 4 - Return
16.82865158,-0.08209372312,-0.0542630665,-0.01959281974,0.1003381201,0.10033812010921263,-0.0790223315796944,-0.04615051745108769,-0.02642332164697847,0.09565394479387059,2.0297130319431846,Phase 4 - Return
16.83863658,-0.09165873379,-0.04929973185,-0.02372711152,0.1067462546,0.10674625455513888,-0.08368177700884478,-0.046034111341555696,-0.02615633549081968,0.09925507482628572,1.9847598463033498,Phase 4 - Return
16.84862258,-0.09430165589,-0.04677425697,-0.0266802907,0.1085931459,0.10859314587269342,-0.08735459379267212,-0.04549693967860283,-0.025830804761953947,0.10183787332384588,1.9374184831230488,Phase 4 - Return
16.85860858,-0.09174129367,-0.04448846728,-0.02818524279,0.1057832529,0.10578325291037358,-0.08888210595820033,-0.045729241508998195,-0.025220486428612545,0.10301905306452769,1.888589421136682,Phase 4 - Return
16.86859458,-0.08793729544,-0.03575846553,-0.02912819013,0.09929797201,0.09929797201661004,-0.08792631764079482,-0.04779960755961448,-0.024185508082881477,0.10307898448445045,1.8395968016341209,Phase 4 - Return
16.87858058,-0.08317103982,-0.04771792144,-0.02905282192,0.1001922569,0.10019225695037152,-0.08487125458205816,-0.052074181566737036,-0.022940605603682943,0.10265755541378,1.7917515977781031,Phase 4 - Return
16.88856558,-0.07711528242,-0.04829534888,-0.02120561898,0.09342850626,0.09342850626271522,-0.08049235386102103,-0.0578624049989122,-0.022136181723144743,0.10230325999886926,1.7460376643877438,Phase 4 - Return
16.89855158,-0.07134181261,-0.0639275685,-0.02024821192,0.09791005222,0.09791005222529389,-0.07557598234034185,-0.06349518071145986,-0.022671542891567233,0.1021162402507392,1.7029783240219603,Phase 4 - Return
16.90853758,-0.06824806333,-0.07729546726,-0.01930927858,0.1049058418,0.104905841813111,-0.07064179781285847,-0.06687461561861799,-0.025297609837486447,0.10166863298709407,1.6627370093262341,Phase 4 - Return
16.91852358,-0.06703792512,-0.07984144986,-0.0218363516,0.1065155706,0.10651557055820732,-0.06585963780764179,-0.06631253275766788,-0.030190406541079604,0.10024185899674512,1.625275325361877,Phase 4 - Return
16.92850958,-0.06509970874,-0.07453920692,-0.03384271264,0.1045915611,0.10459156106077118,-0.06116515187087779,-0.06127836383675829,-0.03671536250628539,0.09722979932670181,1.5905246996768685,Phase 4 - Return
16.93849458,-0.06072600186,-0.0453786552,-0.04632095248,0.08883974498,0.08883974498114923,-0.056477842522655246,-0.052647506347007315,-0.04353602783758481,0.09244797588497063,1.5584612087672118,Phase 4 - Return
16.94848058,-0.05227681622,-0.03155056387,-0.05685551837,0.08343172996,0.0834317299577086,-0.05186803750414193,-0.0422914330914369,-0.049062086330800475,0.08617924738497822,1.5290542049681413,Phase 4 - Return
16.95846658,-0.04689696431,-0.02349956334,-0.06005131453,0.0797352815,0.07973528149724608,-0.04755677564735077,-0.032260979174185224,-0.052042636708139016,0.07900181078836603,1.50219932059624,Phase 4 - Return
16.96845258,-0.03947821259,-0.01734382287,-0.05632175878,0.07093291178,0.07093291177668992,-0.04374478190307672,-0.02405739710937777,-0.05201282436417543,0.07156858294599297,1.4776683195357414,Phase 4 - Return
16.97843858,-0.03489144892,-0.024707729,-0.04603530094,0.06282622074,0.0628262207419066,-0.04037648722891467,-0.018365330974620807,-0.049373497549100594,0.0644484608856482,1.455191439784012,Phase 4 - Return
16.98842458,-0.03391485661,-0.02466714382,-0.0374102518,0.05619797526,0.05619797525581174,-0.03699457375749435,-0.015275503762874062,-0.04508856480271055,0.058039813064270356,1.4346456449110954,Phase 4 - Return
16.99840958,-0.03309300542,-0.02146948501,-0.03464056551,0.05249813876,0.052498138759153795,-0.03281492061147644,-0.014716335794961401,-0.04020259566577792,0.05255072151536571,1.4162648874226405,Phase 4 - Return
17.00839558,-0.03177515045,-0.01973374747,-0.03494314477,0.0511869548,0.05118695480048647,-0.027054663088417884,-0.016713853965261212,-0.035469619923878634,0.0480551825053409,1.4007258771430504,Phase 4 - Return
17.01838158,-0.02563283592,-0.01102733985,-0.0341319479,0.04408666884,0.04408666883443741,-0.019413498123762633,-0.021251484044225225,-0.03127755188788489,0.04460384215236714,1.3890207166889077,Phase 4 - Return
17.02836758,-0.01801829413,-0.01116949879,-0.03293249756,0.03916587829,0.03916587828856146,-0.01051088725786345,-0.027809636188215088,-0.02783827072029234,0.04233279828100873,1.3820483636765464,Phase 4 - Return
17.03835358,-0.008825594559,-0.02976262569,-0.03122194856,0.04402857117,0.044028571168801114,-0.0020670506831556115,-0.03494493611573104,-0.02545258587068789,0.04154336646339741,1.3800384446560523,Phase 4 - Return
17.04833858,0.002369615715,-0.04333942011,-0.02533544041,0.05025738707,0.05025738706773869,0.0033217285030997133,-0.04032068746706165,-0.024635419911084068,0.04277091989674175,1.3819855352941195,Phase 4 - Return
17.05832458,0.007972639985,-0.04816906154,-0.02308666706,0.05400755201,0.05400755200815917,0.0028439302198462516,-0.0413368155828978,-0.025979982572069505,0.04681054096153309,1.3853377436794567,Phase 4 - Return
17.06831058,0.008319366723,-0.05096340925,-0.0220663473,0.05615518345,0.05615518344925037,-0.0055638331756834745,-0.03612184142059419,-0.029795937589236106,0.05455690253605683,1.3861479898870857,Phase 4 - Return
17.07829658,0.0002521192655,-0.04088041559,-0.02641502209,0.04867263435,0.04867263435391944,-0.022266349551648707,-0.024430915671285722,-0.0357068819298934,0.06653259300777911,1.3797747418195903,Phase 4 - Return
17.08828258,-0.04038256779,-0.001554475399,-0.04184218869,0.05817161618,0.058171616183922595,-0.04543254332013649,-0.008020210871113523,-0.042457686973163045,0.08222900088716605,1.3619959397843366,Phase 4 - Return
17.09826758,-0.08372604847,-0.003811770817,-0.05375903472,0.09957215777,0.0995721577710772,-0.07135196037049779,0.009717682716011046,-0.0481013360013691,0.09970964200732164,1.3301780194356116,Phase 4 - Return
17.10825358,-0.1090223119,0.04915647954,-0.05345647037,0.1309954892,0.13099548922465235,-0.09554008652087428,0.02476605417213561,-0.05052486404808343,0.11594720176527026,1.2840222554343765,Phase 4 - Return
17.11823958,-0.1251791716,0.05385030061,-0.05381307006,0.1465111818,0.1465111817832758,-0.11413479394721548,0.03378771936851948,-0.04808348331436339,0.12788988191064998,1.2256272713659377,Phase 4 - Return
17.12822558,-0.1257034838,0.03979216889,-0.04354206473,0.1388549385,0.13885493849834313,-0.12495229366293038,0.03519114006621221,-0.04009215951484564,0.13367530828452204,1.1588181069878476,Phase 4 - Return
17.13821158,-0.1340929717,0.02126801573,-0.03374456242,0.1398997821,0.13989978214902912,-0.1278680971232508,0.029464733441077733,-0.02703280934522711,0.13331539252526628,1.0880801490781062,Phase 4 - Return
17.14819658,-0.1259189397,0.01457139384,-0.005359130446,0.126872476,0.1268724760251406,-0.12456560776178098,0.018685431426167517,-0.010436339100077978,0.12857801363885765,1.017459886066001,Phase 4 - Return
17.15818258,-0.1113991216,-0.001369756414,0.01385024935,0.1122651768,0.11226517684902321,-0.11785442066864982,0.005594407782357239,0.007517598780165891,0.12222542535918987,0.9496972412201614,Phase 4 - Return
17.16816858,-0.1011775583,-0.02081690542,0.02354861051,0.1059470571,0.10594705711706581,-0.11076998704089884,-0.007248812197664152,0.024529261499979874,0.11697304233973109,0.8858812175737459,Phase 4 - Return
17.17815458,-0.09703954309,-0.006906415336,0.03926845267,0.1049113096,0.10491130954766188,-0.10570483157138165,-0.017924605749025328,0.0386326295402738,0.11457751594033685,0.8255409219765425,Phase 5 - Final Stable
17.18814058,-0.1002398655,-0.01210490614,0.04915836826,0.1122991743,0.11229917434292239,-0.10385485377024707,-0.025180147346180716,0.04847561002521772,0.11539894111342637,0.7671788926795959,Phase 5 - Final Stable
17.19812658,-0.1105854437,-0.039496582,0.05466551706,0.1295277542,0.12952775418205068,-0.10515606766087048,-0.028250802005820905,0.05346734878279963,0.11857669030232068,0.7089738525697434,Phase 5 - Final Stable
17.20811158,-0.1149367392,-0.02168413624,0.05958633497,0.1312676163,0.13126761633228792,-0.10865273007262052,-0.026803630893085798,0.05385062401773467,0.12266279316753845,0.6494022125457491,Phase 5 - Final Stable
17.21809758,-0.1149292812,-0.02566822618,0.05268928036,0.1290106886,0.1290106886162189,-0.11303484756768983,-0.0211093120713389,0.05068324293455975,0.12633056549016072,0.5875706621725867,Phase 5 - Final Stable
17.22808358,-0.114254944,-0.03531845659,0.04645204917,0.1282941093,0.1282941092818955,-0.11706420701374588,-0.012272538734609744,0.045660960412334924,0.12879385987427475,0.5233327747533089,Phase 5 - Final Stable
17.23806958,-0.1198007166,-0.0009378448594,0.03696294129,0.1253768331,0.12537683310588843,-0.1197807716980768,-0.002249980531026652,0.040743935481362924,0.12982884592104446,0.45716502801696873,Phase 5 - Final Stable
17.24805558,-0.1233515814,0.02889328636,0.03365596756,0.1310845482,0.13108454822350937,-0.12056695615585687,0.006579880586034655,0.037644162648368715,0.12954786204153942,0.38999522241717,Phase 5 - Final Stable
17.25804058,-0.1208580658,0.01572715119,0.02790433913,0.1250306662,0.12503066622134065,-0.11917218591427668,0.01225832090207435,0.03732285935351583,0.1281358096297215,0.3230062286788111,Phase 5 - Final Stable
17.26802658,-0.1161525473,0.02023273893,0.03170777485,0.1220907898,0.12209078980343507,-0.11570452224189445,0.014064620601731663,0.03968643692608392,0.12566935346464186,0.2574015605061941,Phase 5 - Final Stable
17.27801258,-0.1083505526,0.03099111095,0.04612985998,0.1217713234,0.12177132334180729,-0.11054437489981926,0.01283251023205808,0.0436514288711507,0.12205821512126917,0.19426511776132144,Phase 5 - Final Stable
17.28799858,-0.102444917,0.007953915745,0.05797352642,0.1179794709,0.1179794709277249,-0.10418286390532537,0.010581229793121965,0.04763453792767682,0.11712734768393526,0.13442476599804265,Phase 5 - Final Stable
17.29798458,-0.09699315578,-0.02477926388,0.06161060557,0.1175480791,0.1175480791221198,-0.09705133838286557,0.00952516508989599,0.05029694044864115,0.1108225388419054,0.07844447280263446,Phase 5 - Final Stable
17.30796958,-0.090748474,-0.01156785339,0.05713837594,0.1078605339,0.1078605338872471,-0.08940842522903686,0.010813874781655946,0.05117393719661576,0.1034381153923999,0.026696001541555006,Phase 5 - Final Stable
17.31795558,-0.08020129055,0.013926588,0.05242777616,0.09682390496,0.09682390496303239,-0.08129379985573248,0.0137249739315651,0.05084545671354485,0.09570856685171122,-0.02054976995814428,Phase 5 - Final Stable
17.32794158,-0.06871909648,0.03255965933,0.0417794995,0.08676388774,0.08676388773668285,-0.07251717392942049,0.015939496519976275,0.050548638931852276,0.08865163021057451,-0.06296332898891645,Phase 5 - Final Stable
17.33792758,-0.05878284574,0.02986507118,0.03693228215,0.0755734007,0.07557340070875672,-0.06268199675880808,0.014799124737628979,0.05142877070079556,0.08318754182709726,-0.1000524638311293,Phase 5 - Final Stable
17.34791358,-0.04989931732,0.02739440836,0.04901433364,0.07511857547,0.07511857546951836,-0.051308990764788724,0.008775454278256415,0.05381819177026595,0.07969850530978763,-0.13107440771669082,Phase 5 - Final Stable
17.35789858,-0.04592454806,0.003340203781,0.05303543806,0.07023516759,0.0702351675873985,-0.03812704241845674,-0.001654913954318501,0.05692883678330935,0.07774788175228918,-0.15506932052388028,Phase 5 - Final Stable
17.36788458,-0.0349977538,-0.02047798969,0.06497501582,0.07658944779,0.07658944779536155,-0.023484221802812857,-0.014105880811841862,0.05912267617112019,0.07612915786663442,-0.171106586982543,Phase 5 - Final Stable
17.37787058,-0.0161558874,-0.03420259058,0.06960625201,0.07922032706,0.07922032705653399,-0.00866204236150531,-0.02522396588224904,0.058621619967943774,0.07328809394296991,-0.17871457024915635,Phase 5 - Final Stable
17.38785658,0.004324817099,-0.0504091531,0.06351161003,0.08120043946,0.08120043945571871,0.00418943452001131,-0.03200164877490059,0.05431395691852813,0.0679907111462535,-0.1784057340467788,Phase 5 - Final Stable
17.39784258,0.0209442731,-0.04065345973,0.05084828287,0.06838796849,0.06838796849251812,0.012627435433842881,-0.032882405128189914,0.04628110132590196,0.05994684458806603,-0.17200645029642803,Phase 5 - Final Stable
17.40782758,0.02816649899,-0.02765670046,0.03211001679,0.05088514444,0.05088514443275087,0.014845297830154825,-0.028225853076057794,0.03581010311828434,0.050054105325724144,-0.1625597064178692,Phase 5 - Final Stable
17.41781358,0.02600347996,-0.01673374698,0.01933137141,0.03646781017,0.036467810170232956,0.01056217851436888,-0.02001966597887724,0.02491561100828328,0.04008628948739124,-0.1537028406577259,Phase 5 - Final Stable
17.42779958,0.007541259751,-0.004651942756,0.008227098733,0.01209116717,0.012091167172762258,0.0014341123171772462,-0.011058430778842294,0.015623170968348083,0.031945749485296264,-0.14868261770809085,Phase 5 - Final Stable
17.43778558,-0.01518589072,0.005309611093,0.005366863683,0.01695896438,0.016958964376122588,-0.009289246090009272,-0.003973714924013468,0.009335823451975112,0.026863150657033832,-0.14934144717428988,Phase 5 - Final Stable
17.44777158,-0.03283887729,0.006362784654,0.005647923797,0.0339230885,0.03392308850086582,-0.017807407736144306,-0.0004598568000760029,0.006511125520103187,0.02499880101534645,-0.15550484888761468,Phase 5 - Final Stable
17.45775758,-0.03678674623,0.0008284696378,0.008224532008,0.03770403144,0.0377040314407066,-0.021100661582815077,-0.000913717235038038,0.006702596960305359,0.02565141945464051,-0.16504723468019786,Phase 5 - Final Stable
17.46774258,-0.02782324515,-0.007266794331,0.01252761669,0.03136686868,0.03136686867472778,-0.0179703924034195,-0.004555023137891327,0.008866669927884626,0.027824973032036536,-0.17463528652669663,Phase 5 - Final Stable
17.47772858,-0.01037154905,-0.0177034568,0.01359101571,0.02461091467,0.024610914659871724,-0.009341906456752447,-0.00991929275418285,0.011763087269306919,0.03067522528295091,-0.18086037950278022,Phase 5 - Final Stable
17.48771458,0.01212771889,-0.01983659528,0.01539550163,0.02788536441,0.027885364408892235,0.002263688041943245,-0.015476174520855729,0.014293187583049403,0.03359867526905612,-0.18129695071150842,Phase 5 - Final Stable
17.49770058,0.02619213797,-0.02088428289,0.01631296054,0.0372598181,0.037259818100047935,0.013808370801744189,-0.020106001310314547,0.01569644951585578,0.03612190128951322,-0.1751107409051584,Phase 5 - Final Stable
17.50768658,0.03234598041,-0.02226704732,0.01386850141,0.0416463585,0.041646358501006966,0.02286950069091552,-0.023286983659189277,0.01560916076580728,0.03786321195709591,-0.16302966499037813,Phase 5 - Final Stable
17.51767158,0.03284638748,-0.02385748923,0.01310923509,0.04266048531,0.042660485317102925,0.028359142843343017,-0.025022487925212278,0.01404049637080879,0.03864372671571889,-0.14678756247741503,Phase 5 - Final Stable
17.52765758,0.02873941138,-0.02609358542,0.01437621377,0.04139449829,0.041394498292652945,0.03060575075218856,-0.025641730427550715,0.011331290721480864,0.03861263132858225,-0.12833066370671803,Phase 5 - Final Stable
17.53764358,0.02299949899,-0.023922842,0.01085737813,0.03491650015,0.03491650015402141,0.030874155966484605,-0.02559022028292368,0.008124576053345172,0.0382254777189276,-0.10915427544660244,Phase 5 - Final Stable
17.54762958,0.02398783341,-0.02396641299,0.005841875449,0.03440832184,0.03440832184333874,0.030612463075739726,-0.025259953959074655,0.005309686050514644,0.03804005731804113,-0.08997596693955731,Phase 5 - Final Stable
17.55761558,0.02518492565,-0.02355948091,0.003548360895,0.03466872489,0.03466872489414411,0.030773846899193782,-0.024875428558926015,0.0038719461419045977,0.03843702223940902,-0.07082635463251523,Phase 5 - Final Stable
17.56760158,0.02982373908,-0.02307467908,0.001471781405,0.03773675089,0.037736750891684,0.03146910380761699,-0.024453420558681407,0.004630551359556944,0.039428368039350785,-0.05143167640628475,Phase 5 - Final Stable
17.57758658,0.03292259201,-0.02740018442,0.003522415413,0.04297760558,0.042977605578355185,0.03202750123697847,-0.02384881908902449,0.007928911773963685,0.040659395918011695,-0.03168033357259982,Phase 5 - Final Stable
17.58757258,0.03686026111,-0.02717328444,0.009276849218,0.04672393571,0.04672393570503272,0.03137724774585855,-0.022859153826953527,0.013391446033283965,0.04158937619071198,-0.011953290620024938,Phase 5 - Final Stable
17.59755858,0.0326500684,-0.01835209504,0.01693343557,0.04110435013,0.04110435012362089,0.028558839890962882,-0.021306432237643145,0.019862076001808414,0.041731103634476664,0.006781445231705313,Phase 5 - Final Stable
17.60754458,0.02749323845,-0.01062381547,0.02450568788,0.03833108861,0.03833108861069757,0.02316356122769213,-0.01902598962549813,0.025596121483045957,0.04081404481356282,0.023166427491759352,Phase 5 - Final Stable
17.61753096,0.01787496544,-0.01542629395,0.0326520279,0.04029441476,0.04029441475558839,0.015541900056810488,-0.015814702044932485,0.028701963385909555,0.038830043588650685,0.03582803368570068,Phase 5 - Final Stable
17.62751596,0.005325024948,-0.01598427817,0.03669645637,0.04037923909,0.04037923908926559,0.006725874203614968,-0.011493849688243003,0.027738486032479505,0.03601768361746828,0.04378590331341873,Phase 5 - Final Stable
17.63750196,-0.006226968952,-0.01470542885,0.03171980754,0.03551296904,0.03551296904464938,-0.0018865390656032871,-0.006150689457143905,0.02228032767726702,0.03281761986153621,0.046758679929534856,Phase 5 - Final Stable
17.64748796,-0.01234742254,-0.007551965769,0.01733083837,0.02257983589,0.022579835893214814,-0.00895330853416928,-0.00040496009467004616,0.013207824495604986,0.029748796379506122,0.045245990017183456,Phase 5 - Final Stable
17.65747396,-0.0164225921,0.0045611565,0.0003870076034,0.01704862032,0.01704862031912155,-0.013550438438592022,0.004559955367068785,0.0025385322200249284,0.02719027024969938,0.040396517116590515,Phase 5 - Final Stable
17.66745996,-0.01576641761,0.01579889655,-0.0174528677,0.0283335075,0.02833350750267646,-0.015349747390612668,0.007346563285956537,-0.0071895572857609,0.025209244668979527,0.033717164886713946,Phase 5 - Final Stable
17.67744596,-0.01398023404,0.02003864944,-0.02278531529,0.03340905578,0.03340905577919098,-0.014582033206654868,0.006965677104153714,-0.013743366512433531,0.023621050681401135,0.026742696267130713,Phase 5 - Final Stable
17.68743096,-0.008940029889,0.01285807323,-0.02112383209,0.02629582598,0.02629582597620333,-0.011842187395231695,0.003398567185320498,-0.015869599742685144,0.02225926969629248,0.02077226072994506,Phase 5 - Final Stable
17.69741696,-0.004966327921,-0.007393402047,-0.01361158676,0.01626659464,0.01626659463355792,-0.007839726525098388,-0.0022669346007683907,-0.013537458029064971,0.02120370732974554,0.016730051697455603,Phase 5 - Final Stable
17.70740296,-0.002886879724,-0.01857548207,-0.0001394879073,0.01879899108,0.0187989910779812,-0.0032032543048095222,-0.008262312637624766,-0.007697093498366731,0.020770993345115004,0.015159249872013503,Phase 5 - Final Stable
17.71738896,-0.0002793786116,-0.02261230163,0.008041210473,0.02400115213,0.02400115212413365,0.001592837915443628,-0.01289951755343165,0.0002562959271975681,0.021326834443756444,0.016286895585785402,Phase 5 - Final Stable
17.72737496,0.005147905089,-0.01817946881,0.01117111556,0.02194966596,0.02194966596269722,0.006188946861512547,-0.015227547079135977,0.00899803983811167,0.023087788152088846,0.020101441800986657,Phase 5 - Final Stable
17.73735996,0.008420397528,-0.01426302455,0.01415412314,0.02178706419,0.02178706418280661,0.010264368800177923,-0.015250862429596482,0.017514452324727495,0.02598180690931922,0.02639609031893328,Phase 5 - Final Stable
17.74734596,0.01443609968,-0.01001560315,0.01891550235,0.02581684547,0.02581684546148196,0.013506079899620773,-0.013675591289201795,0.025028804984880398,0.02956436827720216,0.0347846387675565,Phase 5 - Final Stable
17.75733196,0.01714906096,-0.001907875296,0.02670951001,0.03179824217,0.03179824216728298,0.015652982943636637,-0.011392802085203903,0.030793968738334843,0.03303496114425296,0.044714750241464915,Phase 5 - Final Stable
17.76731796,0.01661825553,-0.003304809332,0.03348829225,0.03753070608,0.03753070608718493,0.016587328567610526,-0.008990211564279697,0.03399823870492503,0.03542664955032749,0.05552633863909745,Phase 5 - Final Stable
17.77730396,0.01848007366,-0.008508093655,0.03985963762,0.04475144122,0.04475144122057966,0.016417376853412144,-0.006537941105342564,0.033916313339515114,0.03595791242248182,0.0665566031854938,Phase 5 - Final Stable
17.78728996,0.01653588004,-0.008357146755,0.03646018729,0.04089770761,0.04089770761061988,0.015506841774920267,-0.0037432561364833966,0.030243529453885885,0.03440365165725672,0.0772777644180137,Phase 5 - Final Stable
17.79727496,0.01501947641,-0.00844796095,0.02800411731,0.03288135189,0.032881351890631155,0.0144291199058105,-0.0003543892255599213,0.023407310494610412,0.031268740821693466,0.08742911276340812,Phase 5 - Final Stable
17.80726096,0.01388677396,-0.002061485779,0.01611511596,0.02137262681,0.021372626816500588,0.013839133170336554,0.0034552731318929623,0.014642007993163177,0.02761511094156348,0.09710438331477779,Phase 5 - Final Stable
17.81724696,0.01194293238,0.009673733264,0.002729801694,0.01560982275,0.01560982275315251,0.014275190687023402,0.0069712512841136835,0.005735919462582683,0.024596234196782755,0.10673561812970488,Phase 5 - Final Stable
17.82723296,0.01092091855,0.01399923861,-0.008513780311,0.01969085064,0.01969085063727365,0.01593594714932766,0.009170613271956429,-0.001475158238230459,0.02295229643702641,0.11696670493159662,Phase 5 - Final Stable
17.83721896,0.01498783194,0.01476196945,-0.0114102345,0.02393207679,0.02393207679348802,0.0185163172141411,0.009171855718497171,-0.005671042923047748,0.022745684850064615,0.12841108399485998,Phase 5 - Final Stable
17.84720396,0.02114894241,0.01060259063,-0.009358620271,0.02544162861,0.02544162861346798,0.021204093802493388,0.0066520826461309,-0.006438671873738997,0.0234428133944638,0.14136126604190025,Phase 5 - Final Stable
17.85718996,0.02566832863,0.001706567127,-0.002589663956,0.02585501548,0.025855015479044684,0.022892170515378747,0.0020272875750436494,-0.004343760848551549,0.024234370609612137,0.1555645796567522,Phase 5 - Final Stable
17.86717596,0.02801328711,-0.004929284565,-0.0002640276216,0.02844489078,0.0284448907822654,0.022552213605493095,-0.003660053151345386,-0.0006878702709776633,0.02440408720018785,0.17015356045553376,Phase 5 - Final Stable
17.87716196,0.0226366315,-0.01191022899,0.006837558001,0.02647683591,0.02647683590760172,0.019618859519057286,-0.009062428037084912,0.0029175512082348296,0.02360346197073584,0.1838061195570313,Phase 5 - Final Stable
17.88714796,0.01541449875,-0.01264329161,0.006353207398,0.02092421656,0.020924216560990996,0.014222638142423683,-0.012913291251025725,0.004999232075520494,0.021959652364793608,0.19507577180931954,Phase 5 - Final Stable
17.89713396,0.006876937114,-0.01626039669,0.007417406421,0.01914969145,0.01914969144922094,0.0071907118838823525,-0.014361873357640345,0.004575343136706993,0.020003386938585895,0.2027900065911488,Phase 5 - Final Stable
17.90711896,-0.0004509286955,-0.01888669841,0.002875912935,0.01910972498,0.0191097249778332,-0.00015595892153835286,-0.013206551801151965,0.001355715822246164,0.01846885031947354,0.2063904829795227,Phase 5 - Final Stable
17.91710496,-0.007652382366,-0.01129242871,-0.002806207631,0.01392669032,0.013926690321615637,-0.006318372866016928,-0.010000993933409722,-0.004225100124907241,0.018052554220273197,0.20612667034493926,Phase 5 - Final Stable
17.92709096,-0.01163224224,-0.007701208815,-0.01057274453,0.01750430243,0.01750430243222845,-0.00995981339116249,-0.005988950969712559,-0.011129835722610528,0.019205054786818717,0.20305819232639424,Phase 5 - Final Stable
17.93707696,-0.01260802429,-0.00622661598,-0.01708097756,0.02212448457,0.022124484569472913,-0.010207830386491085,-0.002833410470745904,-0.017969466655841156,0.022010485320317463,0.19887702675176128,Phase 5 - Final Stable
17.94706296,-0.008943725377,0.002698166296,-0.02675885521,0.02834266496,0.028342664961675857,-0.006870679747511432,-0.00215527292198159,-0.02334730686926341,0.026184719610592055,0.1955795938175514,Phase 5 - Final Stable
17.95704796,-0.002349472139,0.006553091574,-0.03159941733,0.03235716619,0.03235716619397736,-0.000530384501432208,-0.00495557396995844,-0.02624028664034298,0.031163396447763177,0.19505071654128117,Phase 5 - Final Stable
17.96703396,0.004590850789,0.00105441222,-0.03301486373,0.03334919674,0.03334919674005683,0.007511508495034355,-0.011092542021725202,-0.026317416757471544,0.036202383124519934,0.19863621145932933,Phase 5 - Final Stable
17.97701996,0.01488822885,-0.01577756554,-0.0257566832,0.03367488177,0.03367488176852489,0.015444664016194366,-0.019089167903364672,-0.02405719820291953,0.040449609289470966,0.20679181354525994,Phase 5 - Final Stable
17.98700596,0.02308197692,-0.03396056592,-0.01663509011,0.04430376868,0.044303768678408136,0.02131104001889648,-0.026495278288909067,-0.02056277518309679,0.043048342777620686,0.21889515562465728,Phase 5 - Final Stable
17.99699196,0.02824025415,-0.04554931074,-0.01060835738,0.05463322167,0.05463322166637688,0.023474993863335042,-0.03075265217271091,-0.017109648526155697,0.043367476964493425,0.2332957970176869,Phase 5 - Final Stable
18.00697796,0.02969148569,-0.03974553198,-0.009042628109,0.05042876915,0.050428769149864786,0.021098259763020454,-0.030190775085690364,-0.014615817046243875,0.04131745163304325,0.24763556669746897,Phase 5 - Final Stable
18.01696296,0.02054592408,-0.02952831797,-0.008782703429,0.03702961569,0.037029615687451,0.014455333449849166,-0.024673486843396344,-0.013278641375820055,0.037513724473457306,0.25939383393178683,Phase 5 - Final Stable
18.02694896,0.003145058639,-0.01413242333,-0.0137905404,0.01999489403,0.019994894036856233,0.004923190284730411,-0.015607912744378465,-0.012539818176933299,0.033065522730052116,0.2665259500295325,Phase 5 - Final Stable
18.03693496,-0.01253004186,0.002020181157,-0.01475487091,0.01946251002,0.01946251002546214,-0.005410297737941984,-0.005357371240047746,-0.011385514703213553,0.029065272805344718,0.2679749495229314,Phase 5 - Final Stable
18.04692096,-0.02072798088,0.01487941388,-0.01712376438,0.03072896769,0.030728967690368952,-0.014377386201604218,0.0036477828550498907,-0.008843805025242412,0.026140125347131168,0.2639024820331713,Phase 5 - Final Stable
18.05690696,-0.02351231501,0.01671699435,-0.008943598717,0.03020388741,0.030203887419306265,-0.020319535223847645,0.009718136865459609,-0.004456052123463661,0.024368958462414575,0.2555648122795964,Phase 5 - Final Stable
18.06689196,-0.02156823501,0.01287804917,1.325272024e-05,0.02512037196,0.025120371961938004,-0.0223995162843267,0.01231434986390405,0.0014921669933768249,0.023521774682721177,0.24493325373615352,Phase 5 - Final Stable
18.07687796,-0.01791783981,0.00658739591,0.01019904483,0.02164401266,0.021644012654225078,-0.020588615494132028,0.011940500764194967,0.008082062901031882,0.02334079105068329,0.23422365254068492,Phase 5 - Final Stable
18.08686396,-0.01320200413,0.00284714438,0.02129537612,0.02521690283,0.025216902828487264,-0.015452253334383386,0.009659944384409782,0.014149884328663374,0.023669712734043478,0.22550150923429307,Phase 5 - Final Stable
18.09684996,-0.008402988315,0.002074295189,0.02393403649,0.02545095315,0.02545095314242252,-0.007908292775022089,0.00653491474309593,0.01875695547876035,0.024440427378351923,0.22040692509842022,Phase 5 - Final Stable
18.10683596,-0.000940090511,0.00266311923,0.02423191816,0.02439593884,0.024395938840614556,0.0009338532733819086,0.0032701345858942607,0.021512881921400457,0.02559239530278541,0.220000042735671,Phase 5 - Final Stable
18.11682196,0.00880201906,0.002783760428,0.01960520819,0.02167000346,0.021670003456998918,0.009855817021934662,0.0001760759574390591,0.022604574213126085,0.02696451546264294,0.2246750783041567,Phase 5 - Final Stable
18.12680696,0.01808100939,0.004073317163,0.01757142134,0.0255395705,0.02553957049716118,0.017604988086615037,-0.00262321846412942,0.02254568035030875,0.028207451565279013,0.23411841014364002,Phase 5 - Final Stable
18.13679296,0.02360680327,-0.001799219521,0.01724864729,0.02929222055,0.02929222055167642,0.023017139532282398,-0.004932343605148844,0.021812173142395544,0.028808052193904456,0.24732785028057516,Phase 5 - Final Stable
18.14677896,0.02633029595,-0.007131295744,0.01969986409,0.03364854394,0.033648543935324314,0.02518345728954776,-0.006375960806406315,0.020575733839785993,0.028286330621985715,0.26270532241989125,Phase 5 - Final Stable
18.15676496,0.02478832379,-0.01018780563,0.02007563785,0.03348557323,0.03348557323619968,0.023618886675933908,-0.006527821263031154,0.01866485751602043,0.026500336867612145,0.27825494107453763,Phase 5 - Final Stable
18.16675096,0.01931820624,-0.01074637473,0.01911603846,0.02922499937,0.02922499937678283,0.018388631980607858,-0.005202248014754488,0.015738725792155465,0.02387593714336063,0.2918607108692182,Phase 5 - Final Stable
18.17673696,0.01220703311,-0.008654461242,0.01374976896,0.02032160189,0.020321601885464047,0.01016615360668975,-0.00272297312035878,0.011548758450911453,0.021369517009557838,0.3016179520187704,Phase 5 - Final Stable
18.18672196,0.003199569182,-0.001240381738,0.00843414478,0.009105525135,0.009105525134574573,0.000205118825669261,1.681002473682959e-05,0.006143166448842598,0.020100289425829098,0.30617283706299186,Phase 5 - Final Stable
18.19670796,-0.007574248593,0.00628677709,-3.337580711e-05,0.009843471028,0.009843471027661511,-0.009798738600340307,0.0017966601171508312,-7.506685829723675e-05,0.02080562347511718,0.30501666529892757,Phase 5 - Final Stable
18.20669396,-0.01909063943,0.01157389395,-0.008850762621,0.02401548529,0.024015485295646396,-0.017985790495337464,0.0015517906986916704,-0.006447023972808533,0.02344046823159843,0.29865647772317766,Phase 5 - Final Stable
18.21667996,-0.02899919637,0.006589255761,-0.01494354289,0.03328184423,0.03328184423518268,-0.02274798071007736,-0.0011255537574682958,-0.012254672871361696,0.02718657580598126,0.2885917991019653,Phase 5 - Final Stable
18.22666596,-0.03136768565,-0.005719125271,-0.0181994997,0.03671323856,0.03671323856911709,-0.023191315332806633,-0.005748802872872112,-0.016915714464800953,0.03085125965396528,0.2770379352462927,Phase 5 - Final Stable
18.23665096,-0.02451457456,-0.01711159572,-0.01948154531,0.035683353,0.035683353004000405,-0.019462382579953686,-0.01112450369630594,-0.020086384240221872,0.033372312309703035,0.26642507104517704,Phase 5 - Final Stable
18.24663696,-0.01188195869,-0.02305321768,-0.0196037814,0.03251061416,0.03251061415739969,-0.012751455488936947,-0.015875205068979468,-0.021646618981352523,0.03414342697132228,0.2587977563827743,Phase 5 - Final Stable
18.25662296,0.0008309078403,-0.02543834411,-0.02008661255,0.03242332128,0.032423321277001545,-0.004914832871717759,-0.019010895146038025,-0.021618138558413314,0.03307680868301167,0.2553321731306619,Phase 5 - Final Stable
18.26660896,0.008570473641,-0.0199245885,-0.02120335959,0.03033190899,0.030331908994131133,0.002145792299030394,-0.020256850199289793,-0.020097721229267836,0.030499360988007818,0.2561283621556331,Phase 5 - Final Stable
18.27659496,0.01187518984,-0.01800631359,-0.018274948,0.0282705003,0.02827050030049277,0.007085514756179117,-0.02001078873771981,-0.01725444794635638,0.027009538871466295,0.26035758455454433,Phase 5 - Final Stable
18.28658096,0.01249038056,-0.01651387848,-0.01590659842,0.02611010651,0.02611010651607878,0.009464649211715607,-0.01900545259375469,-0.013371697488927262,0.023345880974587275,0.26668056963595493,Phase 5 - Final Stable
18.29656596,0.007772324141,-0.01081950776,-0.008837237954,0.01598648008,0.015986480080902414,0.009743977298025605,-0.017870021818066843,-0.0088695944477755,0.020243174071742934,0.2737633725604799,Phase 5 - Final Stable
18.30655196,0.005479767453,-0.008456749842,-0.004734920338,0.01113390946,0.011133909458780917,0.00897964435117034,-0.016793383157255645,-0.004252739120674922,0.018258353852920874,0.28070813569267244,Phase 5 - Final Stable
18.31653796,0.005145540927,-0.01704864018,0.003677739063,0.01818401738,0.018184017378842843,0.0083747981296443,-0.015455196423566709,2.3529264062588745e-05,0.01763547980469269,0.28726120702345176,Phase 5 - Final Stable
18.32652396,0.006232368294,-0.02419907041,0.006276315078,0.02576488995,0.025764889951609034,0.00887017109019988,-0.013301355686993076,0.003718768442002247,0.01832511343176025,0.29378296048160385,Phase 5 - Final Stable
18.33650996,0.009002055973,-0.01902135089,0.01074856147,0.02363007353,0.0236300735313265,0.010901176413477216,-0.010042386106031287,0.006916392795979605,0.02015780379566294,0.30102745474965215,Phase 5 - Final Stable
18.34649596,0.01552342623,-0.01143123303,0.009840418585,0.02164448402,0.021644484018623043,0.014359874510329208,-0.006053020966501573,0.00998719446553048,0.023003113426253583,0.30984243144359996,Phase 5 - Final Stable
18.35648096,0.02130381763,0.001380702015,0.008507240564,0.02298112542,0.0229811254224046,0.018723801062333782,-0.0023659777200387717,0.013372302357249698,0.026753516307780882,0.3208941807641981,Phase 5 - Final Stable
18.36646696,0.02398591489,0.00951798819,0.0104352599,0.02783542458,0.027835424578688418,0.023262654789490692,-0.0002077565280638401,0.017251580055497255,0.03115568025826567,0.3344939249574723,Phase 5 - Final Stable
18.37645296,0.02586051449,0.01162934303,0.01604414359,0.03257947778,0.03257947778177925,0.027224690326145187,-0.00032136190300137744,0.021265138531591864,0.035652806535366656,0.3505255850798307,Phase 5 - Final Stable
18.38643896,0.02988127992,0.003919011913,0.02497925982,0.03914349199,0.03914349199019803,0.029955930641271847,-0.002467984369809773,0.024476258968488627,0.03938560806231777,0.36847204301410047,Phase 5 - Final Stable
18.39642496,0.03085226938,-0.009136868641,0.02807838097,0.04270527336,0.04270527335535312,0.030975984214330204,-0.005422341092443158,0.0256599302397973,0.0413960920417486,0.38749166295275533,Phase 5 - Final Stable
18.40641096,0.03099272959,-0.01575237513,0.03379946947,0.04848804746,0.04848804745634295,0.030054695963423375,-0.007512921257688509,0.02382924662877614,0.04097539023079112,0.4065395374601583,Phase 5 - Final Stable
18.41639596,0.03099725768,-0.0212251693,0.02774690092,0.04670362198,0.04670362198115129,0.027297618649034783,-0.007453966293865924,0.018772236633057174,0.03801302578005047,0.4245333110588537,Phase 5 - Final Stable
18.42638196,0.02482340485,-0.01347462554,0.01441103779,0.03170875229,0.03170875229294007,0.02320019065001902,-0.005047192125821178,0.011327181447311768,0.03315472763761025,0.44056796475206683,Phase 5 - Final Stable
18.43636796,0.02000148594,-0.002071768977,-0.0006334260106,0.02011847149,0.020118471487987896,0.01860661659424862,-0.0013843489693725725,0.003211593930562592,0.027634277151819556,0.4541163154620432,Phase 5 - Final Stable
18.44635396,0.01201325841,0.008922613226,-0.01109491196,0.01862870032,0.018628700325207255,0.0145317928299121,0.001577716012923393,-0.003568280520867521,0.022845177353728992,0.465184829759133,Phase 5 - Final Stable
18.45633996,0.008905349299,0.01488756109,-0.01578154229,0.02345211714,0.023452117141033138,0.011870924397382734,0.0018868812933087492,-0.007479849197548582,0.01989676157966424,0.4743264118684693,Phase 5 - Final Stable
18.46632496,0.007075795904,0.006753840484,-0.01671521924,0.01936697713,0.01936697713117994,0.011090723061043991,-0.001494077408148948,-0.00806541853496936,0.019350173343409858,0.48248276335495777,Phase 5 - Final Stable
18.47631096,0.008459574543,-0.002001301153,-0.006703863852,0.01097776837,0.010977768366099053,0.012023393779920443,-0.008153856711313514,-0.006126282494974032,0.021133668096515897,0.49068354981154044,Phase 5 - Final Stable
18.48629696,0.01300920546,-0.01853052899,-0.0003025084734,0.02264313235,0.02264313235235362,0.013858340254740507,-0.016300758697856726,-0.0034065130161471044,0.024576039493136442,0.4996760901811678,Phase 5 - Final Stable
18.49628296,0.0180476401,-0.02946893126,0.006662722677,0.03519271368,0.03519271368133386,0.015360521483930783,-0.023386103685294035,-0.001894252917286265,0.028599210085342393,0.5096233087931398,Phase 5 - Final Stable
18.50626896,0.01880614273,-0.03628577292,0.006712484173,0.0414172158,0.0414172157991784,0.015257753580628454,-0.027022568715233338,-0.003016887124289324,0.03210424610463475,0.5199708685286124,Phase 5 - Final Stable
18.51625496,0.01609983854,-0.03716142103,-0.0009550231043,0.04051034538,0.04051034538377503,0.012665868530906767,-0.025846604393845608,-0.007053164415222886,0.0343882020410443,0.5295475478024715,Phase 5 - Final Stable
18.52623996,0.01119033433,-0.02307431214,-0.01327298302,0.0288759336,0.028875933602232437,0.007405164589437405,-0.020007876346146324,-0.012997584898978789,0.0353138092714521,0.5368770414301126,Phase 5 - Final Stable
18.53622596,0.002002428751,-0.009819226339,-0.02145927213,0.02368390355,0.023683903545419566,0.00010843559682106968,-0.011109974453739332,-0.018924205096751856,0.0351232952730551,0.540614865980343,Phase 5 - Final Stable
18.54621196,-0.009218493477,0.001114276238,-0.03106093593,0.03241919145,0.032419191451478674,-0.007908900545718455,-0.0016386473512234126,-0.022694029545029297,0.03409724542252179,0.5399716760525058,Phase 5 - Final Stable
18.55619796,-0.01764100604,0.01717633381,-0.03102578223,0.03960846753,0.0396084675320726,-0.014975838017036055,0.0058963086004792204,-0.022728139194227233,0.032387090469471316,0.5350132099057026,Phase 5 - Final Stable
18.56618396,-0.02216275409,0.0217820555,-0.02347629517,0.03894588612,0.03894588611866288,-0.019486690247882247,0.009791604034911918,-0.018560750834927513,0.0301418626533317,0.5267425948381793,Phase 5 - Final Stable
18.57616996,-0.02229538001,0.01068146713,-0.0128390966,0.02785713753,0.027857137529611862,-0.02028738799203731,0.009646469931873415,-0.010976276164846564,0.027724019020957218,0.5169524630952275,Phase 5 - Final Stable
18.58615496,-0.01791661419,0.003441075329,0.002271609847,0.01838494696,0.01838494696076519,-0.01693237164992808,0.0063283760486568825,-0.001694058722280355,0.02572737530387764,0.507893972476403,Phase 5 - Final Stable
18.59614096,-0.01195086725,-0.009216928855,0.01780849136,0.02334346526,0.02334346525399451,-0.009780958403050264,0.0014555720816898125,0.007260706512597503,0.024739146654219515,0.5018402311951874,Phase 5 - Final Stable
18.60612696,-0.002318741288,-0.01095352042,0.01963762008,0.02260513864,0.02260513864497301,5.527230688489014e-05,-0.003302278821942535,0.014233825699378514,0.025037350148960462,0.5006462781848356,Phase 5 - Final Stable
18.61611296,0.009971480817,-0.004996295553,0.0189752914,0.02201034036,0.022010340357469273,0.010900652529625585,-0.006733090009550428,0.018380120153698047,0.026433690133716915,0.505368875491213,Phase 5 - Final Stable
18.62609846,0.02581550553,0.0003218268976,0.01487634704,0.02979680519,0.029796805190758224,0.020830807274375106,-0.008201409968627286,0.019711792383254923,0.02833801999650995,0.5160343586495889,Phase 5 - Final Stable
18.63608446,0.03136872873,-0.004633783363,0.01670407504,0.03583985509,0.03583985509643551,0.028068114699858576,-0.007476689410718045,0.01883659713367683,0.030015533276014493,0.5316116061311201,Phase 5 - Final Stable
18.64606946,0.03256159648,-0.008819101378,0.01628971472,0.03746183285,0.03746183284492064,0.031344989071603664,-0.0045541855157088165,0.0166090589290826,0.030934108911860346,0.5501948667772922,Phase 5 - Final Stable
18.65605546,0.03016288951,-0.003634192748,0.01362628955,0.03329689216,0.03329689215861629,0.03012000630214885,0.0003457048605814425,0.013873768913856376,0.03102344992613997,0.5693669892322536,Phase 5 - Final Stable
18.66604146,0.02499825135,0.004745173268,0.01331964973,0.02872006805,0.02872006805059848,0.024617104394663067,0.0066641773768356645,0.011337538141277047,0.030678849403399988,0.5866144130577907,Phase 5 - Final Stable
18.67602746,0.01725351065,0.01102597266,0.009600810707,0.02261484621,0.022614846209523,0.01573970089892923,0.0134647190468422,0.009509793001927606,0.030488908573103542,0.5997479503604191,Phase 5 - Final Stable
18.68601346,0.006440969184,0.02373830788,0.005283278413,0.02515763057,0.025157630568560695,0.004914584792364517,0.019577176335487362,0.008643498634159502,0.030849591654463063,0.6072450336666522,Phase 5 - Final Stable
18.69599946,-0.004435380921,0.03352116421,0.002869921969,0.033934901,0.03393490100201126,-0.006125321756607252,0.02388502667304026,0.008667583964797469,0.031706691215295006,0.608487018801903,Phase 5 - Final Stable
18.70598446,-0.01915524714,0.02301616594,0.0112582501,0.03199086718,0.03199086717934111,-0.01563631270576016,0.02559871839474305,0.009181596488807868,0.03257733563312299,0.603850312202965,Phase 5 - Final Stable
18.71597046,-0.02896713093,0.01211744454,0.01562743261,0.03507340569,0.03507340568687092,-0.02222111485252628,0.024356477235033095,0.009593398981766352,0.03281552706054476,0.5946084917223415,Phase 5 - Final Stable
18.72595646,-0.03121879883,0.02062522992,0.01483323704,0.04024970101,0.04024970100169317,-0.025147420985758107,0.02017717448165291,0.009362987813749269,0.03196745411497342,0.5826457540515835,Phase 5 - Final Stable
18.73594246,-0.02382000536,0.02701148763,0.003921999596,0.03622699546,0.03622699546149385,-0.024466632588636555,0.01347376380525453,0.008183844592951815,0.030045863363874627,0.5700406235461403,Phase 5 - Final Stable
18.74592846,-0.0131104067,0.01892682537,-0.003072288819,0.02322813899,0.023228138991603118,-0.02083465327261804,0.005206504876334729,0.005976404699658201,0.02757002164317197,0.5586692802569014,Phase 5 - Final Stable
18.75591446,-0.007237603888,-0.005811278708,0.003570167348,0.00994484616,0.009944846160417577,-0.015124985645017575,-0.0030829623113154685,0.0027775656862284483,0.025314710229874582,0.5499703750269073,Phase 5 - Final Stable
18.76589946,-0.00838404987,-0.02957817726,0.00743511226,0.03162976061,0.03162976061505098,-0.008089359367355189,-0.009670156402447398,-0.0012681492297899866,0.023929581646402295,0.5449181217674973,Phase 5 - Final Stable
18.77588546,-0.007120911963,-0.0286122486,-0.0001532984897,0.02948544823,0.02948544823400083,-0.00028740524476273907,-0.01338717785945757,-0.00575844797971703,0.023699302107792194,0.5441100652842424,Phase 5 - Final Stable
18.78587146,0.001180655789,-0.0113976812,-0.008862395771,0.01448596368,0.014485963676289243,0.007727764393022497,-0.014182231059864294,-0.009912571908637723,0.024521726420678718,0.547826937197467,Phase 5 - Final Stable
18.79585746,0.01565360464,-0.001615357818,-0.01722951606,0.02333454398,0.023334543980275277,0.015202898314573256,-0.01304540226948515,-0.012699270998818162,0.025970585011569847,0.5559752414942043,Phase 5 - Final Stable
18.80584346,0.02522336692,-0.005072834902,-0.02041075751,0.03284129892,0.032841298921570096,0.021184942087620826,-0.011364051853779533,-0.013221022454329573,0.027388764809721324,0.5679733459448258,Phase 5 - Final Stable
18.81582946,0.02723165601,-0.008651857264,-0.01412782818,0.03187496278,0.03187496278032652,0.02474742619056081,-0.010180094693764095,-0.011149584895744276,0.02808202136362787,0.5827019281909942,Phase 5 - Final Stable
18.82581446,0.024967812,-0.006026249845,-0.009972216561,0.02755272085,0.027552720852960948,0.02528136388232637,-0.009757911494802419,-0.006973536499537399,0.02757836701966044,0.5986008136061547,Phase 5 - Final Stable
18.83580046,0.02444529906,-0.004023020156,-0.005447772332,0.02536603163,0.025366031630701006,0.02269455528493511,-0.009559944364981745,-0.0019356020026088548,0.0258042171971283,0.6139140104502574,Phase 5 - Final Stable
18.84578646,0.02090625837,-0.0128912963,0.007444550283,0.02566473238,0.02566473238207841,0.017476030341230457,-0.008550150496605697,0.002326771565311758,0.023107380448796885,0.6269942744350587,Phase 5 - Final Stable
18.85577246,0.009792088531,-0.01784078032,0.01243078616,0.02384749221,0.023847492211574124,0.010641936690942285,-0.0057209090918878425,0.004334643096679946,0.02016470243927551,0.6366265514815235,Phase 5 - Final Stable
18.86575846,0.001104177441,-0.007324593142,0.010460536,0.01281763183,0.012817631837603339,0.003572813918371216,-0.0006638640564787134,0.0033299114251627076,0.0178027948159979,0.6422814265839104,Phase 5 - Final Stable
18.87574446,-0.001856458839,0.006551008672,0.001705394126,0.007019296486,0.0070192964865800995,-0.0022287564480977995,0.006093805297414006,-0.00038977161715416357,0.016744343348556064,0.6442542817596979,Phase 5 - Final Stable
18.88572946,-0.004742344841,0.0172400251,-0.004663552623,0.01847855577,0.01847855576356225,-0.005392747531935107,0.013177191819385075,-0.005526751399287741,0.01738085048292467,0.6436623478792823,Phase 5 - Final Stable
18.89571546,-0.006304821931,0.01862433553,-0.01458489336,0.02448133509,0.024481335091007826,-0.0048993095927919944,0.018806516114543263,-0.010216345435556308,0.019736738492183326,0.6423063686757423,Phase 5 - Final Stable
18.90570146,-0.001946057193,0.02404493839,-0.01985278353,0.03124226647,0.03124226647774393,-0.000259524457463759,0.02136276943393842,-0.012672184295769304,0.023657471532477645,0.6424188907754121,Phase 5 - Final Stable
18.91568746,0.006071656011,0.02859601751,-0.0198890008,0.03535773716,0.03535773715851369,0.008339451963710054,0.019885603647582427,-0.01181159103491571,0.02902933044445363,0.6463187290147784,Phase 5 - Final Stable
18.92567346,0.01776559651,0.01904059201,-0.009622781537,0.02776253749,0.027762537491307023,0.019958849411913275,0.014395695435016585,-0.0076327114644321355,0.03577558256486401,0.656002595718367,Phase 5 - Final Stable
18.93565846,0.02900813147,0.002752966713,0.0001073437743,0.02913866915,0.02913866914925202,0.032951288649060925,0.005947648553509875,-0.001202559968100807,0.0435586099865246,0.6727256883605643,Phase 5 - Final Stable
18.94564446,0.04195067286,-0.005474283826,0.008435399272,0.04313910868,0.04313910867985573,0.04516495454061895,-0.003627372094460347,0.005720959073386022,0.05141800489523612,0.6966613636093574,Phase 5 - Final Stable
18.95563046,0.05792191625,-0.01130474266,0.01358435489,0.06055807367,0.06055807366865548,0.05433931256909945,-0.012190480975174363,0.011265457411100183,0.05773311306724659,0.7267156782673367,Phase 5 - Final Stable
18.96561646,0.06811688095,-0.01909272745,0.01905577444,0.07326366256,0.07326366255753676,0.05866912678985493,-0.017807116699028222,0.014020040288555018,0.06071934353617411,0.760633237179292,Phase 5 - Final Stable
18.97560246,0.0683272779,-0.02320171893,0.01734602451,0.07421469688,0.07421469687893409,0.05738888059143088,-0.01920462511579918,0.0134680897978426,0.05926386065067711,0.7954232098846964,Phase 5 - Final Stable
18.98558846,0.05519054458,-0.02598839998,0.0168113485,0.06327728331,0.06327728330882959,0.051113467533615946,-0.016139319007791603,0.010188701629636154,0.05361514386950992,0.8280516760076895,Phase 5 - Final Stable
18.99557346,0.03826908395,-0.01626706123,0.008882318623,0.04252100247,0.042521002475873135,0.04170711033580728,-0.009585781012579687,0.005761787446536336,0.0454796409540602,0.8561911171993658,Phase 5 - Final Stable
19.00555946,0.02316659875,-0.001545056002,-0.0004244046286,0.02322194253,0.023221942532475507,0.031673253290083726,-0.0015955344860594165,0.0023408096956958994,0.03740843392712429,0.878771962313101,Phase 5 - Final Stable
19.01554546,0.01459494885,0.01078218408,-0.00924426131,0.02036478315,0.020364783147303205,0.023317581883872455,0.005261945304353499,0.001943100311285013,0.03177029164827292,0.8960919710857438,Phase 5 - Final Stable
19.02553146,0.01299012825,0.02253897488,-0.006360590924,0.02678070084,0.026780700840254166,0.018048084535577543,0.00876021295410134,0.005659214029698979,0.029836994088019,0.9095141211871121,Phase 5 - Final Stable
19.03551746,0.01796944067,0.01914584078,0.004514693748,0.02664294422,0.026642944221763318,0.01607812345642567,0.007859971667508561,0.013111141127620681,0.031392659106391115,0.9208652227521115,Phase 5 - Final Stable
19.04550346,0.02041281387,0.008693996817,0.02398307621,0.03267195274,0.03267195273074351,0.016571795879827857,0.003155358196992518,0.022458865786410154,0.03495600948844637,0.9317939908662847,Phase 5 - Final Stable
19.05548946,0.02067939565,-0.01024107821,0.04152717814,0.04750814258,0.04750814258233919,0.018060349996891458,-0.0033183362669417828,0.031026107741493565,0.03846464786807385,0.9432898300419957,Phase 5 - Final Stable
19.06547446,0.01736893132,-0.01916501299,0.04789275303,0.05443062825,0.0544306282427304,0.018890176083126983,-0.008856279233045534,0.03630465356942374,0.04017997012435653,0.9554476887763856,Phase 5 - Final Stable
19.07546046,0.01601072028,-0.02142710239,0.04638087749,0.0535411027,0.053541102691841674,0.017560333068485427,-0.011079853144644753,0.03689482894159428,0.03948883230990948,0.9674637213666685,Phase 5 - Final Stable
19.08544646,0.01238246355,-0.01170038898,0.03362296522,0.03769254961,0.037692549609116575,0.012962599609466044,-0.008706663153065203,0.032978744103271264,0.03722291345219002,0.9777840057593491,Phase 5 - Final Stable
19.09543246,0.008884933777,0.0003285771236,0.02388697863,0.02548799245,0.02548799245169979,0.004608289881779659,-0.0018114998652018354,0.026171182992914346,0.03527137506326208,0.9843989977805567,Phase 5 - Final Stable
19.10541846,0.0006986847147,0.01167966519,0.01242749393,0.01706884134,0.017068841339154806,-0.007133893033814779,0.008409895559342581,0.01888354994876421,0.035637797779862326,0.9852648288538651,Phase 5 - Final Stable
19.11540346,-0.01671039872,0.02372807264,0.005697686225,0.02957570768,0.029575707682303207,-0.020886256532896916,0.020143587704177353,0.01350777304421007,0.03944266864809998,0.9788378791461992,Phase 5 - Final Stable
19.12538946,-0.03388143331,0.03475132212,0.008194636554,0.04922151948,0.04922151948568971,-0.034354270110237124,0.031460964393965056,0.011734027928370229,0.046421463140621524,0.9646231394509647,Phase 5 - Final Stable
19.13537546,-0.04820444807,0.03914367408,0.01337288693,0.06351952565,0.0635195256520163,-0.044742646111132586,0.04065761865055141,0.014205765564682329,0.05515049618855244,0.9435836156625333,Phase 5 - Final Stable
19.14536146,-0.05408417434,0.0408821851,0.02349556237,0.07175299592,0.0717529959212348,-0.04941366635071336,0.04639942747700969,0.02054935055697062,0.06377876983706669,0.9182359325200478,Phase 5 - Final Stable
19.15534746,-0.05252888799,0.04894091189,0.03107198887,0.07823020786,0.07823020786389433,-0.04658921133863542,0.04776753523954975,0.029663005451057694,0.07079758799521213,0.8923599880096634,Phase 5 - Final Stable
19.16533346,-0.04057761282,0.05128896609,0.04334602505,0.07846004456,0.07846004456018506,-0.03588995365448045,0.04433238349425623,0.040084066924965946,0.0754617135737335,0.8703528778418698,Phase 5 - Final Stable
19.17531846,-0.02575365826,0.04054231197,0.0506827645,0.06982601658,0.06982601657697603,-0.01856817575617778,0.03628152976524468,0.050288040506487046,0.07772829991650206,0.8563633656996327,Phase 5 - Final Stable
19.18530446,0.001237172633,0.01490682736,0.05732166022,0.05924117511,0.059241175110237465,0.0026372079761370175,0.02448303495287243,0.058855183702863835,0.07784571036592802,0.8533942191885595,Phase 5 - Final Stable
19.19529046,0.03365583345,0.01598780416,0.06447757781,0.074469343,0.07446934300312617,0.024019813100583053,0.010392398585916542,0.06452059964066204,0.07594696590020174,0.8626085519905616,Phase 5 - Final Stable
19.20527646,0.04898613691,-0.0001801883336,0.06422210485,0.08077222808,0.08077222807726195,0.04167006693123863,-0.004139598230296721,0.0661741748530001,0.07203932538135777,0.882989320268289,Phase 5 - Final Stable
19.21526246,0.04968175292,-0.02278696373,0.06185668707,0.08254557544,0.08254557543873668,0.05222077515954943,-0.017079200679172735,0.06288051654257705,0.06648236024067858,0.9114377584942249,Phase 5 - Final Stable
19.22524846,0.04962094128,-0.02643332817,0.0535845086,0.07766761367,0.07766761367236409,0.053342316993981245,-0.026452248618404752,0.05396190040701186,0.060592655802475914,0.9432253686555702,Phase 5 - Final Stable
19.23523446,0.0382005088,-0.02442503907,0.0380705297,0.0592049545,0.05920495450372786,0.04399404103477554,-0.030622448394729315,0.03915958633767317,0.05680683290283534,0.9726594925943091,Phase 5 - Final Stable
19.24521946,0.03367040306,-0.02232411131,0.02415033616,0.04706698126,0.04706698125698238,0.024636212437402157,-0.02858475875804404,0.018863302510134846,0.05804656949778728,0.9938793113471102,Phase 5 - Final Stable
19.25520546,0.0203308966,-0.0396117568,0.003531877417,0.04466442423,0.04466442422589764,-0.002477729730596511,-0.02032332196530862,-0.0056474985607784306,0.06640526662481896,1.0018067120670817,Phase 5 - Final Stable
19.26519146,-0.01432862505,-0.03366012499,-0.0253379792,0.04450086179,0.044500861790593926,-0.03313901400335541,-0.007222670762066716,-0.03208551711559917,0.0817451379321215,0.993205901546162,Phase 5 - Final Stable
19.27517746,-0.06527516246,0.006876648404,-0.05701015517,0.08693844328,0.08693844328005365,-0.06162806112754627,0.007796608547530197,-0.05734607155678235,0.1010275251074654,0.9676834927464427,Phase 5 - Final Stable
19.28516346,-0.1116907895,0.04816997424,-0.08759756386,0.1498950035,0.14989500349118498,-0.08207308099473894,0.020876219151264676,-0.07810537637752775,0.11901966585469875,0.9281621323902202,Phase 5 - Final Stable
19.29514946,-0.1262931675,0.05382359773,-0.1028958261,0.1715648415,0.1715648415573114,-0.09038990161470592,0.028517054288725946,-0.09169887904984675,0.1303067034202099,0.8804126472037793,Phase 5 - Final Stable
19.30513446,-0.1043481827,0.02546525002,-0.1053690389,0.1504648017,0.1504648016982158,-0.08584503822823057,0.02883709956425376,-0.09694164404527636,0.13159793677526246,0.8315889783894723,Phase 5 - Final Stable
19.31512046,-0.06277730316,0.004053700715,-0.09783229232,0.1163124228,0.11631242281938448,-0.07127485655053545,0.022018223415837354,-0.09453248032947714,0.12299948070123053,0.788228810430788,Phase 5 - Final Stable
19.32510646,-0.02536483482,0.01246034354,-0.08748895675,0.09193993996,0.09193993995965015,-0.051712263014031264,0.009904299616476656,-0.08686989277714122,0.10766173703983073,0.7546332726385614,Phase 5 - Final Stable
19.33509246,-0.006796745118,0.01661727019,-0.07940226793,0.08140669239,0.08140669238578624,-0.0321048606951779,-0.004683072243262616,-0.07734515971200132,0.0903029141814282,0.7322434021485066,Phase 5 - Final Stable
19.34507846,0.002510044957,-0.01661584526,-0.05989839509,0.06221096667,0.06221096666784854,-0.015280575967597224,-0.01855578595229337,-0.06930738032662179,0.07558665802890022,0.7202758295265975,Phase 5 - Final Stable
19.35506446,0.001944922376,-0.05773185194,-0.04363739863,0.07239455788,0.07239455788016302,-0.0010757613387041768,-0.028874250758136797,-0.06493903311364539,0.06704616326472469,0.7171849942257335,Phase 5 - Final Stable
19.36504946,0.006151581649,-0.05679372326,-0.04712765664,0.07405663359,0.07405663359143132,0.013123519780031467,-0.034079810863684,-0.06437354612735237,0.06670352349868951,0.7222194367167926,Phase 5 - Final Stable
19.37503546,0.01199588832,-0.03493449464,-0.06471224129,0.07451170663,0.07451170663132929,0.03080622833491588,-0.03457781540935717,-0.06548231161740847,0.07513016472110519,0.7363751137381334,Phase 5 - Final Stable
19.38502146,0.03695148975,-0.01137762144,-0.07849835604,0.08750345574,0.08750345573381034,0.054445610119915125,-0.032558503358285466,-0.06459881158319786,0.09157754302918143,0.762352124575509,Phase 5 - Final Stable
19.39500746,0.06632136554,-0.03578948602,-0.07789301872,0.1083823473,0.10838234728026674,0.08403631877467153,-0.03095811032078494,-0.05797398625694063,0.11399262267723188,0.8035570840226836,Phase 5 - Final Stable
19.40499346,0.1112786382,-0.008825993165,-0.05149955302,0.1229350944,0.12293509440454714,0.11658645111124494,-0.03217862328276067,-0.04331920243403173,0.13902661666063512,0.8625391602353895,Phase 5 - Final Stable
19.41497946,0.1538473964,-0.03760517761,-0.02748636343,0.1607441163,0.16074411633632013,0.14673057618549215,-0.03718109866283349,-0.020770539448861473,0.16230441924777167,0.9394566733803865,Phase 5 - Final Stable
19.42496446,0.183607623,-0.05170079693,0.006729547866,0.1908664937,0.19086649376301754,0.16822677639657455,-0.04520574809470001,0.007019529215811298,0.17917064692722892,1.0311381566529867,Phase 5 - Final Stable
19.43495046,0.1894551218,-0.04889276251,0.038966313,0.199504684,0.19950468403254612,0.17578363825157495,-0.05405309017759739,0.035541519274207,0.18586789007145146,1.1311402587134938,Phase 5 - Final Stable
19.44493646,0.1773994267,-0.06031836197,0.05984214693,0.1966975951,0.19669759513889418,0.16658114235015153,-0.06067750077070657,0.05952435272192476,0.18075824723716236,1.2306715813618194,Phase 5 - Final Stable
19.45492246,0.149166733,-0.05327270553,0.07993942499,0.1774232427,0.17742324271670615,0.14104183865339506,-0.06188243924038327,0.07416661223641162,0.1650540279689222,1.3202640454712142,Phase 5 - Final Stable
19.46490846,0.1049296632,-0.06476181,0.08721637726,0.1510331842,0.15103318415533779,0.10272187351485229,-0.055101937902800706,0.07629083147690403,0.14268042146406712,1.3915877887114783,Phase 5 - Final Stable
19.47489446,0.05180864781,-0.05874519795,0.08011319488,0.1120413239,0.11204132391205558,0.05744366020907383,-0.03929512342953256,0.06524557107895494,0.11918140125299377,1.4389959467121318,Phase 5 - Final Stable
19.48487946,0.00156101631,-0.03542046994,0.05548414961,0.06584479721,0.06584479721766476,0.011949157203570853,-0.015748355987040944,0.0433343759714817,0.09989284745833785,1.460433896254198,Phase 5 - Final Stable
19.49486546,-0.03819039091,0.005560520105,0.01825156063,0.0426912732,0.04269127319637218,-0.0275484393694195,0.011673778471811018,0.015534490560075432,0.08799302228826947,1.4575596376429163,Phase 5 - Final Stable
19.50485146,-0.06419799477,0.04528230056,-0.02090401016,0.08129481482,0.08129481482397576,-0.0565245484514573,0.03721687580162852,-0.011583706468486627,0.08338329353809007,1.4350965701037524,Phase 5 - Final Stable
19.51483746,-0.07447460294,0.0747840032,-0.0473308228,0.1156690123,0.11566901229202775,-0.07274528370189025,0.05480889287714653,-0.03152775175378849,0.08318410656140243,1.3997036875457904,Phase 5 - Final Stable
19.52482346,-0.0750400275,0.08072727174,-0.05682155862,0.1240023695,0.12400236954909634,-0.0762578765339176,0.05996129977377463,-0.0396531829748941,0.08368550851155504,1.3586655373683594,Phase 5 - Final Stable
19.53480946,-0.06511709094,0.06638082117,-0.04836815223,0.1048147275,0.10481472750446955,-0.06891944138647883,0.05123702662993097,-0.034453352649186836,0.08250902439694954,1.3187218758473824,Phase 5 - Final Stable
19.54479446,-0.05076755583,0.03305583447,-0.02300535701,0.06480184696,0.06480184695375406,-0.05371595883209001,0.030705245435086976,-0.01794726463141763,0.07956103668649646,1.2852303113491579,Phase 5 - Final Stable
19.55478046,-0.03302744031,-0.006876930594,0.009777622297,0.03512414961,0.03512414960690291,-0.0341017060068706,0.003243599972762507,0.00494461285380632,0.0763062225454636,1.261695974745436,Phase 5 - Final Stable
19.56476646,-0.01260848902,-0.03930389509,0.03906657547,0.05683280288,0.056832802883250384,-0.01348773605684634,-0.024978753785011947,0.027812340405655656,0.07415720880414704,1.2496700407017072,Phase 5 - Final Stable
19.57475246,0.004861314781,-0.0580826439,0.0565963015,0.08124264426,0.08124264426576155,0.005103203760530548,-0.04821764876375798,0.0444910158007934,0.07333064864822757,1.2488597620562354,Phase 5 - Final Stable
19.58473846,0.01994986646,-0.06617487967,0.06037503481,0.09177285383,0.09177285382627874,0.01926261397563188,-0.062481759850798825,0.05059546029210551,0.07294456704867625,1.2574186323851095,Phase 5 - Final Stable
19.59472446,0.02769779973,-0.07078454643,0.05339435861,0.09289013755,0.09289013755268798,0.027356849678719704,-0.06617967421839718,0.044468931541940045,0.0720228907262829,1.272343777383504,Phase 5 - Final Stable
19.60470946,0.03114290535,-0.06420557201,0.03336801752,0.07877601554,0.0787760155376329,0.028649720437666518,-0.06011665824720917,0.02738425013139285,0.07043877175366595,1.2899526018736596,Phase 5 - Final Stable
19.61469546,0.02596598864,-0.04912089929,9.55471769e-05,0.05556171742,0.05556171741742641,0.023379464227185242,-0.04700908593345216,0.003026150428941842,0.06904201360727814,1.3064253481040082,Phase 5 - Final Stable
19.62468196,0.01398986951,-0.02587959543,-0.03048397601,0.04236440371,0.04236440371238052,0.012753265966907,-0.03066042086347999,-0.023579524860630766,0.06891477254060849,1.3183510682727082,Phase 5 - Final Stable
19.63466796,0.0006740642712,-0.003225680441,-0.05979952216,0.05989025152,0.0598902515232111,-0.0011829217967818607,-0.014934108144956925,-0.047400820336088625,0.07036061613425047,1.3232494373269814,Phase 5 - Final Stable
19.64465396,-0.01498719305,0.009315829724,-0.07601937652,0.07804067045,0.07804067045748683,-0.01581727052460792,-0.002748780300045742,-0.06462402476874511,0.07242530641708352,1.3199744093824288,Phase 5 - Final Stable
19.65463996,-0.03100237809,0.01207965799,-0.08145382255,0.08798744679,0.0879874467887185,-0.028372115122359185,0.004588004619961997,-0.07341202982992258,0.07331667684517404,1.3089211560904512,Phase 5 - Final Stable
19.66462496,-0.04026161879,0.00600962108,-0.07134177536,0.08213867788,0.08213867788461879,-0.03638152935072829,0.007447102870673189,-0.07398671658384706,0.07140432469182637,1.2919866203149686,Phase 5 - Final Stable
19.67461096,-0.0427412875,-0.004838499241,-0.05808109418,0.07227476899,0.0722747689945035,-0.03815390566786432,0.007321155398641579,-0.06806645848091745,0.06613408617638193,1.2722520351574251,Phase 5 - Final Stable
19.68459696,-0.03654300794,-0.008287396282,-0.04767043144,0.06063449843,0.06063449843211001,-0.033098162020853625,0.005921498868542999,-0.05795006064578064,0.05837298568494861,1.2534567485912056,Phase 5 - Final Stable
19.69458296,-0.02236673422,0.002809729893,-0.04175395519,0.04745058646,0.04745058646369151,-0.02181643513408311,0.0043934502266659995,-0.045678694004234806,0.05009999166798441,1.239335250095745,Phase 5 - Final Stable
19.70456896,-0.004023449961,0.008440345526,-0.03464467451,0.03588427307,0.035884273074576596,-0.0059426113351549095,0.003027149213767281,-0.0326123216294276,0.043644627458959764,1.2329823525343961,Phase 5 - Final Stable
19.71455496,0.0130420858,0.005007796921,-0.02477446571,0.0284420144,0.028442014401805375,0.01220516318150771,0.0014995382766298006,-0.019477915165306836,0.04078825062023588,1.2363622798939395,Phase 5 - Final Stable
19.72454096,0.03202053159,0.001974825747,-0.00971572008,0.03352028635,0.033520286345884893,0.030039949280001133,-0.0006337030953731875,-0.006685822534149987,0.04206417146423893,1.2500360200080747,Phase 5 - Final Stable
19.73452596,0.04520983621,-0.001100858906,0.005225945264,0.04552418791,0.04552418790454444,0.04508716024384103,-0.0035136057823160027,0.005363050559239026,0.0465390407973157,1.273114259101959,Phase 5 - Final Stable
19.74451196,0.05431879312,-0.002836341038,0.01498460956,0.05641909818,0.05641909818636634,0.055286111677419154,-0.006769311241992776,0.016145000020770957,0.05218543529141405,1.3034171767681821,Phase 5 - Final Stable
19.75449796,0.06113488972,-0.006416428834,0.02571448684,0.06663242554,0.06663242554119489,0.059220343758442914,-0.009541067179325895,0.025063995015422884,0.056703602583795566,1.337763284864381,Phase 5 - Final Stable
19.76448396,0.06131830066,-0.01471330225,0.03362574428,0.07146401849,0.07146401848002927,0.05630001746675661,-0.010721983325282609,0.03161117075796322,0.058453059788697435,1.3723994489256988,Phase 5 - Final Stable
19.77446996,0.04892421514,-0.01714716479,0.03998643532,0.06547151363,0.06547151362998235,0.04687890623494933,-0.00937372353863147,0.035550511855984214,0.057102915160060615,1.403505001356896,Phase 5 - Final Stable
19.78445596,0.03438290209,-0.01033414714,0.03860345483,0.05271816838,0.052718168386748296,0.032235895164505035,-0.005173568055306664,0.03704606295018539,0.05370865277323552,1.4277263419685744,Phase 5 - Final Stable
19.79444096,0.01233832259,-0.0003917680588,0.03534161299,0.03743550849,0.03743550848167735,0.014364142307209338,0.0013206998441368505,0.03665209454231857,0.05015874462187886,1.442644435516424,Phase 5 - Final Stable
19.80442696,-0.008069857955,0.007247781381,0.03229574487,0.03406857905,0.03406857905855156,-0.004406616945952157,0.008734552318618572,0.0351466278227097,0.04824697589036416,1.447081412870336,Phase 5 - Final Stable
19.81441296,-0.02405175194,0.01819417253,0.03179347143,0.04382167855,0.04382167855074617,-0.021847322506561274,0.015258019021895266,0.03328079509737309,0.048846490660823486,1.4411590930538978,Phase 5 - Final Stable
19.82439896,-0.03840915486,0.02769681439,0.0288611073,0.0554557501,0.05545575009857577,-0.036195230530441096,0.01921180699119746,0.031561558545366894,0.05160284391445024,1.4261427557364035,Phase 5 - Final Stable
19.83438496,-0.04714698717,0.02745846286,0.02994954027,0.06223970232,0.062239702314732324,-0.0463611246754404,0.01960333579515302,0.030152918996771888,0.05523021245594781,1.40411356316026,Phase 5 - Final Stable
19.84437096,-0.05073640496,0.01761678606,0.02945977449,0.06125693636,0.06125693636112223,-0.05196657832189959,0.016453565856869763,0.028917058488705936,0.05814290890478102,1.3775725376773673,Phase 5 - Final Stable
19.85435596,-0.05426056683,0.006685309112,0.03065819666,0.06268035971,0.06268035970763985,-0.05325672080533102,0.010746173542362214,0.02756210455000691,0.05905033917846227,1.3490616904047876,Phase 5 - Final Stable
19.86434196,-0.05071205273,0.0006321114488,0.02710070275,0.05750269513,0.057502695123949295,-0.05095102740190308,0.004038336280776523,0.0258229587855294,0.05729266555705049,1.320838514364937,Phase 5 - Final Stable
19.87432796,-0.0477934964,-0.004613516852,0.02439120226,0.05385567364,0.053855673643254436,-0.04607309971051995,-0.0020579584452438764,0.023589623233990283,0.05289405008042104,1.2946704130386728,Phase 5 - Final Stable
19.88431396,-0.03842765093,-0.007336701732,0.01973076724,0.04381569038,0.043815690388048424,-0.039764173240115774,-0.006306433588782962,0.020931839573723732,0.04641586104793816,1.2717026226431871,Phase 5 - Final Stable
19.89429996,-0.03151221946,-0.009099980816,0.01597411186,0.0364828984,0.03648289840271142,-0.033073409140825134,-0.008090782061176058,0.018032995448426382,0.03871549932436324,1.2524537554789672,Phase 5 - Final Stable
19.90428596,-0.02257225104,-0.01112578996,0.01465218794,0.02912003314,0.029120033150322813,-0.02674582142612584,-0.007483357487322337,0.015096623273517564,0.030713054111747597,1.2369291501142377,Phase 5 - Final Stable
19.91427096,-0.01862491481,-0.00620852923,0.01282525994,0.02345038548,0.023450385485277007,-0.021071145584402328,-0.005172221306499781,0.012292841721755716,0.023246037639259025,1.2248393370256185,Phase 5 - Final Stable
19.92425696,-0.01683402434,-0.001114403363,0.01135212928,0.02033462834,0.020334628335059664,-0.015869731886533938,-0.0022551459658414143,0.009768928356953591,0.017037287874841968,1.2158597212024207,Phase 5 - Final Stable
19.93424296,-0.01218760666,0.003009235486,0.009997112677,0.01604791314,0.016047913141144305,-0.010644672219177479,8.590985424207152e-05,0.007690660189987766,0.012725628614885078,1.2098628882239568,Phase 5 - Final Stable
19.94422896,-0.007633832749,0.007479131687,0.004794053733,0.01171305957,0.011713059567255843,-0.004845549669594542,0.0009584591517766295,0.006252687289144916,0.010856360987062063,1.207019829339765,Phase 5 - Final Stable
19.95421496,0.0007687071338,0.003092905041,0.003807085799,0.004964964706,0.004964964705931522,0.0018642657781324954,5.10237820587558e-05,0.005620155831471426,0.011748832112736288,1.207755300257283,Phase 5 - Final Stable
19.96420096,0.00796723552,-0.003132382408,0.003579524579,0.009279097887,0.009279097886797113,0.00942933355044272,-0.0022863174537988084,0.0058264590883967265,0.015268735905365528,1.2125744987486204,Phase 5 - Final Stable
19.97418696,0.01588135026,-0.007860559039,0.008090387098,0.01947973403,0.01947973403006036,0.01735087798236822,-0.005215569446048873,0.006698777392989689,0.02066095928875964,1.2218240736086248,Phase 5 - Final Stable
19.98417196,0.02371812053,-0.0117022777,0.006489406805,0.02723242452,0.027232424525265926,0.024758837048655263,-0.007753337125961591,0.007864603393928613,0.026610878410526433,1.235457714107886,Phase 5 - Final Stable
19.99415796,0.03156805411,-0.01053421572,0.009549912065,0.03462242859,0.034622428591544754,0.030590328181560076,-0.009120305743799347,0.008834346748698381,0.03156689106710483,1.252880233164411,Phase 5 - Final Stable
20.00414396,0.03715285659,-0.009493770078,0.009736781009,0.03956351005,0.03956351005040197,0.03384638585913765,-0.008963536471560764,0.009123505429164066,0.03420323198028452,1.2729024984383912,Phase 5 - Final Stable
20.01412996,0.03675444424,-0.01006128918,0.01039431617,0.03949886733,0.039498867325491474,0.03386657908430713,-0.007406487685868655,0.008381248657150439,0.03384122382433801,1.2938620264516925,Phase 5 - Final Stable
20.02411596,0.03197616711,-0.00254136906,0.007173529826,0.03286933754,0.03286933753379102,0.030531290245546315,-0.00495245559632102,0.00649364431891912,0.030667730089855117,1.3138731791151923,Phase 5 - Final Stable
20.03410196,0.02425805852,0.000580388587,0.004281603731,0.02463985358,0.024639853582782867,0.024318219091081495,-0.002293987081442107,0.003627333813812472,0.025658997438302314,1.331152757699384,Phase 5 - Final Stable
20.04408696,0.01705127396,0.001166374423,0.0002277975436,0.01709263773,0.017092637733084757,0.016202228794733643,-0.00010036640171728581,0.00019561943667890718,0.020228961868097292,1.3443317896361984,Phase 5 - Final Stable
20.05407296,0.007077735849,0.0001397258602,-0.00334403431,0.007829203889,0.007829203888690444,0.007442242383104727,0.0011324783758947762,-0.0032431941949016816,0.015735168287122563,1.3526842987090717,Phase 5 - Final Stable
20.06405896,-0.002794255037,-0.001393334707,-0.00675767567,0.007444153631,0.007444153630765595,-0.0006896392791714038,0.0011297813425483764,-0.006128533925108666,0.013040815332416026,1.3562044188675557,Phase 5 - Final Stable
20.07404496,-0.009928330779,0.001422957983,-0.01035081223,0.01441304531,0.014413045316633809,-0.007186947885801484,-0.0001746950618846172,-0.008050743153697866,0.012320779775131928,1.3555394520615491,Phase 5 - Final Stable
20.08403096,-0.014011872,-0.0006645955145,-0.01129006594,0.0180066608,0.018006660797377887,-0.011536391336824155,-0.0026425719349550112,-0.008877937945374496,0.013189088897047209,1.3517714699957006,Phase 5 - Final Stable
20.09401696,-0.01636876911,-0.005573600065,-0.009589638561,0.01977277895,0.019772778954706298,-0.013827571962469696,-0.0059129514579000925,-0.008809395122103053,0.01504252155167656,1.346103752623352,Phase 5 - Final Stable
20.10400196,-0.01471224707,-0.008661430329,-0.006580770481,0.01829691584,0.018296915841650625,-0.014699299683383696,-0.009410018507054281,-0.008317998655419497,0.017393864057045422,1.3395318554808553,Phase 5 - Final Stable
20.11398796,-0.01423926931,-0.01280344464,-0.007283312269,0.02048735275,0.020487352750905095,-0.01512155708636197,-0.01241663046138668,-0.007991009935814674,0.020014978992278457,1.3325891197088267,Phase 5 - Final Stable
20.12397396,-0.01310449559,-0.01495021861,-0.007676927838,0.02131131301,0.021311313009408386,-0.01606265843861254,-0.014208178321108243,-0.008329721909601278,0.022859877296106237,1.3252563572265297,Phase 5 - Final Stable
20.13395996,-0.01383207273,-0.01268972736,-0.007181046996,0.02009783203,0.02009783203327918,-0.01813228441525187,-0.014215366104012656,-0.00957616184138457,0.025857129595108296,1.3170622924119697,Phase 5 - Final Stable
20.14394596,-0.01579630934,-0.01592553593,-0.00972388871,0.02444790574,0.024447905739902503,-0.02131246408426146,-0.012189081557386261,-0.01160878902580218,0.028709102919783822,1.3073663746055555,Phase 5 - Final Stable
20.15393196,-0.02402094938,-0.01339792926,-0.01300889719,0.03042600736,0.03042600735674131,-0.024884747825431146,-0.008341474844247132,-0.013933201953088654,0.03083825206216666,1.2957387267391254,Phase 5 - Final Stable
20.16391796,-0.03034164943,-0.006467776839,-0.01601183787,0.03491169975,0.034911699748756006,-0.027614924506806197,-0.0034034965036803585,-0.01578627552213877,0.03156397699999667,1.2823080846895787,Phase 5 - Final Stable
20.17390296,-0.03313903511,0.004152377136,-0.01800281741,0.03794126142,0.037941261426041005,-0.028153550815644687,0.0014904465889382038,-0.016344201549006416,0.030464955613248766,1.26794374917478,Phase 5 - Final Stable
20.18388896,-0.03017832711,0.01009498909,-0.01899845898,0.03706186282,0.03706186281745863,-0.02549861636073029,0.005120486072220102,-0.014982342096129656,0.027745998215652302,1.2541834039044637,Phase 5 - Final Stable
20.19387496,-0.02020079456,0.01106145047,-0.01385855861,0.02687912636,0.02687912636419558,-0.019332373622106432,0.006596990339702781,-0.011502111308990414,0.02437168812143579,1.2429466018382207,Phase 5 - Final Stable
20.20386096,-0.01021945942,0.01039667055,-0.007816588506,0.01654167964,0.016541679637642467,-0.010118625268441274,0.005683770360573234,-0.006235313583770169,0.0218005902302812,1.2361096742046096,Phase 5 - Final Stable
20.21384696,0.001451312099,0.002868180629,-0.0003304427955,0.003231402075,0.0032314020750090007,0.0010298106356100823,0.0028749843366239368,2.739569034546938e-05,0.021362553727519187,1.2350979159986362,Phase 5 - Final Stable
20.22383296,0.01475022547,-0.005379679613,0.0116361212,0.01954250293,0.019542502929140216,0.012620137995057016,-0.0008112059837312406,0.006269028680116952,0.02358192749193389,1.2405912137782253,Phase 5 - Final Stable
20.23381896,0.02359671518,-0.009342463687,0.01508651301,0.02952438772,0.02952438771303912,0.023081841418875166,-0.004226847035907378,0.011551499980532301,0.027849122973903476,1.2523931086076303,Phase 5 - Final Stable
20.24380396,0.02908313088,-0.009853359312,0.01456756052,0.03398721835,0.033987218347761985,0.031033824774866388,-0.006488093375196733,0.015260231329360581,0.032635979005891436,1.2694610415827312,Phase 5 - Final Stable
20.25378996,0.03879727796,-0.003417830449,0.01605919749,0.04212847215,0.04212847215490298,0.03549701027982464,-0.007191995844985196,0.017187982800909718,0.0361105778472935,1.2900823884460901,Phase 5 - Final Stable
20.26377596,0.04157853127,-0.005867088679,0.01860286668,0.04592672033,0.04592672033633006,0.03605943308770417,-0.006407691429294825,0.01746539407329468,0.03684030091448608,1.3121414504154931,Phase 5 - Final Stable
20.27376196,0.0352647081,-0.007830371149,0.01475619711,0.03902127244,0.0390212724402789,0.03296340276800394,-0.004533608472446686,0.016422440931630096,0.034309139056476985,1.3334757034531677,Phase 5 - Final Stable
20.28374796,0.024675522,-9.687268175e-05,0.0128821861,0.02783597473,0.027835974727032402,0.02703383903080533,-0.0021314722004670177,0.01445093278710741,0.029073540642053315,1.3522279341546715,Phase 5 - Final Stable
20.29373396,0.01483966969,0.001389171463,0.01139720716,0.01876278031,0.018762780308628928,0.019414791037835364,0.00023265806516723465,0.011901660182705056,0.0225202880880208,1.3671042074520738,Phase 5 - Final Stable
20.30371896,0.007278725505,0.003977217246,0.009053780697,0.01227880478,0.012278804783381286,0.0112127791713404,0.0021464860618469264,0.00904016600009661,0.016364559192203944,1.3774533898493708,Phase 5 - Final Stable
20.31370496,0.00365869049,0.007707773242,0.00743937213,0.01131989585,0.011319895853775703,0.003219460687025196,0.003473630622967868,0.006068737097453845,0.012119079475481092,1.3831704838035461,Phase 5 - Final Stable
20.32369096,-0.003802764695,0.003513495903,0.003899035743,0.006481369648,0.006481369647777219,-0.004174981787459954,0.004375009152269181,0.003187274900184246,0.010710981553014238,1.3844854805385594,Phase 5 - Final Stable
20.33367696,-0.01112432778,0.00235555321,0.002177036135,0.01157751207,0.011577512073632952,-0.010892873610260898,0.005192176368536502,0.0006448498046040821,0.012307267092367586,1.381763251342372,Phase 5 - Final Stable
20.34366296,-0.01578105241,0.0007785540074,-0.0005481770495,0.01580975204,0.01580975204066161,-0.016993055493844986,0.006230699904167162,-0.001259590017797523,0.01633781330980001,1.37537405547254,Phase 5 - Final Stable
20.35364896,-0.02015156671,0.006302216556,-0.005469166208,0.02181089988,0.021810899875911352,-0.022485547380267472,0.007564644850743898,-0.002244609659118659,0.021680278918729458,1.3656684526802025,Phase 5 - Final Stable
20.36363496,-0.02430792339,0.0127983056,-0.002937537152,0.02762790058,0.027627900576853118,-0.027186697882432744,0.008990284621523492,-0.002160444943163454,0.026953906184959107,1.3530466748230177,Phase 5 - Final Stable
20.37361996,-0.02905154601,0.01421111077,-0.005356485955,0.03278170125,0.03278170124741041,-0.030664516853962393,0.010148377584015064,-0.0010863108433491818,0.030859686847577728,1.3380865734083331,Phase 5 - Final Stable
20.38360596,-0.03465883434,0.01158144698,0.001868066844,0.03659035919,0.036590359190526764,-0.032317366674268704,0.010696038610970795,0.0006655679723964359,0.03250675738131949,1.321657203156536,Phase 5 - Final Stable
20.39359196,-0.03441808373,0.005055903457,0.007975494489,0.03568998683,0.035689986827622464,-0.03157734758399807,0.010382287358376945,0.002673786274687127,0.03165844345113097,1.3049666922729775,Phase 5 - Final Stable
20.40357796,-0.03113566153,0.003618333023,0.008086673915,0.03237153144,0.032371531440195965,-0.028155091822799825,0.00900548739874677,0.0046043132730780815,0.028817609540225046,1.2894669159347514,Phase 5 - Final Stable
20.41356396,-0.02290702611,0.008255962282,0.006420867052,0.02518174522,0.02518174521564158,-0.022209669609912965,0.006382575327743536,0.006345703688247777,0.025082781612115124,1.276647024556407,Phase 5 - Final Stable
20.42354996,-0.01269973908,0.01013428532,0.003468626644,0.01661380397,0.01661380397268228,-0.014370862441212365,0.002466341754573407,0.007974225317111677,0.021767734538972912,1.2677704955679205,Phase 5 - Final Stable
20.43353596,-0.005404541269,0.004171733744,0.005825524218,0.00897491845,0.008974918449415399,-0.005627485506277602,-0.0024235211777059625,0.00957618263410529,0.019883912310970208,1.2636377617765178,Phase 5 - Final Stable
20.44352096,0.002008062787,-0.005145234521,0.01064787898,0.0119951274,0.011995127394294326,0.002845481377748794,-0.007465575424810207,0.0110746287971079,0.019700870607583156,1.2644301628564556,Phase 5 - Final Stable
20.45350696,0.00892589055,-0.01632811502,0.01261488907,0.02248142096,0.022481420961881708,0.009860202102679625,-0.011495454831373963,0.012197401443662107,0.020638206542095555,1.2696533273136499,Phase 5 - Final Stable
20.46349296,0.01433887891,-0.02498727292,0.01699434593,0.03344809487,0.03344809486297711,0.014384455190837453,-0.013452775109093982,0.012606283599030915,0.021605307605860796,1.2781775363263603,Phase 5 - Final Stable
20.47347896,0.0187922176,-0.02072594874,0.01623028517,0.03234400331,0.032344003311253526,0.015727944805636888,-0.012878971536455007,0.012090327563733806,0.021619972700772292,1.2883803764215667,Phase 5 - Final Stable
20.48346496,0.01767368987,-0.005969372578,0.008869307116,0.02065568521,0.020655685205624313,0.01373630738692123,-0.010146310001579261,0.010684798879528471,0.020318591853431517,1.29839779580138,Phase 5 - Final Stable
20.49345096,0.01275083609,0.001799068414,0.004387740046,0.01360414388,0.013604143885727284,0.008922510570784765,-0.00625864320877534,0.008633074950364956,0.018039750257437422,1.3064683313427579,Phase 5 - Final Stable
20.50343696,0.003218963742,0.00110751763,0.003997124266,0.005250269067,0.0052502690665257815,0.002438529160436689,-0.0023697852723364487,0.006236882939068025,0.015483731915787056,1.3113068230379434,Phase 5 - Final Stable
20.51342196,-0.007665375713,0.00339250965,0.005464260001,0.01000626024,0.01000626023573852,-0.004165342553025629,0.000655829486857473,0.003733185951521,0.013244532488809932,1.3124010605618168,Phase 5 - Final Stable
20.52340796,-0.01345090196,-0.0006605214439,0.003455661703,0.01390340425,0.013903404256546828,-0.009345097319513307,0.002413466860309036,0.0012922964596547295,0.011549495510632024,1.3101243734149781,Phase 5 - Final Stable
20.53339396,-0.0166099444,0.0002896944061,0.001387983328,0.01667035313,0.016670353131797266,-0.011988571309314956,0.00286293504023365,-0.00089772189997649,0.010333123600236385,1.3056096339845649,Phase 5 - Final Stable
20.54337996,-0.01363351848,0.000119463075,-0.002446379978,0.01385178229,0.013851782288483648,-0.01169799036927861,0.0021216369855294797,-0.002570005156526513,0.009505474886559175,1.3004217840230567,Phase 5 - Final Stable
20.55336596,-0.00761024747,-0.0005058471579,-0.004460528493,0.008835613298,0.008835613297256833,-0.008832508918422013,0.0003076880468414791,-0.003417582579863647,0.009158193724563422,1.2961368135325535,Phase 5 - Final Stable
20.56335196,-0.002580335364,-0.0005444630515,-0.00516093988,0.005795676927,0.00579567692768775,-0.004324300508325372,-0.0024879381101729804,-0.003225327565424908,0.009546765259475594,1.2939612922152472,Phase 5 - Final Stable
20.57333796,0.003091132268,-0.005343745463,-0.004978513345,0.007930719349,0.00793071934933692,0.0006276831944818802,-0.0061195133936836656,-0.00202669983190632,0.010883191573448095,1.2944921221016321,Phase 5 - Final Stable
20.58332296,0.003598388052,-0.01047385857,-0.002499040216,0.01135320712,0.01135320712038339,0.004860155762750118,-0.010268258047442684,-0.00019964954271775264,0.013101391198952416,1.2976501050085225,Phase 5 - Final Stable
20.59330896,0.008571575396,-0.00962697342,0.0001835618168,0.01289124575,0.01289124574815351,0.0074692704863241095,-0.014355775742278715,0.0015666678339992168,0.015745129164635017,1.302765630614539,Phase 5 - Final Stable
20.60329496,0.009208032861,-0.01234350353,0.004894931801,0.01615890795,0.016158907942705143,0.007953036095314782,-0.017537095546875114,0.002462091030006441,0.01804034833700382,1.308765960705601,Phase 5 - Final Stable
20.61328096,0.008091635071,-0.0206773337,0.004583075643,0.0226722577,0.02267225770435871,0.006296286722266615,-0.01883203910351769,0.0018696783450889568,0.019145508894624887,1.3144307261502095,Phase 5 - Final Stable
20.62326646,0.004731296562,-0.02373746596,0.005981263705,0.02493246825,0.024932468246615734,0.0029962073327272996,-0.017441565030014435,-0.0002935358131943827,0.018524859929438843,1.3186772401590456,Phase 5 - Final Stable
20.63325246,-0.002120750025,-0.02244609967,0.003266170621,0.02278141439,0.022781414389576322,-0.0009969694123972985,-0.013180288426824508,-0.0033478786246535536,0.01631712524274272,1.3208375279343496,Phase 5 - Final Stable
20.64323846,-0.004674455151,-0.013147939,-0.005307876505,0.01492958083,0.014929580834663862,-0.004431535150614292,-0.0068073045040742425,-0.005872548192585988,0.01351789758708966,1.3208729032796949,Phase 5 - Final Stable
20.65322346,-0.005907499231,0.001370550133,-0.009185172617,0.01100655945,0.011006559445867656,-0.005966526618611873,-1.4928106846513904e-05,-0.006052326507786411,0.011845424006593993,1.3194867373226262,Phase 5 - Final Stable
20.66320946,-0.002791487146,0.01194142457,-0.01028078329,0.01600264123,0.016002641228972988,-0.004400151828553559,0.005008779764080695,-0.0022887649811900576,0.013299090090739093,1.3181094106133073,Phase 5 - Final Stable
20.67319546,0.001367571298,0.014846134,-0.001844953862,0.0150227095,0.01502270950108462,0.0011002730811474014,0.006290925603575076,0.006132721728987342,0.019523969869614476,1.3187537386067085,Phase 5 - Final Stable
20.68318146,0.006825263612,0.003924454562,0.01167463884,0.0140812911,0.014081291099431558,0.010751668917123876,0.0027529766505917865,0.018589031665524218,0.031121621487214583,1.3237326665557763,Phase 5 - Final Stable
20.69316746,0.01761239767,-0.0002737527248,0.03329497948,0.03766732206,0.03766732205525339,0.023903130376284453,-0.005404623122267605,0.03308275430205004,0.04710405337553336,1.3352349863717106,Phase 5 - Final Stable
20.70315346,0.0318479836,-0.01644988172,0.04733045399,0.05937225398,0.05937225398186737,0.03887024392696279,-0.016697608477984786,0.04667135519482452,0.06478000179207653,1.3547814070278499,Phase 5 - Final Stable
20.71313946,0.04896917939,-0.02523591742,0.0621291101,0.08303528395,0.08303528394590448,0.05300885878077432,-0.028675629816963758,0.056241546417295285,0.08029913796812264,1.3826543312223734,Phase 5 - Final Stable
20.72312446,0.06591350585,-0.0397159569,0.07021249831,0.1041716968,0.10417169675517624,0.063148378426672,-0.0384750409319911,0.059399457952941784,0.08980145932804326,1.4174692046634063,Phase 5 - Final Stable
20.73311046,0.0769123584,-0.05393670127,0.06372371316,0.1135138328,0.11351383280216217,0.06636503941817429,-0.04352472812300462,0.055210839276821244,0.09080746006460348,1.4561084719570703,Phase 5 - Final Stable
20.74309646,0.07366927713,-0.05131269991,0.0489301309,0.1022463362,0.10224633624145947,0.060883757084613715,-0.04226865823171877,0.04454518326229093,0.08329264316470694,1.4940998812979875,Phase 5 - Final Stable
20.75308246,0.05445989221,-0.04093196616,0.02890555561,0.07400565423,0.07400565423243691,0.0467596841072615,-0.03467466937710561,0.029881373451313364,0.06989328074682387,1.5264826331918615,Phase 5 - Final Stable
20.76306846,0.02422852628,-0.02091494948,0.006860008929,0.03273402389,0.03273402388887688,0.02602644550771742,-0.022302720673779544,0.014622868536000547,0.05498404756141675,1.5488934811309527,Phase 5 - Final Stable
20.77305446,-0.003323472571,-0.002486672718,-0.004529266153,0.006143554591,0.006143554591712055,0.002231424046685456,-0.007881968141939949,0.0021583745414814315,0.04293935153277872,1.558565781186984,Phase 5 - Final Stable
20.78304046,-0.02573583834,0.007852045819,-0.01210801955,0.02950579835,0.02950579834590943,-0.020432705341819273,0.005425734297133537,-0.005012744862721046,0.03644632843116086,1.5549471483186585,Phase 5 - Final Stable
20.79302546,-0.03998348117,0.0153528396,-0.008817950264,0.04372807676,0.04372807675982847,-0.038054436758233876,0.014802848260425237,-0.005827438388305638,0.035788662405964296,1.5398051404035569,Phase 5 - Final Stable
20.80301146,-0.0488089323,0.02323212847,-0.001189788221,0.05406902313,0.05406902312344286,-0.04773016165233134,0.018405468414118137,-0.0007669390616399514,0.03937560782828282,1.5168524190260384,Phase 5 - Final Stable
20.81299746,-0.05280819908,0.02884953469,0.009516651742,0.06092264113,0.06092264113021478,-0.048019575779179494,0.015780635157877847,0.008427171314350444,0.044967100475967,1.4910488923305794,Phase 5 - Final Stable
20.82298346,-0.04686041176,0.01474866178,0.01945980266,0.05284037409,0.05284037409201152,-0.039161019657135254,0.00800528213356362,0.019286167685068377,0.050747409684500845,1.467696807157284,Phase 5 - Final Stable
20.83296946,-0.02848087065,-0.006744379178,0.03356976062,0.04453734918,0.044537349175302006,-0.023040358562671327,-0.0025912104533220687,0.029241681837858594,0.05572801445875366,1.4514907221681677,Phase 5 - Final Stable
20.84295546,-0.001461656298,-0.02880982868,0.04497683421,0.05343274542,0.05343274542130752,-0.0028384934111966398,-0.013171023372900662,0.036220857262525906,0.0595226776464029,1.4456757065625958,Phase 5 - Final Stable
20.85294146,0.02604773268,-0.03926140442,0.04288705438,0.0637121785,0.06371217849196975,0.017670017029159223,-0.0213492338173168,0.03908343892390466,0.061918815287341916,1.4515070267471184,Phase 5 - Final Stable
20.86292646,0.04725848138,-0.02178866975,0.03710399941,0.06391257282,0.06391257281658791,0.03501768433172209,-0.025879203653916622,0.03776875970294471,0.06263696727640995,1.468166491553826,Phase 5 - Final Stable
20.87291246,0.05377630144,-0.01264736988,0.02623404376,0.06115612491,0.06115612490543259,0.046827036047619494,-0.026694693726977064,0.03310645853939555,0.061354732011949936,1.4931688014554536,Phase 5 - Final Stable
20.88289846,0.04657202959,-0.01591454819,0.02480793372,0.05511497401,0.05511497400597755,0.0521649203082767,-0.024419231328237014,0.02641643455127881,0.057853527058412,1.5230765553661856,Phase 5 - Final Stable
20.89288446,0.04595603794,-0.02477408573,0.01921183243,0.05563099183,0.055630991832058045,0.05138540361738895,-0.019842766570623668,0.019122824032440488,0.052178498540172806,1.5542883571664408,Phase 5 - Final Stable
20.90287046,0.04415810481,-0.02269059606,0.01313999388,0.0513562149,0.05135621490273081,0.04567384462872632,-0.013757775899462163,0.01252986438314927,0.04479139455373355,1.5836432061406804,Phase 5 - Final Stable
20.91285646,0.03812311217,-0.009539639577,0.01131306589,0.04089452121,0.04089452120537601,0.036608245605621,-0.007095552412297159,0.007745712840230723,0.036668515345598895,1.60877063786008,Phase 5 - Final Stable
20.92284246,0.02726251446,-0.001214821124,0.007096174173,0.02819709511,0.028197095115252174,0.025896483999427667,-0.001025731266186463,0.005643858814231251,0.029222744806100178,1.6282402052246943,Phase 5 - Final Stable
20.93282746,0.01550652273,0.0066753258,0.003807170549,0.01730626387,0.01730626387471673,0.015238524239336169,0.0032029167050434616,0.006758899155533499,0.023972506291549355,1.6415950316460504,Phase 5 - Final Stable
20.94281346,0.006535854656,0.01369273104,0.006313892081,0.01643391349,0.016433913490968937,0.006198158707286929,0.004627971357952689,0.011090513839881421,0.022047493173754203,1.649315941459024,Phase 5 - Final Stable
20.95279946,-0.0002267099917,0.01258672029,0.01274515968,0.01791412907,0.017914129070310175,2.657320821513173e-05,0.0029188258876522866,0.017897858450771083,0.023757136154628634,1.652685049374928,Phase 5 - Final Stable
20.96278546,-0.005510878284,-0.01366110519,0.0200974606,0.02491793524,0.02491793524836799,-0.0025537501898519987,-0.0015400783633071054,0.025637787493619488,0.028438438920493785,1.6535504302104838,Phase 5 - Final Stable
20.97277146,-0.009814547375,-0.02549725771,0.03116422519,0.04144447397,0.041444473969388294,-0.0015542651705464927,-0.007897772754910357,0.03218187025192716,0.034672528242691555,1.6539635682376332,Phase 5 - Final Stable
20.98275746,-0.0003642435186,0.007920626551,0.04761869088,0.04827430703,0.04827430703206669,0.002183430213796678,-0.015185181474431942,0.03534580912568784,0.04078897606966306,1.6557319085412807,Phase 5 - Final Stable
20.99274346,0.00983592961,-0.02612975053,0.03973280638,0.0485613558,0.048561355797418576,0.007121254131943163,-0.022466979018919198,0.03359984306552691,0.04542700185627414,1.6599821225560258,Phase 5 - Final Stable
21.00272846,0.01697620563,-0.02703515999,0.03468711302,0.04714114172,0.0471411417229069,0.011423148902583712,-0.0288298086824547,0.026674488288679108,0.047895762797031095,1.6668749249006478,Phase 5 - Final Stable
21.01271446,0.01869234815,-0.03742707893,0.02104586735,0.0468307447,0.04683074469947125,0.013486070580053251,-0.03347187965240262,0.01577313210178457,0.04822514088494938,1.6755892504204004,Phase 5 - Final Stable
21.02270046,0.01446861215,-0.04825465009,-0.0007361678872,0.05038247647,0.05038247647757709,0.012377474155340995,-0.035963413468657474,0.00326812008566449,0.046988219232691156,1.6845765872348137,Phase 5 - Final Stable
21.03268646,0.009238696657,-0.03445654735,-0.01571644843,0.03898222572,0.038982225724754405,0.008016137660020071,-0.036473189059742936,-0.008037247761005912,0.04503396174681032,1.691999097525036,Phase 5 - Final Stable
21.04267246,-0.00198850641,-0.03170022368,-0.02928746864,0.04320433033,0.0432043303205087,0.0010768505661884458,-0.03573937575067732,-0.01582760387828886,0.0432179406635217,1.696188749973897,Phase 5 - Final Stable
21.05265846,-0.009679980576,-0.03188877553,-0.02732791379,0.0430976902,0.04309769020339879,-0.007283897239490519,-0.034759690515193786,-0.01901826600319235,0.04218480361496497,1.6960014016840177,Phase 5 - Final Stable
21.06264446,-0.01766505092,-0.02760179155,-0.01791226864,0.03734651642,0.03734651641863498,-0.01573758864686774,-0.034386662714230985,-0.018001612916721525,0.04224270655968364,1.691003815160013,Phase 5 - Final Stable
21.07262946,-0.02120066248,-0.03661419824,-0.006629252806,0.04282539661,0.04282539661363054,-0.023010661042553376,-0.035057639768105255,-0.01428755785242961,0.0433406873304855,1.6815081012176663,Phase 5 - Final Stable
21.08261546,-0.02516443655,-0.04170248657,0.0006414987147,0.04871096154,0.048710961534350436,-0.027995229810195428,-0.03676420835110904,-0.009723618051466716,0.04514846489901593,1.668504796927947,Phase 5 - Final Stable
21.09260146,-0.02898074687,-0.04242633283,0.002653516829,0.05144821239,0.05144821238980746,-0.02980535320412766,-0.0391951381719758,-0.005684790414292302,0.04722077160951989,1.6535576818687663,Phase 5 - Final Stable
21.10258746,-0.02890161425,-0.03503397107,-0.001591393026,0.04544463628,0.045444636283642995,-0.02787554531442801,-0.04188550237344315,-0.0026105975545856214,0.049165421248343534,1.6386448058900789,Phase 5 - Final Stable
21.11257346,-0.02937192842,-0.03856505454,-0.006841815077,0.04895696114,0.04895696114272865,-0.022139500827484525,-0.044272292314307696,-5.383303947195282e-05,0.05072464636838121,1.6259249603022332,Phase 5 - Final Stable
21.12255946,-0.02117171139,-0.04582621902,-8.10585916e-05,0.05048059314,0.05048059313583526,-0.013210148453736567,-0.04574499778171497,0.0028743447672700748,0.05178381294029598,1.6174005595819834,Phase 5 - Final Stable
21.13254546,-0.0005322131328,-0.06885910034,0.006889499724,0.06920494316,0.06920494315364986,-0.0023920706738171735,-0.04583550828542365,0.006947724360438635,0.05238907112004557,1.6145254607710797,Phase 5 - Final Stable
21.14253046,0.01751937717,-0.04572373629,0.00759142451,0.04955016007,0.049550160068694116,0.008599478605282162,-0.04446862608142233,0.012396114761238744,0.052746450368134204,1.617889275792441,Phase 5 - Final Stable
21.15251646,0.02547370642,-0.02701289952,0.01051237993,0.03858907347,0.038589073467014366,0.01813446399575599,-0.04196061032502868,0.018691398865062884,0.05304845752658122,1.6271256141369812,Phase 5 - Final Stable
21.16250246,0.02366393805,-0.01869805343,0.0191380363,0.0357192329,0.03571923290785358,0.025105949978374568,-0.038633134489963514,0.024580560618441067,0.05312536582183431,1.6410840879451654,Phase 5 - Final Stable
21.17248846,0.024651438,-0.04001558945,0.03744407371,0.06009159217,0.06009159217809683,0.02907843063354518,-0.034395723709122146,0.028431016373521127,0.0522536551763472,1.658173387949045,Phase 5 - Final Stable
21.18247446,0.02583129331,-0.04342662543,0.04017919302,0.06455613884,0.06455613884088165,0.030166490115422467,-0.02878597691888831,0.028873550801762737,0.04947348894586499,1.6767103962793286,Phase 5 - Final Stable
21.19246046,0.02950885333,-0.02825033478,0.03453116119,0.0534906995,0.0534906995015329,0.028861151856946845,-0.02149193589481761,0.025501649731719558,0.044314488811216884,1.6951852459693193,Phase 5 - Final Stable
21.20244646,0.0335309878,-0.01168424636,0.0219423715,0.04174106399,0.04174106398846266,0.02598544647962643,-0.012893239218453608,0.019254588476159035,0.03741499956624124,1.7124639917809408,Phase 5 - Final Stable
21.21243146,0.02864728123,-0.006682563573,0.008404725231,0.03059350885,0.030593508853783098,0.022759063944139186,-0.0042067862321937205,0.012254550007297693,0.03060036952856443,1.7279955100565823,Phase 5 - Final Stable
21.22241746,0.02303927578,0.004546536133,0.003503695363,0.02374352755,0.02374352754904538,0.02078056895038071,0.002791514347924535,0.0071628713350085325,0.026376302626254292,1.7420395837633411,Phase 5 - Final Stable
21.23240346,0.01833320409,0.004694341682,-0.000686522224,0.01893712039,0.01893712039347591,0.021742978613994834,0.006276877412757458,0.0063271707366701745,0.02707416856747773,1.7557929779867,Phase 5 - Final Stable
21.24238946,0.0174305439,0.01539513934,0.003577114781,0.02352934181,0.023529341811965154,0.026875914250430486,0.004954926912931794,0.011016641024807799,0.033954152035650734,1.77129011534897,Phase 5 - Final Stable
21.25237546,0.02660327032,0.01375303511,0.01347715035,0.03284073002,0.03284073001643524,0.036315585312809776,-0.0014202818020778924,0.020964153739431328,0.04656022522032287,1.7909561523709543,Phase 5 - Final Stable
21.26236146,0.04162140191,-0.01867404208,0.03612283617,0.05818866073,0.05818866072976781,0.048706223881274255,-0.011786867240479644,0.0343401830554743,0.06258942277115126,1.8168673569372442,Phase 5 - Final Stable
21.27234746,0.06203053892,-0.03048143163,0.05111909658,0.08596550161,0.08596550161591199,0.06127735884189116,-0.02395053369295012,0.04816805790475376,0.07842698710124127,1.8499195714355054,Phase 5 - Final Stable
21.28233346,0.07488881052,-0.03300018981,0.05999441445,0.1014725393,0.10147253930889312,0.0704475215048101,-0.03512376561050946,0.05904436211008593,0.09025498773209847,1.8891914891164465,Phase 5 - Final Stable
21.29231846,0.07898315787,-0.03139323741,0.06634445488,0.1078214324,0.10782143235703337,0.0727816541185688,-0.0425546433657867,0.06394789006109133,0.09536110527539601,1.9317502683212262,Phase 5 - Final Stable
21.30230446,0.07373182476,-0.05680755153,0.07075428218,0.1169172713,0.11691727135064357,0.06600375928006748,-0.044101633509223866,0.06096485330450919,0.09314560744318937,1.9730420479558806,Phase 5 - Final Stable
21.31229046,0.05754246935,-0.05294277146,0.0564802736,0.09645773238,0.09645773237378297,0.04978209362697347,-0.03880301970930187,0.04981838610949653,0.08538444256780657,2.007754163300655,Phase 5 - Final Stable
21.32227646,0.03504636511,-0.03120144457,0.0391141288,0.06108758403,0.061087584028681294,0.026095120481838242,-0.027364407837862252,0.0320767605727439,0.07548139979853515,2.03104930197516,Phase 5 - Final Stable
21.33226246,0.005897001829,-0.01862919517,0.00971309375,0.02182122209,0.021821222088816882,-0.0009295352866588845,-0.012270783065292445,0.01091691717587705,0.066820119007604,2.0398369680408988,Phase 5 - Final Stable
21.34224846,-0.02412546054,0.005747200921,-0.01216272824,0.02762245685,0.02762245685911255,-0.025747097449458467,0.0026809144863697166,-0.009568134096700891,0.06094725262326749,2.0337937250483513,Phase 5 - Final Stable
21.35223446,-0.04443152994,0.01693940163,-0.03334551305,0.05807777045,0.058077770454445676,-0.042662149782975535,0.013347494142487237,-0.025365341224195245,0.05673549021861752,2.0158117063811325,Phase 5 - Final Stable
21.36221946,-0.05882656574,0.02268159762,-0.0412283577,0.07533124973,0.07533124973075438,-0.04747699136420475,0.01644834238097473,-0.033580547371632206,0.05128812266552979,1.991615670117957,Phase 5 - Final Stable
21.37220546,-0.06247802079,0.0243564602,-0.04024245217,0.07820610713,0.07820610712703065,-0.039231431827889934,0.010734967230199977,-0.03325161679457648,0.04226211111784039,1.9683986629543093,Phase 5 - Final Stable
21.38219146,-0.05559926853,0.01381874457,-0.03341705352,0.06632447382,0.06632447382769424,-0.021587050906050967,-0.002150860542470236,-0.02573820237394891,0.030360404889536893,1.9525881937009082,Phase 5 - Final Stable
21.39217746,-0.04125840962,-0.001425988041,-0.01983333379,0.04580011938,0.04580011938292671,-0.003246190845479063,-0.017409846939561855,-0.014591881929100837,0.020615952657062717,1.9470723039957458,Phase 5 - Final Stable
21.40216346,-0.02067715861,-0.01241297834,-0.01075196918,0.02640514648,0.026405146481322087,0.0032690496483457608,-0.027682315306807915,-0.004892794793967078,0.021635481374229944,1.9486671935275823,Phase 5 - Final Stable
21.41214946,-0.0008006552234,-0.02166719735,-0.003990735859,0.02204618929,0.02204618929626871,-0.015065022405242781,-0.024693812284892126,-0.0020871945533050356,0.0427562565912533,1.9468809774078366,Phase 5 - Final Stable
21.42213546,0.009010921232,-0.02436962537,0.00279551954,0.02613216929,0.026132169286570486,-0.06656725203273252,-0.0019174894048178777,-0.010410204091675519,0.08984265142978286,1.9251161438498485,Phase 5 - Final Stable
21.43212046,0.01140377112,-0.03374608234,0.006448045373,0.03619974251,0.03619974251548859,-0.14912222829857286,0.04219289679566631,-0.03112127011341777,0.16119118929909798,1.865006536112378,Phase 5 - Final Stable
21.44210646,-0.1314251274,0.01202469319,-0.01646308787,0.1329969572,0.13299695718562587,-0.24663857523835958,0.10153027743679664,-0.061093005051708185,0.24573742875098184,1.7533764955168583,Phase 5 - Final Stable
21.45209246,-0.4108405113,0.1545528173,-0.09228887409,0.4485462466,0.44854624660274717,-0.33082824266194,0.16196998918707595,-0.09259739164030537,0.32588033917254744,1.5897643931597134,Phase 5 - Final Stable
21.46207846,-0.5411055684,0.3079862893,-0.1414072663,0.6384722433,0.6384722433377269,-0.3693787355853181,0.20462729586235437,-0.11493097545746327,0.38529406412988954,1.3910390524314595,Phase 5 - Final Stable
21.47206446,-0.4948554933,0.2906880081,-0.1606062651,0.5959663159,0.595966315903595,-0.3373810004200676,0.21199906965054438,-0.11759826208308409,0.4179005922408156,1.1904391130022611,Phase 5 - Final Stable
21.48205046,-0.2590221763,0.1958053857,-0.1244851053,0.3477481536,0.3477481535908798,-0.2259736591251162,0.1740176716772151,-0.0937613679838259,0.43132546916369824,1.0308641862431058,Phase 5 - Final Stable
21.49203646,0.06727419049,0.08791381121,-0.04223231226,0.1184830077,0.11848300766936361,-0.04371960466417742,0.09101355480133222,-0.042466671910045814,0.4410839820121863,0.9552992734875504,Phase 5 - Final Stable
21.50202246,0.326474309,-0.06418248266,0.02870507538,0.3339593491,0.3339593491280042,0.18876025910808159,-0.02712521595144922,0.031079039943861915,0.45932435191963483,0.9983805388884762,Phase 5 - Final Stable
21.51200746,0.4448747039,-0.1638550162,0.1170274764,0.4883209997,0.48832099968828646,0.44606975358845447,-0.16407928124095422,0.11689851407020105,0.4870094842206249,1.1815613340414421,Phase 5 - Final Stable
